name,fold
( 8501D)KIT - WATER PUMP,train
(F15)xDrive 30d 14~(220A),train
(FRUSH)HOSE,train
(구)EF2.0 (구)27301-38001,test
"(뉴)무쏘, 뉴코란도",train
(특)라보/다마스/티코/마티즈,train
+14 HR8DC,train
+23 FGR7DQE,train
+34 WR8LC X,train
+44 FR8KTC+ MB C180~220,train
+48 FGR7DQP+ X,train
+50 FR7KPP33+ X,train
+52 FR7HPP33+,train
+54 FR6KPP33X 토스카/L6 X,test
0241140537 변경,train
0242140523 변경,train
0242240649 보쉬 플러그,train
1 Serise TDi 03~12 (1.7KW),train
118D 04~ (150A),train
118i 05~ (1.2KW),train
128i/325i/330i 05~ (180A),train
12V 10W (Excelite)(64113),train
12V 10W (Osram)(5008),train
12V 16W (Osram)(921),train
12V 21/4W (Osram)(7225),train
12V 21/5W (Osram)(7528),train
12V 21/5W (금호)(7515)T20 더블,train
12V 21W (Excelite)(64136),train
12V 21W (KHHT)(7505)T20 싱글,train
12V 21W (Osram)(7506),train
12V 21W FAGIS,train
12V 21W-Y (KHHT)황(7504),test
12V 21W-Y (Osram)황(7507),train
12V 27/7W (Osram)(3157),train
12V 27/7W-Y(3757AK/4157/3157A,train
12V 27W (Osram)(3156),test
12V 3W (Osram)(2821),train
12V 5W (Excelite)(64111),train
12V 5W (Osram)(2825),train
12V 5W (Osram)(5007),train
12V 5W (Osram)(6418),train
12V 5W (Osram)파랑(낱개판매),train
12V 6W (Excelite)(64132),train
12V 6W (FAGIS),test
130i 05~ (150A) X,train
130i 05~ (170A),train
130i 05~ (170A)X,test
13474028 올란도 앞쇼바 우 11~,train
13474029 올란도 앞쇼바 좌 11~,test
17127591096,train
18811-ITV20TT 변경,train
2004-RENAULT VEL SATIS R/DISC,train
2008,train
2012-RENAULT CLIO R/DRUM,train
2016-HYUNDAI I30 F/DISC,train
2018-2019 GENESIS G80 F/DISC,train
2018-KIA STINGER R/DISC,train
2020/2024 카니발,train
2020/2024 카니발 후 디스크,train
2024 카니발 하이브리드 전 디스크,train
206 1.1~2.0 98~ (90A),test
206 1.4HDI 01~ (1.4KW),train
206/307 2.0HDi 00~ (1.4KW),train
206CC 1.6 00~ (1.3KW),train
208 1.0/1.2 12~ (120A),test
208 1.2 12~ (12V),train
241155 / 241156 로 판매,test
24V 개조형 A/C,train
25100-22650 으로,train
25310-1R050-DW 공용,train
25380-2P200-DW 공용,test
300 2.7/3.5 07~10 (1.2KW),train
300 2.7~5.7 08~10 (160A),train
3008 1.6 10~16 (150A),test
300C 2.7~6.1 04~12 (160A),train
300C 2.7~6.1 04~12 (160A)X,train
300C 3.0 CRD 05~ (180A),train
300C 3.0 CRD 05~ (180A)X,train
300C 3.0 CRD 05~10 (1.7KW),train
300C 3.5 GAS 04~12 (1.7KW),train
300C 3.6 GAS 11~13 (180A),test
300C 5.7 GAS 11~16 (180A),train
307/308 2.0 02~ (150A),train
316D 1.6 10~ (180A),train
316i E46 02~05 (1.4KW),test
316i/318i 01~05 (150A),train
316i/318i 01~05 (150A)X,train
316~330 CDi 05~13 (2.0KW),train
318/330D 05~ (2.2KW),train
318/330D 05~ (2.2KW)X,test
320 Diesel E46 98~00 (1.6KW),train
320D 07~11 (180A),test
320D 11~ (180A),train
320d 12~ (180A),train
"320i(E36, 46, 39) 엔진코일",train
328i 2.0 12~16 (1.7KW),train
335i 05~10 (180A),test
3397014076 보쉬와아퍼,test
3397014494 보쉬와이퍼,test
34114073048,test
350 03~ (150A),train
350 03~ (150A)X,train
3A 말리브 올란도 LPG(4EA),train
3A 이리듐 플러그 SM6,train
3A 이리듐플러그 (LPG)뉴SM5임프,train
3A 이리듐플러그 K7 2.7 09~11,train
"3A 이리듐플러그 뉴SM3,뉴SM5",train
3A 이리듐플러그 올뉴말리부 1.5,train
3A 이리듐플러그 올뉴말리브2.0,train
"3A 일반플러그 SM3 1.5,XD,EF",test
3A 일반플러그 크리에이티브,train
"3A 일반플러그 티코,올뉴 마티즈",test
"3A 트랙스,아베오1.4 터보(13~",test
3A가열 렉스턴스포츠/G4 신형2.2,test
3A가열 코란도C/렉스턴W 신형2.0,train
"3A가열플러그 K3.HD,MD,쏘울",train
3A가열플러그 R엔진 올뉴시리즈,test
"3A가열플러그 봉고3,포터2,스타",train
3A가열플러그 티볼리 1.6,train
3A가열플러그 포터2 A엔진 08~12,train
3A가열플러그 포터2/봉고3 16~,train
3PK650 벨트,train
3PK660 벨트,test
3PK665 벨트,train
3PK675 벨트,train
3PK704 벨트,test
3PK760 벨트,train
3PK771 벨트(2S050),train
3PK796 벨트,train
3PK860 벨트,train
3PK865 벨트,train
3PK910 벨트,train
3~5시리즈 가솔린17~(1.7KW),train
4 BRAKE PADS F,train
"4.5,5톤 메가,구 235마력 디젤",train
407 1.6~2.2 HDi 04~ (180A),train
407 2.7 HDi 05~ (180A),test
407 2.7HDi 05~14 (2.2KW),train
4PK1000 벨트,train
4PK1015 벨트,train
4PK1020 벨트,test
4PK1045 벨트,test
4PK1060 벨트,train
4PK1065 벨트,train
4PK1080 벨트,train
4PK1082 벨트,train
4PK1105 벨트,train
4PK1115 벨트,test
4PK1210 벨트,train
4PK613 벨트,train
4PK635 벨트,train
4PK640 벨트,train
4PK643 벨트,train
4PK648 벨트(봉고3냉동차),train
4PK650 벨트,test
4PK665 벨트,train
4PK675 벨트,train
4PK718 벨트,train
4PK735 벨트,train
4PK760 벨트,test
4PK767 벨트,train
4PK770 벨트,test
4PK775 벨트,test
4PK778 벨트,train
4PK788 벨트,train
4PK809 벨트,train
4PK812 벨트,train
4PK815 벨트,test
4PK829 벨트,train
4PK832 벨트,train
4PK834 벨트,train
4PK840 벨트 sm5임프레션(소),train
4PK845 벨트,train
4PK848 벨트,train
4PK850 벨트,test
4PK855 벨트,train
4PK865 벨트,train
4PK870 벨트,train
4PK875 벨트,train
4PK885 벨트,test
4PK890 벨트,train
4PK897 벨트,train
4PK900 벨트,train
4PK910 벨트,train
4PK925 벨트,train
4PK930 벨트,train
4PK935 벨트,train
4PK940 벨트,train
4PK945 벨트,train
4PK950 벨트,test
4PK960 벨트,train
4PK964 벨트,test
4PK970 벨트,train
4PK980 벨트,train
4PK990 벨트,train
5 SERIES 23~,train
5 Series 03~ (150A),train
5 Series 03~ (150A)X,train
500 3.0 05~07 (130A),train
51218402537,test
520D 05~/530D 03~ (170A),train
520D 2.0 xDr 13~ (1.4KW),train
520d 10~ (220A),train
520d xDrive 13~ (1.8KW),train
520i 96~00 (120A),test
520~530 01~ (120A),train
520~530 01~ (120A)X,train
523i~530i 05~ (1.1KW),train
525D(E60) 04~ (2.2KW),train
525D/530D E60 04~ (2.2KW),train
525D~535D 10~ (220A),train
528i 11~ (210A) 판매중지,train
530D 03~ (1.8KW),train
532065910,train
534043210,train
535i 3.0 09~16 (210A),train
545i/550i 03~10 (1.4KW),train
545i/550i 03~10 (1.4KW)X,test
545~745 03~10 (180A),train
545~745 03~10 (180A)X,test
5PK1008 벨트,train
5PK1028 벨트,train
5PK1050 벨트,train
5PK1075 벨트,train
5PK1134 벨트,train
"5PK1210 벨트(레이,뉴엑센트1.4)",train
5PK1240 벨트,train
"5PK1257 벨트(레이,올뉴모닝)",train
5PK1260 벨트,train
5PK1275 벨트,train
5PK1320 벨트,train
5PK1340 벨트,train
5PK1393 벨트,test
5PK1393(할인판매),train
5PK1592 벨트,train
5PK1596 벨트,train
5PK1596 벨트 티볼리 가솔린,train
5PK1610 벨트,test
5PK1628 벨트,train
5PK1664 벨트,train
5PK1664 벨트(55594640),train
5PK1697 벨트,train
5PK1697(할인판매),train
5PK1801(할인판매),test
5PK1811 벨트,train
5PK1848(할인판매),train
5PK1857 벨트,train
5PK865 벨트,test
5PK870 벨트,train
5PK906 벨트,train
5PK935 벨트,test
5PK960 벨트,train
5PK970 벨트,train
6 (F12)3.0 가솔린12~(210A),train
6D22엔진 뉴파워트럭 9.5톤 용 / 경주,train
6DPK1878 벨트(더블벨트),train
6DPK2056 벨트(더블벨트),train
6DPK2070 벨트(더블벨트),train
6PK1008 벨트,train
6PK1010 벨트,test
6PK1020 벨트,train
6PK1030 벨트,train
6PK1033 벨트,train
6PK1040 벨트,train
6PK1075 벨트,train
6PK1080 벨트,train
6PK1095 벨트,test
6PK1095(할인판매),train
6PK1110 벨트,train
6PK1150 벨트,train
6PK1165 벨트,train
6PK1200 벨트,train
6PK1205 벨트,train
6PK1207 벨트(25212-04600),train
6PK1212 벨트/임프(2812215900),train
6PK1218 벨트 (QM3),train
6PK1225 벨트,train
6PK1227 벨트,train
6PK1257 벨트,train
6PK1260 벨트,train
6PK1264,train
6PK1265 벨트 (셀토스),train
"6PK1281 벨트 (i40,YF(New)",test
6PK1295 벨트,train
6PK1300 벨트,test
6PK1440 벨트,train
6PK1510 벨트,train
6PK1513 벨트,train
6PK1515(할인판매),test
6PK1550 벨트,train
6PK1557 벨트(1.6/1.8공용),train
6PK1587 벨트(67199 70292),train
6PK1590 벨트,test
6PK1605 벨트(67299 70292),train
6PK1649 벨트 (오피러스),train
6PK1692 벨트(싼타페 신),train
6PK1705 벨트(그랜져IG 3.0 GDI),train
"6PK1780 벨트(LF,K5 15~)2E300",train
6PK1835(할인판매),train
6PK1852 벨트,train
6PK1875 벨트,train
6PK1875(할인판매),train
6PK1892 벨트,train
6PK1900 벨트,train
6PK1900(할인판매),train
6PK1919 벨트(252123C312),train
6PK1980 벨트(67199 70192),train
6PK1999 벨트(672 997 01 92),train
6PK2000 벨트,train
6PK2010 벨트 G4렉스턴,train
6PK2010 벨트(4060792),test
6PK2056벨트(개선품),train
6PK2094 벨트 라세티프리미어,train
6PK2100 벨트,test
6PK2100(할인판매),train
6PK2120 벨트,test
6PK2124 벨트(25212-2G760),train
6PK2131 벨트(25212-2GA70),train
6PK2137 벨트,train
6PK2155(할인판매),train
6PK2162 벨트,test
6PK2170 벨트,train
6PK2201 벨트 YF 소나타,train
6PK2201(할인판매),train
6PK2220 벨트,test
6PK2225 벨트,train
6PK2245 벨트,train
6PK2255 벨트,train
6PK2265 벨트(렉스턴 신),train
6PK2352 벨트,train
6PK2357 벨트(G 스타렉스 LPI),train
6PK2378 벨트 봉고3 LPG,train
6PK2411 벨트 스포티지 R(신),train
6PK2413 벨트 스포티지 R,train
6PK2433 변경,train
6PK2475(할인판매),train
6PK2503 벨트,train
6PK2503 벨트(25212-2F010),train
6PK2506 벨트(25212-2F000),train
6PK2511(할인판매),train
6PK2552 벨트,train
6PK2552 벨트YF 2.0/2.4LPG,test
6PK2576 벨트(쏘렌토 R 2.4),train
6PK2581 벨트,test
6PK2584 벨트,train
6각 볼트,train
735/745 01~08 (1.8KW),test
735/745 01~08 (1.8KW)X,train
740i 08~ (230A),test
760i 6.0 13~15 (1.6KW),test
7PK1029 벨트,train
7PK1075 벨트 SM7,train
7PK1140 벨트,train
7PK1150 벨트 뉴 SM3,train
7PK1549 콘티 벨트,train
7PK1653 벨트,train
7PK1666,train
7PK1709 벨트(4A750),train
"7PK1716 벨트(봉고3,쏘렌토)",train
7PK1730 벨트,test
7PK1730(할인판매),test
7PK2037 벨트,train
7PK2206 벨트(4A810),train
7PK2208 벨트(반도벨트),train
7PK2254 벨트,test
7PK2254(할인판매),test
7PK2264 벨트,train
7PK2268 벨트(신)(개선품,train
7PK2271 그랜드스타렉스08/10~,train
7PK2284 벨트(구),train
7PK995 벨트,train
880 전구 (12V27W)(Excelite),train
880 전구 (12V27W)남영,train
881 전구 (12V27W)(Excelite),test
8PK1039 벨트(E마이티 160마력),train
"8PK1167(e마이티3.5,E카운티(신)",train
8PK1535 벨트,train
8PK1544 벨트 (메가 5톤),train
8PK1775벨트(뉴마이티3.5),test
8PK1782 벨트,test
8PK1787 벨트,train
8PK1829 벨트(E카운티 150마력),train
8PK1875 벨트,train
8PK2035 벨트,train
8PK2202 벨트,train
9-3 2.0 05~11 (120A),train
9-3 2.0i 03~ (1.4KW),train
9005 전구12V 100W(Excelite),train
9005 전구12V 65W(Excelite)HB3,train
9005/12V 100W 남영,test
9005HL+ 전구 12V/65W(Excelite),train
9005LED(NBIAS) 전구(HB3),test
9005XS 전구12V65W(HB3A),train
9006 전구 12V 55W(Excelite),train
9006 전구 12V 80W(Excelite),train
9006/12V 80W 남영,train
9006XS 전구 12V55W(HB4A),train
9007 전구 12V65/55W HB5,test
9012 전구 12V55W(Excelite),train
911 3.6 Carrera 04~ (150A),train
911 3.6 Turbo 06~ (150A),train
911 3.6 Turbo 06~ (150A)X,train
95440469 트랙스 앞쇼바 좌 13~,test
95440470 트랙스 앞쇼바 우 13~,train
96포터 T2 써머(56/82 C)오링,train
A C CONDENSER ASSY M1 09,train
A C CONDENSOR,train
A CLASS(W176),train
A-CLASS 160CDI 12~,train
A-Class (W176) 12~ (1.7KW),train
A/B CLASS 2.0 04~ (115A),train
A/C Compressor,train
A/C FILTER,train
A1,train
A1 1.6TDI 10~ (12V1.7KW),test
"A1, A3 3세대, TT Golf, Jetta, Passat, Touran, Caddy, Scirocco, Octavia, Altea, Toledo F/DISC",train
"A1, A3, TT, Polo, New Beetle, T-cross, Golf, Jetta, Passat, Touran, Caddy, Scirocco, Octavia, Altea, Toledo R/DISC",train
A140/A160 97~(12V1.0KW),test
A24(28100) 벨트(톱니),train
A24.6(34000) 벨트(톱니),test
A25(36100) 벨트(톱니),train
A25.4(29000) 벨트(톱니),train
A25.8(29100) 벨트(톱니),train
A26(28410) 벨트(톱니),train
A27 벨트(톱니),train
A29(43000) 벨트,test
A29.3(02000) 벨트,train
A3,test
A3 1.6/2.0 FSi 03~ (1.1KW),train
A3 1.6/2.0 TDI 12~ (180A),train
A3 1.9 TDI 03~ (1.7/2.0KW),test
A3 1.9/2.0 TDi 03~ (180A),test
A3 1.9/2.0 TDi 03~ (180A)X,train
A3 2.0 TDi 03~ (1.7KW),train
A3 2.0TDI 03~ (2.0KW),train
A3 2.0TDi 03~ (1.7KW)X,train
A3 Quattro 03~ (140A),train
"A3, Golf 5세대, Jetta 5세대, Touran, Caddy, Scirocco, Octavia, Altea, Toledo R/DISC",train
A30 벨트,test
A30.5 벨트,test
A31 벨트,train
A31.5벨트,train
A32 벨트,train
A32.6 벨트/ 톱니없음,train
A32.8 벨트,train
A33 벨트,train
A33.5 벨트,test
A33.7 벨트,test
A34 벨트,test
A34.4(65B32) 벨트,test
A34.7(6S718) 벨트,train
A35 벨트,train
A35.5 벨트(톱니),train
A36 벨트,train
A36.5 벨트,train
A36.5 벨트 (톱니),train
A37 벨트,train
A37 벨트 (톱니),test
A37.5 벨트,train
A37.5 벨트 (톱니),train
A38 벨트,train
A38 벨트(톱니),train
A38.5 벨트,train
A38.5 벨트 (톱니),train
A380H (380) 후방,train
A39 벨트(톱니),test
A39.5 벨트(톱니),train
A4 1.6 01~ (120A),train
A4 1.6 01~ (120A)X,train
A4 1.6/1.8 95~00 (120A),train
A4 1.6~2.0 00~ (1.2KW),train
A4 1.6~2.0 00~04 (1.1KW),train
A4 1.8/2.0 08~ (140A),train
A4 1.8~2.0 02~06 (150A),train
A4 2.0 TDI 04~ (2.0KW),test
A4 2.0 TDI 08~ (150A),train
A4 2.0 TDI 08~11 (1.7KW),train
A4 2.0 TDi 07~ (1.7KW),train
A4 2.0 TDi 08~ (140A),train
A4 2.0 TFSI 04~ (1.1KW),test
A4 2.0 TFSi 09~ (1.1KW),train
A4 2.0TDi 08~ (180A),train
A4 2.4/2.6/2.8 94~ (1.4KW),train
A4 2.4/2.8/3.0 97~02 (140A),train
A4 2.4~2.8 94~01 (1.4KW),train
A4 2.7/3.0 TDI 08~ (140A),test
A4 3.0 12~ (2.0KW),train
A4 3.0 TDI 04~ (140A),test
A4 3.0 TDI 08~14 (150A),train
A4 3.0 TDI QUATTRO 08~ (150A),train
A4 3.0 TDi 11~ (2.0KW),test
A4 3.2 08~ (1.4KW),train
A4 3.2 FSI 07~15 (150A),train
A4 3.2 FSI QUA 07~ (140A),train
A4 QUATTRO 3.2L 05~08,train
"A4, A5, A6, A7, Q5, VW F/DISC",train
"A4, A5, A6, A7, Q5, VW R/DISC",train
A40 벨트(톱니),train
A41 벨트(톱니),train
A41.5 벨트(톱니),train
A42 벨트(톱니),train
A43 벨트(톱니),train
A43.7 벨트,train
A44 벨트(톱니),train
A44.5 벨트(톱니),test
A45 벨트(톱니),train
A45.5 벨트(톱니),test
A46 벨트(톱니),test
A46.5(41712) 벨트(톱니),train
A46.9(41702) 벨트(톱니),train
A47 벨트(톱니),test
A48 벨트(톱니),train
A48.1 벨트(71C32)(톱니),train
A49 벨트(톱니),train
A5 3.0 TDi 07~ (2.2KW),train
A51 벨트(톱니),train
A56 벨트(톱니),train
A57 벨트(톱니),train
A58 벨트(톱니),train
A59 벨트(톱니),train
A6 2.0 TDI 04~11 (2.0KW),train
A6 2.0 TDI 05~ (180A),train
A6 2.0 TFSI 05~ (150A),train
A6 2.0 TFSI 05~ (150A)X,train
A6 2.0 TFSi 05~ (1.1KW),test
A6 2.0 TFSi 05~ (1.1KW)X,train
A6 2.0TDI(C7)11~19(180A),test
A6 2.4 04~ (150A),train
A6 2.4 04~ (180A),train
A6 2.4 04~07 (1.2KW),train
A6 2.4 98~05 (120A),train
A6 2.4 TDI 08~ (180A),train
A6 3.0 04~06 (1.2KW)X,train
A6 3.0 08~11 (180A),train
A6 3.0 Quat 04~06 (1.2KW),train
A6 3.0 Quattro 04~06 (1.2KW),train
A6 3.0 TDI 03~ (180A)X,train
A6 3.0 TDI 03~ (180A)판매중지,train
A6 3.0 TDi 04~ (2.0KW),test
A6 3.0 TDi 11~ (180A),test
A6 3.0 TFSI 10~ (180A),train
A6 3.0TDI 06~ (220A),train
A6 3.0TDI 10~ (220A),train
A6 4.2 98~05 (150A),train
A6 N MIRROR GLASS,train
A6 N PUSH CLIP,train
A6 QUATTRO 2.0 13~ (150A),train
A60 벨트(톱니),test
A61 벨트(톱니),train
A68 벨트(톱니),train
A8 4.2 (1.7KW),train
A8 6.0 Quat 03~ (1.7KW),train
ABSORBER,train
ABSORBER SEAL,train
ABSORBER-SHOCK,train
AC ROCAL 전유리기어 RH,train
"ACCENT,EXCEL R/DRUM",train
ACCESSORY DRIVE BELT,train
ACCORD 2.0 02~ (100A),train
ACCORD 2.0 02~ (100A)X,train
ACCORD 2.4 08~ (130A),test
ACCORD 2.4 08~15 (130A),train
ACCORD 2.4 13~14 (110A),test
ACCORD 3.0 04~07 (130A),train
ACCORD 3.0 04~07 (130A)X,train
ACCORD 3.5 08~12 (130A),test
ACCUMULATOR,train
ACURA RDX 07~09 (1.6KW),train
ACURA TSX TSX 2.4,train
ADAPTER ENGINE OIL FILTER,test
ADAPTER SEAL,train
ADAPTOR - WATER OUTLET,test
"ADDITIONAL DAMPER, FRONT",test
ADDITIONAL S,train
ADJUSTER UNIT,test
AFT 뎀퍼풀리,train
AFTER 뎀퍼풀리,train
AFTER 도어락,train
AFTER 밸브블럭,train
AFTER 본넷쇼바,train
AFTER 브레이크 호스,train
AFTER 엔진미미,train
AFTER 전/후 외캐치 RH,train
AFTER 전활대고무,train
AFTER 후 쇼바 마운트,train
AFTER 후 외캐치 LH,test
AFTER 휀아이들,train
AFTER 휠너트,train
AFTER 흡기매니폴더서브모터핀,train
AIR CHANNEL,test
"AIR CLEANER, ELEMENT",test
AIR DUCT RH,train
AIR FILTER,train
AIR FILTER M274,train
"AIR INLET FINISHER, LEFT M PDC",train
AIR INTAKE HOSE,test
AIR LINE DUCT,train
"AIRFLOW 싼타페,트라제,카렌스II",test
AIRTEX 워터펌프,train
ALMERA,train
ALT. GAMMA T-GDI OAD. 2B960. 130A. FGN14,train
ALT. NU AMS-D OAD 150A. 2E800. FGN 15,train
ALTIMA 2.5 07~15 (110A),train
ALTIMA 2.5 10~13 (110A),train
ALTIMA 2.5 13~ (110A),train
ALTIMA 2.5GAS 10~13 (110A),train
ALTIMA 3.5 07~13 (130A),train
ALTO,train
AMPS 브레이크 패드센서,train
"AMPS 브레이크 패드센서, 앞",test
ANCILLARY BELT ROLLER KIT,train
ANTI ROLL BAR,train
ARM,test
ARM ASSY-GUIDE,train
ARM ASSY-RR WDW,train
ARM FRONT WIPER,train
ARTIC DISK,train
ASA BOLT,train
ASA-Bolt,train
AUDI A1 A1 1.0 TFSi 60,train
AUDI A1 A1 1.4 TFSi,train
AUDI A1 A1 Quattro 2.0 TFSi 4WD,test
AUDI A3 A3 1.0,test
AUDI A3 A3 1.0 30 TFSi/TFSi,test
AUDI A3 A3 1.2 TFSi 77,train
AUDI A3 A3 1.8,train
AUDI A4 (B8) A4,train
AUDI A4 (B8) A4 1.8,train
AUDI A4 (B8) S4,train
AUDI A4 (B8) S4 Quattro 3.0,train
AUDI A6 (C6) A6 2.0,test
AUDI A6 (C6) A6 2.0 TDi,train
AUDI A6 (C6) A6 2.0 TDi 100,train
AUDI A6 (C6) A6 2.0 Tdi,train
AUDI A6 (C7) A6 2.0,train
AUDI A6 3.0 TDI (18~)X,train
AUDI A6/VW PASSAT F/DISC,train
AUDI A8 (D3) A8 3.0,train
AUDI BOOT,test
AUDI COOLANT INLET FLANGE,train
AUDI COVER,train
AUDI PIPE,train
AUDI Q7 Q7 Quattro 3.0 TDi 4WD,train
AUDI UNION,train
AUDI VALVE,train
AUDI WASHER,train
AUDI 호환 RADIATOR 9551064201,train
AURIS/AVENSIS,train
AVANZA,train
AVENSIS,test
Accord 2.3 98~02 (1.4KW),train
Accord 2.4 06~07 (1.6KW),train
Accord 2.4 06~07 (1.6KW)X,train
Accord 2.4 13~ (1.6KW),train
Accord 2.4 13~ (1.6KW)X,train
"Accord 2.4(03~07), Accord",train
Accord 3.0 03~07 (1.6KW),test
Accord 3.5 08~11 (1.2KW),train
Actuator,train
Aero cover p,train
Aero twin (450/450) AR450S,train
Aero twin (500/500) A922S,train
Aero twin (530/575) A697S,train
Aero twin (550/450) A696S,train
Aero twin (600/600) A935S,train
Aero twin (650/400) : 206 CC 1,train
Aero twin (650/575) A854S,train
Aero twin (650/650) A034S,train
Aero twin - HCV (600),train
Aero twin(450/475) A856S,train
Aero twin(475/500) A637S,train
Aero twin(530/530) : Passat 2.,train
Aero twin(530/530) : Smart Cab,train
Aero twin(530/530) A798S,train
Aero twin(550/450) A931S,test
Aero twin(550/530) : TT 2.0 TF,test
Aero twin(550/550) A843S,train
Aero twin(550/550) A933S,train
Aero twin(555/555) A934S,train
Aero twin(575/530) A112S,test
Aero twin(600/400) : 3 series,train
Aero twin(600/400) : LS430,test
Aero twin(600/400) A555S,train
Aero twin(600/400) A579S,train
Aero twin(600/450) : 3 cariole,train
Aero twin(600/450) : EX30d,train
Aero twin(600/450) A010S,train
Aero twin(600/475) : FX35/50,train
Aero twin(600/475) : X5 3.0d,test
Aero twin(600/475) A072S,test
Aero twin(600/475) A620S,train
Aero twin(600/475) A929S,train
Aero twin(600/475) A979S,test
Aero twin(600/475) AR608S,train
Aero twin(600/500) A297S,train
Aero twin(600/500) A970S,train
Aero twin(600/500) AR606S,train
Aero twin(600/520) A862S,train
Aero twin(600/530) : S60 2.0,train
Aero twin(600/530) A430S,train
Aero twin(600/530) A582S,test
Aero twin(600/530) A966S,train
Aero twin(600/550) A242S,test
Aero twin(600/600) A053S,train
Aero twin(600/600) A825S,train
Aero twin(600/600) A938S,train
Aero twin(625/625) A814S,train
Aero twin(650/425) : 6 series,train
Aero twin(650/450) : Smart Fo,train
Aero twin(650/450) A523S,test
Aero twin(650/450) A863S,train
Aero twin(650/475) A102S,train
Aero twin(650/475) A309S,test
Aero twin(650/500) A088S,train
Aero twin(650/500) A322S,train
Aero twin(650/500) A953S,train
Aero twin(650/530) A638S,train
Aero twin(650/575) : A140 / 16,train
Aero twin(650/575) : B200 (CDI,test
Aero twin(650/575) A967S,test
Aero twin(650/600) A215S,train
Aero twin(650/650) : 307,test
Aero twin(650/650) A948S,train
Aero twin(680/515) A586S,train
Aero twin(680/680) A946S,train
Aero twin(700/575) : Civic,train
Aero twin(700/600) : 307 CC,test
Aero twin(700/650),train
Aero twin(705/628) 359S,train
Aero twin(750/650) : S-MAX,train
Aero twn(530/475) : Golf,train
Aero twn(530/475) : Golf (v,train
Aerotwin (530/530),test
"Aerotwin (700) : Actros, Actro",test
Aerotwin (700) : G420,train
Aerotwin(800/750) CRTROEN,test
Altima 2.5 02~07 (1.4KW),train
Altima 2.5 13~ (1.4KW),train
Anti-roll ba,test
Astra1.6/Zafira1.6 02~ (120A),train
Avanza,train
A클래스W176가솔린15~(175A),train
B O-RING,train
B180/B200 05~ (1.6KW),train
B37 벨트,train
B37.5 벨트,test
B38 벨트,train
B38.2 벨트,train
B39 벨트,train
B39.5 벨트,train
B41 벨트,train
B42 벨트,train
B42.5(42100) 벨트,test
B43 벨트,train
B44 벨트,train
B44.3(1125) 벨트,train
B45 벨트,train
B45.5 벨트,train
B46 벨트,train
B46.5 벨트,train
B47 벨트,train
B48 벨트,train
B49 벨트,train
B51 벨트,train
B52.3(1330) 벨트,train
B53 벨트,train
B54 벨트,train
B55 벨트,train
B56 벨트,train
B57 벨트,train
B57.5 벨트,train
B58 벨트,train
B61 벨트,test
B61.2 벨트,train
B66 벨트,test
B72 벨트,train
BADGE REAR,test
BAFFLE,train
BALL,train
BALL JOIN KNUCKLE,train
BALL SOCKET,train
BALL SREW,train
BAPMIC 냉각수통,train
BAPMIC 냉각수호스,train
BAPMIC 상 라바호스,train
BAPMIC 서모스탯 하우징,train
BAPMIC 써모,train
BAPMIC 썸머스텟,train
BAPMIC 엔진미미,train
BAPMIC 오일필터 캡,train
BAPMIC 워터 파이프,train
BAPMIC 워터파이프,train
BAPMIC 워터호스,test
BAPMIC 유니온 실링 워셔,train
BAPMIC 플랜치,train
BAPMIC 후 와이퍼암,train
BAR LINK,test
BASIC CARRIER RAIL,train
"BATTERY CABLE, NEGATIVE",test
BBR 라디에이터 호스,train
BBR 밋션미미,train
BBR 써머스타트,train
BBR 엔진미미,train
BBR 엔진미미(우),train
BBR 엔진미미(좌),train
BBR 플레서블 조인트,train
BBT 코일,train
BEARING STRUT,train
BEARING STRUT MOUNT,train
"BEARING, RADIAL",train
BEHR 라디에이터,train
BELLOWS,train
BELT ACCESSORT DRIVE,train
BELT TENSIONER,train
BELT TIMING,train
BELT-COMPRESSOR,train
BELT-FAN,train
BELTDAMPER,train
BENZ (C180(W203))X,train
BEZEL FRONT FASCIA,train
BIHEXAGONAL NUT,test
BILB,train
BILSTEIN 뎀퍼,test
BILSTEIN 쇼바,train
BILSTEIN 쇼바 마운트 앞 좌/우,train
BILSTEIN 쇽업 쇼바 뒤,train
BILSTEIN 쇽업 쇼바 앞,train
BILSTEIN 쇽업쇼바 뒤 A6,train
BILSTEIN 쇽업쇼바 뒤 E90,train
BILSTEIN 쇽업쇼바 뒤 W204,train
BILSTEIN 쇽업쇼바 뒤 W212,train
BILSTEIN 쇽업쇼바 뒤 좌/우,test
BILSTEIN 쇽업쇼바 앞,train
BILSTEIN 쇽업쇼바 앞 1T0,train
BILSTEIN 쇽업쇼바 앞 W204,train
BILSTEIN 쇽업쇼바 앞 좌/우,train
BILSTEIN 쇽업쇼바 앞/우 G02,train
BILSTEIN 쇽업쇼바 앞/좌,train
BILSTEIN 쇽업쇼버 뒤,train
BILSTEIN 쇽업쇼버 앞,train
BILSTEIN 쇽업쇼버 앞/우,train
BILSTEIN 스프링-코일 리어,train
BILSTEIN 앞좌 쇼바,train
BILSTEIN 코일 스프링 뒤 F10,train
BIRTH 뒤로워암,train
BIRTH 마운트-프런트 스트러트,train
BLADE,test
BLADE ASY - WIPER,train
BLADE ASY - WIPER LH,train
BLADE ASY - WIPER RH,train
"BLADE, FR WIPER, LH",train
"BLADE, FR WIPER, RH",test
"BLADE, RR WIPER",train
BLADE-RR WIPER,train
BLEED LINE,train
BLEEDER VALVE,train
BLOWER MOTOR,test
BMW 1 Series (E81),train
BMW 1 Series (E81) 118d,train
BMW 1 Series (E81) 120d,train
BMW 1 Series (E81) 123d,test
BMW 1 Series (F20),train
BMW 1 Series (F20) 114d,train
BMW 1 Series (F40) 116d,train
BMW 1 Series (F40) 120d,test
BMW 2 Series (F45) 214d,train
BMW 2 Series (F45) 216d,test
BMW 3 Series (E36) 318d 1.7 TDs,test
BMW 3 Series (E46) 316i,train
"BMW 5 (F10, F11), 520d, 530d, 535d, 550d R/DISC",train
"BMW 5 (F10, F11), 520d,530d, 535d, 550d F/DISC",train
BMW 5 Series (E39) 520d,train
BMW 5 Series (E39) 535i,test
BMW 5 Series (E60) 520d,train
BMW 5 Series (F07) 520d,test
BMW 5 Series (F10),train
"BMW 520i, 525i, 530i X",train
BMW 7 Series (E65) 730d,train
BMW 7 Series (E65) 730d 3.0,test
BMW E34 연료모타 (펌프),test
BMW E39 연료모타(펌프),train
BMW E46 연료모타(펌프),test
BMW X3 Series (E83) X3,train
BMW X3 Series (E83) X3 2.0 4WD,train
BMW X3 Series (F25) X3 sDrive 18d,train
BMW X5 Series (E70),train
BMW X5 Series (E70) X5 3.0 4WD,train
BMW X5 Series (E70) X5 xDrive 30d 3.0 4WD,train
BMW 뒤패드,train
BMW 뒤패드 Z4 13~,train
BMW 앞패드,train
BMW 앞패드 X,train
BMW 앞패드 X6(F16) 14~,train
BMW 호환 RADIATOR 17117570094,train
BMW 호환 RADIATOR 17118615427,train
BMW 호환 RADIATOR 17118743667,train
BMW 호환 RADIATOR 7617639,train
BMW 호환 RADIATOR 8654431,train
BMW 호환 Radiator 17117585036,train
BMW 호환 Radiator 17117802662,train
BMW 호환 Radiator 17118592166,test
BMW 호환 Radiator 17118615454,test
BMW 호환 Radiator 17118664919,train
BMW 호환 Radiator 17118743665,train
BMW 호환 Radiator 7554668,train
BMW 호환 Radiator 7562079,train
BMW 호환 Radiator 8672104,test
BMW 호환 Radiator 8673370,train
"BMW(E53) X5 3.0i, 4.4i, 4.",test
BMW뒤패드,train
BOLT,test
BOLT - SPARE WHEEL MOUNTING,train
BOLT NONE,train
"BOLT, FLANGE",train
BOLT-HEX TORQUE,test
BOSCH 가열풀러그,test
BOSCH 가열플러그,train
BOSCH 냉각수 컨트롤 밸브,train
BOSCH 보조 배터리 12V 1.2AH,train
BOSCH 보조 워터 펌프,train
BOSCH 보조베터리,train
BOSCH 블레이드,train
BOSCH 블레이드 세트 600/530,train
BOSCH 블레이드 키트-와이퍼,train
BOSCH 센서-에어 매스,train
BOSCH 스웰 플랩 모터,train
BOSCH 에어 플로우 센서,train
BOSCH 에어매스센서,test
BOSCH 연료 탱크 환기 밸브,train
BOSCH 연료 펌프,train
BOSCH 연료 펌프 유닛,train
BOSCH 연료 필터,train
BOSCH 연료펌프,train
BOSCH 예열 플러그,train
BOSCH 예열플러그,train
BOSCH 와이퍼,train
BOSCH 와이퍼 3397014242,train
BOSCH 와이퍼 블레이드,train
BOSCH 와이퍼 블레이드 세트,test
BOSCH 와이퍼 블레이드 후방,test
BOSCH 와이퍼 세트,test
BOSCH 와이퍼블레이드 후방,train
BOSCH 인젝터,train
BOSCH 인젝터 동와샤,test
BOSCH 점화 코일,train
BOSCH 점화 플러그,train
BOSCH 플러그,train
BOSCH 환기밸브,train
BOSCH 후브러쉬,test
BOSCH 흡기 매니폴드 플랩,test
BOSCH가열플러그,test
BOSCH센서-메스 에어 플로우,train
BOTTLE COOLANT RECOVERY,train
BOWD CABLE,train
BRACKET - SHOCK ABSORBER,train
BRACKET FOR,train
BRAKE CALIPER-FR LH,test
BRAKE DISC,test
BRAKE HOSE,train
BRAKE PAD,train
BRAKE PAD SENSOR,train
BRAKE PAD SENSOR W222,train
BRAKE PADS,train
BREATHER,train
BREATHER LINE,train
BREMBO 브레이크 디스크 뒤,train
BREMBO 브레이크 디스크 앞,train
BREMBO 브레이크 패드 세트 뒤,test
BREMBO 브레이크 패드 세트 앞,train
BS 에어컨 콤프레샤,train
BS106(최신) 후드럼 (H8),train
BS106(최신) 후드럼 (H8)-방열홀 추가,train
BULB,train
BULB(STOP PARKING),train
BUMPER,test
BUMPER GUARD,train
"BUSH, BRACKET",train
"BUSH, STABILIZE",train
"BUSH, STABILIZER",test
"BUSH, STABILIZER, RR",train
BUSHING SHOCK ABSORBER,train
BUSHING-STABILIZER,train
BUTTON,train
BX212(스틸) R/DRUM (15),train
BX212(알루미늄) R/DRUM (15),test
Ballast 1Series 10~11 17,train
Ballast 23,train
Ballast 28,train
Ballast 300C 11~ 3,train
Ballast 3Series(E90/91)06~08 4,train
Ballast 3Series(E93) 11~14 5,train
Ballast 407/607/807 04~ 11,train
Ballast A4 B6 8E-00-04 24,train
Ballast A6 02~08 2,train
Ballast A6 qu. 3.0 09~12 33,train
Ballast A7 LB-31,train
Ballast AUDI A4 06~09 18,test
Ballast Accord VII 02~08 25,test
Ballast Altima 07~12 12,test
Ballast Benz (S211)03~09 16,train
Ballast Benz (W211) 15,train
Ballast Cherokee 08~10 10,train
Ballast ES350 8 정품 중고,train
Ballast FOCUS II 08-10 22,train
Ballast GOLF 09~12 1,test
Ballast HB-19,train
Ballast IS 350 16~ 13,train
Ballast Land Rover 44,train
Ballast Murano 03~10 20,train
Ballast Passat CC 08~12 9,test
Ballast Q5(8R) 2.0 Tdi 10~ 32,train
Ballast S-Class(W220) 03~06 7,train
Ballast SC 430 01~06 19,test
Ballast TT 07~14 6,train
Blower Motor,train
Brake hose r,train
C 08 HOOD SPRING L/R,train
C 250 CDi 4M(w204) 11~ (12V150,train
C CLASS 230 05~ (1.1KW),train
C CLASS(W203),train
C CLASS(W204),test
C Class 3.0 09~ (150A),train
C-CLIP RETAINER,train
C-class(W203) C180 엔진코,train
C-class(W204) 07~14 (175A),train
C/CLK 2.0 CDI 05~ (180A),train
C/CLK 2.0 CDI 05~ (180A)X,train
C/K SENSOR,test
C180 KOMP 02~07 (1.3KW),test
C180/200 CDi 11~ (150A),train
C200 2.0 CDi 07~ (180A),test
C200 AUTO CDi 03~ (200A),train
C200 CDI 01~ (200A),test
C200 CDI 01~ (200A)X,train
C200 CDI 10~ (180A),train
C200 KOMPRESSOR 00~ (1.1KW),train
C220 CDI 02~ (200A),test
C220 CDI 02~ (200A)X,test
C220 CDI 11~ (180A),train
C220 CDI 14~ (180A),train
C220 CDi 13~ (200A),train
C230 1.8 03~05 (120A),train
C230 1.8 03~05 (120A)X,train
C270/G400 (150A),train
C280 93~00 (1.7KW),train
C30 06~12 (150A),train
C30 1.6/2.0D 06~ (150A),train
C320 CDi 05~ (1.7KW),test
C4 2.0 16V 04 (150A),train
C4 Picasso2.0 HDi 09~ (150A),train
C4 Picasso2.0HDi 09~(150A),test
CABLE - DOOR LATCH,train
"CABSTAR, CARAVAN, URVAN",train
CADILLAC 호환 Radiator 84164905,train
CALIPER A DISC BRAKE,train
CAM SUB,test
CAMRY 2.5 12~14 (100A),test
CAMRY DOOR SILL COVER,train
CAMRY UNDER COVER,test
CAP AND TETEHER,train
CAP ASSY - RADIATOR,train
CAP ASSY OIL FILTER,test
CAP ASSY-FILLER,train
CAP COOLANT RECOVERY BOTTLE,test
CAP FOR RE,train
CAP FUEL FILLER,train
CAP OIL FILTER HOUSING,test
CAP SUB-ASSY RADIATOR,train
"CAP SUB-ASSY,",test
CAP-RESERVOIR,test
"CARRIER,HANDLE RH",train
CAYENNE (1.8KW),train
CENTERING DISK,test
CENTRIC 타이로드,train
CENTRIFUGAL PUMP,train
CHAMPION 예열 플러그,train
CHAMPION 점화 플러그,train
CHAMPION 플러그,train
CHANGE-OVER VALVE,train
CHARGE AIR PIPE,train
CHECK,train
"CHECK ASSY, FR DOOR,",train
CHECK ASSY- FR DOOR RH LH,test
CHECK ASSY-RR DOOR(L/R),train
CHECK FRONT DOOR,train
CHEROKEE 2.0D 14-16 (160A),test
CHEVROLET ESPERO R/DRUM,train
CHRYLSER 호환 Radiator 68143886AA,train
CHRYSLER 호환 RADIATOR 55056634AB,train
CHRYSLER 호환 RADIATOR 68050291AA,train
CHRYSLER 호환 RADIATOR K55038001AH,test
CHRYSLER 호환 RADIATOR K68143886AA,train
CHRYSLER 호환 Radiator 05175367AA,test
CHRYSLER 호환 Radiator 68273308AA,train
CIRCLIP,train
CITROEN Berlingo Berlingo,train
CITROENS XM F/DISC,test
CIVIC 1.4 08~ (0.8KW),train
CIVIC 1.8 06~ (1.2KW),train
CL55 AMG 02~ (180A),train
CLA 200 1.8 Cdi 13~ (150A),train
CLAMP B1,train
CLAMP-HOSE,train
CLC 200/220CDi 08~ (1.7KW),train
CLC 200/220CDi 08~ (1.7KW)X,train
CLEAN AIR LINE,train
CLIP CONNECTION,test
CLK 280/350 05~ (1.4KW),train
CLK200 02~09 (1.1KW),test
CLK320 02~09 (120A),train
CLK320 02~09 (120A)보쉬만적용,train
CLS 12 BUSHING,train
CLS 12 MOULDING,test
CLS 350/500 04~ (180A),train
CLS 4.7 11~ (1.4KW),train
CLS350 3.5 11~ (1.4KW),train
CLS350/500 04~ (180A),train
CLS350/500 04~ (180A)X,train
CLS400 14~ (1.8KW),train
CLS400 14~ (1.8KW)X,train
CLS500 11~ (1.6KW),train
COASTER,test
COATING COVER,test
COBALT R/Drum,test
COIL 300C 3.5 04~11,train
COIL 523~530i(E60) 05~10,train
"COIL A6(4F2,C6) 04~11",test
COIL ACCORD 3.0 03~12,train
COIL ACCORD 3.5 08~12,train
COIL ASSY - IGNITION,train
COIL C-CLASS(W204) 07~14,train
COIL C250 12~15,train
COIL CHEROKEE 3.6 10~,train
COIL CR-V 2.0 4WD 06~,train
COIL CR-V 2.4 09~,train
"COIL E-class(W210,W211)",test
COIL ESCAPE 3.0 01~08,train
COIL IGNITION,train
COIL IS250 05~13,train
COIL LS430 00~06,train
COIL Q5(8R) 08~,test
COIL RX300 00~08,train
COIL RX400h 03~08,train
COIL RX450h 08~15,test
COIL S80 06~,train
COIL SEBRING 2.4 07~10,train
COIL SPRING,train
COIL SPRING SHIM,train
COIL TAURUS 3.5 15~,train
COLLAR NUT,train
COLLER,train
COLS 후센서,train
COLUMN 후디스크,train
COLUMN 후패드,train
COMPASS2.0/2.4 07~16(140A),test
CONDENSER,train
CONN LINK,train
CONNECTION,train
CONNECTION-WATER OUTLET,train
CONTACTBUSHING,train
CONTI V-벨트,train
CONTI V-벨트 세트,train
CONTI 겉벨트,train
CONTI 겉벨트 킷,train
CONTI 벨트,train
CONTI 외벨트,train
CONTI 외부벨트,train
CONTI 타이밍벨트 킷,train
CONTI 타이밍킷(워터펌프 포함),train
CONTI 휀 아이들,train
CONTI 휀텐셔너,train
CONTI-V 벨트,test
CONTITECH 6PK1743,train
CONTITECH KIT,train
CONTITECH V 벨트,train
CONTITECH V-벨트,train
CONTITECH V-벨트 세트,train
CONTITECH 댐퍼 풀리,train
CONTITECH 벨트,train
CONTITECH 크랭크샤프트 풀리,test
CONTITECH 타이밍 벨트,train
CONTI겉벨트,test
CONTI벨트,train
CONTR.UNIT,test
CONTROL,train
CONTROL CUP,test
CONTROL VALVE,test
COOLANT COOLING SYSTEM,train
COOLANT FILLING HOSE,train
COOLANT HOSE,train
COOLANT HOSE BOTTOM,train
COOLANT INLET CONNECT,train
COOLANT INLET CONNECTION,train
COOLANT THERMOSTAT,train
COOLER,train
COOLER HOSE ENGINE,train
COOLER LINE,train
COOPER 1.4/1.6 06~09 (120A)X,train
COOPER 1.4/1.6 06~09(120A),train
COOPER 1.4/1.6 06~09(120A)X,test
COOPER D 11~ (1.5KW),train
COOPER D 2.0 11~ (150A),train
COOPER D(F55) 13~(1.7KW),train
COOPER S 1.6 02~06 (105A)X,train
COOPER(F55/F56)14~17(180A),test
COREWALL 콘덴서,train
COREWELL 라지에다,test
CORTECO 밋션리데나,train
CORTECO 베어링쇼바마운트,test
CORTECO 부싱,train
CORTECO 브레이크 호스,train
CORTECO 브레이크호스,train
CORTECO 샤프트 리데나,train
CORTECO 샤프트 씰,train
CORTECO 쇼바마운트-전방,train
CORTECO 엔진 마운트 우,train
CORTECO 엔진 마운트 좌,train
CORTECO 엔진미미,test
CORTECO 오일 드레인 플러그,train
CORTECO 젠동뎀퍼,train
COUPLPIECE,train
"COVER , L.H",train
COVER AREA,train
COVER CRANKSHAFT REAR,test
COVER FRONT BUMPER,train
COVER LEFT,train
COVER LH,train
COVER SUBSTRUCTURE,train
COVER WHEELHOUSING,train
"COVER, BOTTO",train
"COVER, BUMPER AREA",test
"COVER, CARBON BLACK",train
"COVER, ENGINE COMP.",train
"COVER, ENGINE COMP. LOWER",test
"COVER, OUTER MIRROR,",train
"COVER, RR BUMPER",train
"COVER, RR BUMPER,",train
"COVER, SPRAY",train
"COVER, TOWING EYE FRONT",test
COVER-BULB REPLACEMENT,train
CPB 로워 컨트롤 암 앞/좌,train
CPB 미션 마운트,train
CPB 벨트 텐셔너,train
CPB 쇼바 마운트 앞 좌/우,train
CPB 스테빌라이저 링크 앞 좌/우,train
CPB 스트럿암 부싱 앞 좌/우,train
CPB 엔진 마운트,train
CPB 엔진 마운트 (진공라인X),test
CPB 엔진 마운트 우,train
CPB 엔진 마운트 우측,train
CPB 엔진 마운트 좌,train
CPB 엔진미미,train
CPB 위시본 앞/우,test
CPB 위시본 앞/좌,train
CPB 컨트롤 암 부싱,train
CPB 컨트롤 암 부싱 앞 좌/우,train
CR-V 12~ (1.2KW),train
CR-V 2.4 03~08 (1.6KW),train
CR-V 2.4 07~12 (1.6KW),train
CR-V 2.4 가솔린14~ (1.6KW),train
CREW CAP FOR EXPANSION,train
CTS 3.6 08~09 (150A),train
CTS 3.6 08~16 (1.4KW),train
CUBE 05~ (0.9KW),train
CUBE 1.8 09~11 (1.0KW),test
CUBE1.8 09~11 1KW판매중지,train
CUP,train
CUREENT,test
CYL-BLOCK PLUG,train
CYL-HEAD COVER,train
CYLINDER ASY MASTER,train
CYLINDER HEAD COVER,train
CYNOS,train
Camry 2.4 07~09 (100A),train
Camry 2.5 09~11 (100A),train
Camry 2.5/3.5 10~11(1.6KW),test
Camry2.5/3.5 10~11(1.6KW),train
Carisma R/DISC,test
Cayenne 3.2 04~06 (1.7KW),train
Cayenne 3.6 09~ (180A),train
Cayenne S 07~ (2.0KW),train
Cayenne S 4.5 06~ (190A),train
Cayenne S4.5 02~ (1.7KW),train
"Charade, Vitz",train
Citroen Jumper 2.2HDI 06~ (12V,train
Civic 1.7 01~06 (1.4KW),test
Civic 1.8 06~11 (80A),train
Civic 1.8 gas 12~ (95A),train
Civic 2.4 12~13 (120A),train
Commodore2004,test
Compass 2.0 CRD 06~ (150A),train
Control Unit,train
Coolant Flange,test
Coolant pump,train
Coolant retu,train
Cooper 04~ (100A),test
Cooper 06~ (0.9KW),train
Cooper 1.6 06~ (1.7KW),train
Cooper D 10~ (1.4KW),train
Cover latera,train
"Cover, botto",train
"Cover, wheel",train
Crankshaft Position Sensor,train
Cube 1.8 10~14 (110A),train
D-Max R/DRUM,train
DAE.NOVUS EURO4 F/DRUM (15) (H10) 11톤카고,train
DAEWOO 25T NEW DRUM (15),test
DAMAS R/Drum,train
DAMPER PULLEY,test
DAMPER-VIBRATION,train
DASHPOT,train
DECKEL ABDECKUNG UNTEN,train
DEFLECTION PULLEY,train
DEFLECTOR UNDER FRONT FLOOR,train
DEFLECTOR UNDER REAR FLOOR,train
DELPHI 점화 코일,train
DENSO 후브러쉬,train
DIRECTIONAL CTRL. VALVE,train
DISC FRT BRAKE,train
DISCOVERY 2.7TD 09~ (150A),train
DISPLAC LINITER,test
DLZ 로워암 볼조인트,test
DLZ 전 활대링크,train
DLZ 전활대링크,train
DLZ 타이로드,train
DLZ 후 액슬로드,train
DLZ 후 활대링크 LH,train
DLZ 후 활대링크 RH,train
DN8 쏘나타 후쇼바,train
DOOR CHECKSTRAP,train
DOOR GASKET,test
DOOR LOCK,test
DOOR LOCK RIGHT,train
DOOR REAR RH,train
DOOR SILL CO,train
DOOR STOP,train
DOOR WEATHER,train
DOUBLE RIB,test
DR LOCK,train
DRIVE BELT CC7,train
DRIVER KIT,test
DSG T M FILTER,train
DTS 4.6 06~10 (150A),train
DUCT AIR INLET,train
DUCT CLEAN AIR,train
DUST PROTECTION COLLAR,train
DYNAMIC TENSIONER ROLLER,train
Defender 2.5D 99~04 (120A),train
"Demio, Prot g",train
Discovery 2.7TD 04~09 (150A)X,train
Discovery 3.0 13~ (180A),test
Discovery 3.0TDi 09~ (150A),train
Discovery 3.0TDi 09~(150A),train
Discovery 4.0 04~09 (150A),train
Discovery 4.0 04~09 (150A)X,test
Discovery 4.4 04~09 (150A),test
Discovery 5.0 09~ (150A),train
Discovery2.7/3.0 10~(150A),train
Discovery2.7TD 04~09(150A),test
Drainplug,train
Drive Belt Idler Pulley ...,train
E 10 MOULDING,train
E CLASS 05~08 (180A),train
E CLASS 09~ (1.6KW),train
E CLASS 320 02~ (150A),train
E CLASS E300 09~ (1.4KW),train
E CLASS(W211),train
E CLASS(W212),test
E FR SUSP STOP,test
E-Class(W213) 16~(250A),test
E-Series / C-Series F/DISC,train
E-Series / CLS-Series R/DISC,train
"E-class(W210,W211)엔진코일",train
E-마이티 3.5톤 드럼 (H6),train
E-마이티 A/C 컨덴셔(동환),train
E-마이티 A/C 컨덴셔(만도) 구형,train
E-마이티 센서,train
E-마이티 써머스타트(70/82 C),train
E-마이티 아이들(게이츠),train
E-마이티 오토 텐셔너(게이츠),train
E-마이티(150~160마력)(동환),train
E-카운티,train
E-카운티 전 디스크,train
"E-카운티/마이티 유로6,마이티 15년식 F-ENG F/DISC",train
E10 MIRROR GLASS,train
E200 09~ (150A),train
E200 CDI 06~ (200A),train
E200 CDi 06~ (200A),train
E200 Komp 02~ (150A),train
E200 Komp 02~ (150A)X,test
E200D 97~ (2.2KW),test
E220 CDI 09~ (1.8KW),train
E250 CDI 09~ (180A),test
E290 TDI 96~99 (90A),train
E300 CDI 11~ (220A),train
E350 4-Matic 05~ (220A),train
E350 4-Matic 05~ (220A)X,test
E350 CDI 3.0 09~13 (220A),train
E60 NOZZLE COVER,train
E70 NOZZLE COVER,train
E70 RIVET,test
E70 WHEELARCH FRONT,train
E71 WHEEL ARCH REAR,test
E90 NUT,train
ECCENT-BOLT,train
ECCENTRIC,test
ECHO/YARIS,train
EF (구) 후쇼바(GAS) 대영,train
EF 2.0 DOHC SET,train
"EF DO,트라제,싼타페 텐션베어링",test
EF 소나타 (MT) -(삼성),train
EF 써머가스켓트(오링),train
EF 써머스타트(54/82 C),train
EF 쏘나타 (자가용) 대 DO,train
EF 쏘나타 LPG (영업용) 대 SO,test
EF 쏘나타(자가용)/LPG(소) SODO,train
EF 오토텐셔너 (수입산),train
EF 파워텐션(볼트 )영업용,train
EF 파워텐션(볼트 )자가용,train
"EF베타,세라토(06년9월이후)",train
EF소나타 (4P) A/C,train
EF소나타 (A/T),train
EF소나타 구형 A/C,train
EF소나타 신형 A/C,train
EF소나타 타이밍벨트 KIT,train
EF소나타(4P) A/C,train
"EF소나타,XG그랜져 2.0(AT)삼성",train
"EF소나타,트라제XG(2P) A/C",train
EG 5톤 KK 225마력(삼성),train
EG 파워트럭 A/C 컨덴셔,train
EG 현대 8.5톤(MAIN) A/C 컨덴셔,train
EGR VACUUM CELL,test
"EGR VALVE, EXCH",test
EGR Valve,train
ELANTRA 96+/ELANTRA 01+ R/DISC,train
ELECTRICA WIRING HARNESS,train
ELRING 가스켓 흡기 다기관,test
ELRING 가스켓-로커 커버,train
ELRING 가스켓-매니폴트,train
ELRING 냉각수 파이프 씰,test
ELRING 노즐 홀더 씰링,train
ELRING 드레인 볼트 와샤 포함,test
ELRING 배기 파이프 가스켓,train
ELRING 밸브 가스켓 세트,train
ELRING 밸브 커버 가스켓,train
ELRING 밸브 커버 가스켓 세트,train
ELRING 밸브 커버 가스켓 키트,train
ELRING 밸브커버 가스켓,test
ELRING 벨브커버 가스켓,train
ELRING 샤프트 씰,train
ELRING 실린더 헤드 커버 N52,test
ELRING 실린더 헤드 커버 N54,train
ELRING 실린더 헤드 커버 N55,train
ELRING 실린더 헤드 커버 가스켓,train
ELRING 실린더헤드커버가스켓 우,test
ELRING 실린더헤드커버가스켓 좌,train
ELRING 써모하우징 가스켓,train
ELRING 씰-실린더헤드 커버,train
ELRING 오일 드레인 플러그,train
ELRING 오일 쿨러 가스켓,train
ELRING 오일 쿨러 가스켓 세트,train
ELRING 오일 팬 플러그,train
ELRING 오일 필터 하우징 가스켓,train
ELRING 오일 하우징 씰,train
ELRING 오일코크씰,train
ELRING 오일쿨러 가스켓,train
ELRING 오일쿨러 가스켓 세트,test
ELRING 오일쿨러 씰,train
ELRING 오일필터 하우징 가스켓,train
ELRING 오일필터하우징 가스켓,test
ELRING 워터펌프 가스켓,train
ELRING 인젝터 동와셔,train
ELRING 인젝터 리페어 KIT,train
ELRING 인테이크 가스켓,train
ELRING 인테이크 세트,train
ELRING 전 크랑크 리데나,train
ELRING 크랑크샤프트 씰,train
ELRING 크랭크 샤프트 씰,train
ELRING 프로필 가스켓,train
ELRING 헤드 커버 가스켓,train
ELRING 흡기 가스켓,train
ELRING 흡기 매니폴드 가스켓,train
ELRING 흡기 매니폴드 실 KIT,train
ELRING 흡기 매니홀드 가스켓,train
ELRING 흡기가스켓,train
ELRING 흡기매니폴더가스켓,train
ELRING 흡기매니폴드가스켓,test
END - SPINDLE ROD,train
END - SPINDLE ROD RH,train
ENG. MOUNTI,train
ENGINE COMP LOWER COVER,train
ENGINE MO NONE,train
ENGINE MOUNT,train
ENGINE OIL FILTER CAP,test
EPPSX24W (PHILILPS),train
EQ900 F/DISC 3.3 Lambda,train
EQ900 F/DISC 5.0 Tau,train
EQ900 R/DISC,train
"EQ900, K9, G90 2018~ 4륜 후 디스크",train
EQUINOX F/Disc,train
EQUINOX R/Disc,train
ES300 01~03 (80A),train
ES300 01~06 (100A),train
ES300(97~01),train
ES330/RX330 01~08 (100A),train
ES330/RX330 01~08 (100A)X,test
ES350 06~12 (130A),test
ES350 09 DOOR HANDLE COVER,test
ESCAPE 1.6 14~16(175A),test
ESCAPE 2.3 05~07 (130A),train
ESCAPE 3.0 01~04 (110A),train
ESCAPE2.3/2.5 03~12(1.4KW),train
EXPANDING NUT,train
EXPANSION RESERVOIR,train
EXPANSION TANK,train
EXPANSION TANK VENT HOSE,train
"EXPANSION TANK, COOLANT",train
EXPANSION VALVE,train
EXPENSOIN RESORBER,test
EXPLORER 4.0 04~09 (115A),train
Edge 3.5 07~10 (150A),train
Electric exp,train
End Cover with O-ring,train
Engine protection panel,train
Escape 3.0 01~03 (110A),train
Escape 3.0 01~03 (110A)X,train
Escape 3.0 05~07 (130A),train
Exora CPS F/DISC,train
Expansion tank,train
Express 5.0~ 00~02(1.7KW),test
E마이티,train
"E마이티 2.5 Narrow 08EM(2010~),마이티 2.5(4X2) 카고저상 특장(2015~),마이티 2.5(2015~Euro6) 카고저상 후드럼",train
E마이티 신형 (만도타입),test
E마이티(04년) 용 / 경주,train
"E마이티, 메가트럭 용 / 경주",train
E카운티 2010~/E마이티 narrow 특장08em 2010~ 전 디스크,train
F02 TIE ROD,train
F10 AIR FILTER(DIESEL),train
F10 COLLAR NUT,train
F10 DOOR SILL COVER,train
F10 GAS SRING L/R,test
F10 HOLDER,train
F10 LCI SHOCK ABSORBER 4WD,train
F10 LCI STRUT 4WD,train
F10 LCI WISHBONE 4WD,train
F10 REAR COIL SPRING,train
F10 WHEEL LINER FR,train
F15 SPRING STRUT VDC,test
F30 DOOR HANDLE,train
F30 DOOR SILL COVER,train
F30 LINER,train
F30 LINER COVER,test
F30 MIRROR COVER,train
F30 UNDER COVER,train
F55 WHEEL ARCH REAR,train
F56 ENGINE MOUNT,train
F56 SPOILER,train
F56 WHEEL GUIDE FRONT,test
FACET 써모,train
FACET 썸머스텟 하우징,train
FACET 에어플로우센서,train
FACET 전 휠스피드센서 RH,train
FACET 후휠스피드센서LH,train
FAG 휠 베어링 킷트,train
FAG 휠 베어링 킷트 앞,train
FAN ASSY,train
FASTENER,train
FEBI 휠볼트,train
FEED PIPE,train
FELPRO 로커암 커버 가스켓 셋트,train
FELPRO 워터자켓 오링,train
FENDER CLIP,train
FERODO 브레이크 패드 세트 뒤,train
FGR7KQE0,train
FIAT 호환 Radiator K55111352AA,test
FILTER,test
FILTER - ENGINE OIL,train
FILTER - FUEL - PRIMARY,train
FILTER ASSY-OIL,train
FILTER ELEMENT,train
FILTER ENGINE OIL [ED3],test
"FILTER, HV BATTERY",train
"FILTER,A TRNS FLUID",train
FINISHER - PILLAR,train
FLAGE WITH SEALING RING,train
FLAMME 스파크 플러그,train
FLANGE,train
FLANGE-MOUNTING,train
FLUENCE,train
FLUID CONTAINER,test
FOCUS 2.0 08~ (150A),train
FOGLAMP COVER FINISHER,test
FORD MONDEO F/DISC,train
FORD TRANSIT R/DISC,train
FORD 호환 RADIATOR BB5Z8005D,train
FORD 호환 RADIATOR CV6Z8005B,train
FORD 호환 RADIATOR EB5Z8005B,test
FORD 호환 RADIATOR G3GZ8005B,train
FORD 호환 Radiator 3L2Z8005AA,train
FORD 호환 Radiator 8L8Z8005A,test
FORD 호환 Radiator DG1Z8005F,train
FORTE R/DRUM,train
FQ5NPP332S (8160),test
FQG허브베어링,train
FR BRAKE PAD,train
FR BUMPER GRILL RH,train
FR BUMPER M D LH,train
FR BUMPER MOULDING RH,train
FR BUSHING,train
FR DOOR BELT MOULDING LH,train
FR HUB ASSY,train
FR HUB ASSY M113,train
FR MOUNT LEMFORDER,train
"FR MOUNTING E,B,LE13",train
FR WHEEL LINER LH,train
FR5NI332S,train
FR6HI332,train
FR6KI332S,test
FR78NX (NF소나타트랜스폼2.0 &,train
FR7DE2,train
FR7DII33X (9607),test
FR7DP (4028),train
FR7DPP332,test
FR7KI332S MB C180~350(W202/W20,train
FR7KTC MB C200/230 Kompre,train
FR7NI33(TG2.7LPI백금/G 카니발),train
FR7NII35S(제네시스2.0터보)백금,train
FR8DII33X(PCS) (FGR8DQI 공용),train
FR8DPX,train
FR8SPP332(더블백금 이리듐),test
FR91X (구형 대우차종),train
FRAME,test
FREELANDER3.2 06~14(1.1KW),train
FREY 가스켓,train
FREY 냉각수 보조탱크,train
FREY 냉각수파이프,train
FREY 냉각수호스,test
FREY 댐퍼풀리,train
FREY 댐퍼플리,train
FREY 뎀퍼 풀리,train
FREY 뎀퍼풀리,train
FREY 등속 RH,train
FREY 라바호스상,train
FREY 라지에다 상호스,train
FREY 라지에다 하 호스,train
FREY 라지에다 하호스,test
FREY 라지에다 호스,test
FREY 라지에다 휀,train
FREY 로워암 RH,train
FREY 로워암 볼,train
FREY 로커암 커버 가스켓,train
FREY 로커암 커버 어쎔블리,train
FREY 로커암커버,train
FREY 미션미미,train
FREY 밋션리데나,train
FREY 밋션마운트,test
FREY 보조물통,train
FREY 보조물통 캡,train
FREY 보조탱크,test
FREY 보조통,train
FREY 본넷 쇼바 LH,train
FREY 본넷 쇼바 RH,train
FREY 본넷쇼바,train
FREY 볼테이지컨버터,train
FREY 부동액통,test
FREY 상 라바호스,train
FREY 상라바호스,train
FREY 쇼바마운트 베어링,train
FREY 스트럿 RH,train
FREY 실린더헤드커버,train
FREY 써모스탯하우징,train
FREY 썸머스타트,train
FREY 썸머스텟,train
FREY 썸머스텟하우징,train
FREY 썸머하우징,test
FREY 에어인테이크 호스 LH,train
FREY 엔진마운트,train
FREY 엔진미미 LH,train
FREY 엔진미미 RH,train
FREY 연료주유구 캡,train
FREY 연료탱크 브리더밸브,train
FREY 오링,train
FREY 오일 세퍼레이터 호스,train
FREY 오일쿨러 가스켓,train
FREY 오일쿨러 가스켓 세트,train
FREY 오일쿨러커넥터,train
FREY 오일필터하우징,train
FREY 오일필터하우징가스켓,test
FREY 워셔펌프,train
FREY 워터 호스,train
FREY 워터커넥터,train
FREY 워터펌프,train
FREY 워터펌프 호스,test
FREY 워터펌프아이들,test
FREY 워터호스,train
FREY 인터쿨러호스,train
FREY 인테이크 호스 LH,train
FREY 인테이크 호스 RH,test
FREY 인테이크매니폴더어저스터,train
FREY 잠바 카바,train
FREY 잠바가스켓,train
FREY 전 / 후 허브베어링,train
FREY 전 ABS센서,train
FREY 전 브레이크호스 LH,train
FREY 전 브레이크호스 RH,train
FREY 전 쇼바 마운트,train
FREY 전 휠스피드센서,train
FREY 전등속 LH,test
FREY 전로워암 LH,train
FREY 전로워암 RH,train
FREY 전쇼바 마운트,train
FREY 전허브베어링,train
FREY 전활대링크 LH,train
FREY 전활대링크 RH,train
FREY 캠축 컨트롤 밸브,train
FREY 크랑크각 센서,train
FREY 타이로드,train
FREY 타이로드대+엔도 RH,train
FREY 터보 리턴라인,train
FREY 터보 파이프,test
FREY 텐셔너,train
FREY 통풍구 커버,train
FREY 트렁크락,train
FREY 트렁크쇼바 LH,train
FREY 트렁크쇼바 RH,train
FREY 파이프,train
FREY 프로펠라 샤프트,test
FREY 플렉시볼 조인트,test
FREY 플렉시볼조인트,train
FREY 호스,train
FREY 환기호스,train
FREY 활대고무,train
FREY 후쇼바,test
FREY 후에어스프링,train
FREY 후활대링크,train
FREY 휀 아이들,test
FREY 휀 텐셔너,train
FREY 휀아이들,train
FREY 휀텐셔너,train
FREY 휠 볼트,train
FREY 히터밸브,train
FREY 히터벨브,train
FREY 히터저항,train
FREY아이들,train
FREY텐셔너,test
FRICTION WHEEL,train
FRONT COIL SPRING,train
FRONT DOOR RH,train
FRONT LICENSE PLATE MOULDING,train
FRONT SHOBA,train
FRONT SHOCK ABSORBER,train
FRONT SPRING,train
FRONT WHEEL ARCH,test
FRT SIDE MLDG LH,train
FT LWR CNTL ARM BOLT,test
FT SHOCK-ABSORB,train
FUEL CAP,test
FUEL FEED PIPE,test
FUEL FILTER CARTRIDGE,test
FUEL HOSE,test
FUEL LINE,train
FUEL OVER FLOW LINE,test
FUEL PUMP,train
FUEL RETURN LINE,train
FUEL TANK BREATHER B46,train
FUEL TANK BREATHER VALVE,test
FUEL TANK DEFLECTOR,train
FX35 03~08 (1.4KW),train
FX35~QX70 5.0 09~15 (150A),test
FYJ 뎀퍼풀리,train
FYJ 로커암 커버 가스켓,train
FYJ 로커암 커버 가스켓 셋트,train
FYJ 에어 매스 센서,train
FYJ 엔진미미,test
FYJ 엔진미미 RH,train
FYJ 전 쇼바 마운트,train
FYJ 전쇼바 RH,test
FYJ 전활대링크,train
FYJ 타이밍 오토텐셔너,train
FYJ 휀 아이들,train
FYJ 휀 텐셔너,test
FYJ 휀텐셔너,train
FYJ아이들,train
FYJ텐셔너,train
Filter,train
Filter cartr,train
Filtered air pipe,test
Foam Bump Stop,test
Focus C-Max 1.8(12V1.2KW),train
Ford Focus 10/2003- 300mm Vented Front,train
Ford Volvo Landrover 02/2006- 316mm Vented Front,train
Freelander2.0 TD4 01~06 (150A),train
Freelander2.5 02~05(2.0KW),test
Fuel Filter,train
G CHEROKEE 01~05 (2.0KW),test
G CHEROKEE4.0 01~03(132A),train
G CHEROKEE4.7 99~05(136A),train
G Cherokee 2.7CRD 01~ (120A),train
G Cherokee 2.7D 01~(120A),test
G Cherokee 3.0 05~(2.2KW),train
G Cherokee 3.0 CRD 11~ (1.7KW),train
G Cherokee 3.0 CRD 11~(180A),train
G Cherokee 3.0 CRD 11~(220A),train
G Cherokee 3.0 CRD 11~(220A)X,train
G Cherokee 3.0CRD 05~(2.2KW),train
G Cherokee 3.0D 05~(2.2KW),train
G Cherokee 3.0D 11~(1.7KW),train
G Cherokee 3.6 11~13 (220A),train
G Cherokee 3.6 13~ (1.3KW),train
G Cherokee 4.7 01~03(136A),test
G Cherokee3.6 11~12(1.5KW),train
G Cherokee3.6 11~13 (220A),train
G12 LCI GUIDE LOWER LH M TEC,train
G14 전구 12V/10W 실내등(르노),train
G30 LINK L/R,train
G35 04~06 (1.4KW),train
G35 04~06 (1.4KW)X,train
G35 07~09 (110A),train
G35 07~09 (130A),train
G37 08~11 (1.4KW),test
G4 렉스턴 A/C 콘덴샤,test
G4 렉스턴 전디스크(2WD.4WD),train
G4 렉스턴 후디스크,train
"G70(2021~),스팅어 18인치 전디스크",train
G70(2021~)/ 스팅어 18인치 후디스크,test
G80 F/DISC,train
G80 R/DISC,train
G80(2020~) 2.2 디젤 전디스크,train
"G80(2020~) 2.5 가솔린, G60전기차, G70 전디스크",test
"G80(2020~) 2.5 가솔린/2.2 디젤, G60 전기차, G70 후디스크",train
"G80(2020~)3.5 가솔린, G70 후디스크",train
"G90, G70(2017~), 스팅어/ 18인치(브램보) 전디스크",train
"G90, G70(2017~,2021~),스팅어/ 17인치 전디스크",test
"G90, G70(2017~2021~), 스팅어/ 3.3 18인치 후디스크",test
GAS PRESSURE STRUT,train
GASFILSTRU,train
GASKET - THERMOSTAT,train
GASKET CYLINDER,test
GASKET CYLINDER HEAD,train
GASKET CYLINDER HEAD COVER,test
GASKET IGNITION COIL,train
GASKET INTAKE MANIFOLD,test
GASKET SET,train
GASKET SET-CYLINDER HEAD COVER,test
GASKET VALVE COVER LEFT,train
GASKET VALVE COVER RIGHT,train
GASKET WATER INLET,train
GASKET WATER PUMP TO,test
"GASKET, CYLINDE",train
"GASKET, CYLINDER",train
"GASKET, CYLINDER HEAD",train
"GASKET, WATER I",train
GASKET-ROCKER,test
GASKET-ROCKER ARM COVER LH,train
GASKET-ROCKER ARM COVER RH,test
GASKET-ROCKER C,train
GASKET-ROCKER(LH),train
GASKET-ROCKER(RH),train
GASKET-TURBO,train
GASKET-VALVE COVER,train
GATES 냉각수 호스,train
GATES 썸머스텟 가스켓,test
GATES 워터펌프,train
GATES 타이밍벨트,train
GATES 텐셔너,train
GATES 호스,train
GK 워터펌프,train
GK 펌프 어셈블리-엔진 워터,train
GK 펌프 키트-워터,train
GK 펌프-워터,test
GK워터펌프,train
GL320 3.0 Cdi 06~ (180A),test
GL500 05~ (1.4KW),train
GLASS-DOOR MIRROR,train
GLK 320 CDI 4-M 08~ (180A),train
GLOW PLUG,train
GM 뒤패드,train
GM 앞/뒤패드,test
GM 앞패드,test
GM 호환 RADIATOR 25964054,train
GM 호환 Radiator 20939136,train
GOLF 1.2 TSI 12~ (1.2KW),train
GOLF 1.8 TDI 05~ (2.3KW),test
GOLF 1.8/2.0 99-06(90A),train
GOLF 2.0 FSi 04~ (1.1KW),train
GOLF 2.0 TDI 08~ (2.0KW),train
GOLF 6 MIRROR GLASS RH,test
GOLF 7 CAP,train
GRAF 워터펌프,train
GRAND VITARA,train
GRIP-OUTSIDE LH,train
GRIP-OUTSIDE RH,train
GROMMET,test
GS300 06~ (1.7KW)판매중지,train
GS300 06~ (130A),train
GS300 06~ (130A)X,train
GS300 06~ (150A),train
GS300 98~05 (1.4KW),train
GS300 98~05 (1.4KW)X,test
"GS300(97~00), GS400",train
GS430 04~06 (130A),train
GS430 04~06 (130A)X,train
GS430 05~11 (2.0KW),train
GSKT-INT MANIF,train
"GUARD, RR BUMPER,",train
GUIDE SUPP.,train
GUMMILAGER,train
"GV80 2020 2.5 G, 3.0 D 전디스크19인치 4륜공용",test
"GV80 2020, G80전기차, G60전기차 후디스크19인치 4륜공용",train
Gen 2 F/DISC,train
Ghibli 3.0 좌우합본,test
Golf 1.4TSi 05~ (140A),train
Golf 1.6 TDi 09~ (1.7KW),train
Golf 2.0 FSi 04~ (1.1KW),train
Golf 2.0 TDI 08~ (2.0KW),train
Golf V 2.0FSI 04~ (1.1KW)X,test
Guide support 3xM10,train
H1 전구 12V 100W(Excelite),train
H1 전구 12V 55W(Excelite),train
H1 전구 24V 70W(Excelite),train
H1/ 12V 55W 남영(20EA),train
H1/ 12V 70(85) 남영(20EA),train
H1/ 24V 70W 남영(20EA),train
H10 전구 12V 45W(Excelite),test
H11 전구 12V 55W(Excelite),train
H11 전구 24V 70W(Excelite),train
H11/ 12V 55W 남영,test
H11B 전구 12V 55W(Excelite),train
H12 전구 12V 53W(Excelite),train
H13 전구 12V 60/55W(Excelite),train
H15 전구 12V 15/ 55W(Excelite),train
H16 전구 12V 19W(Excelite),train
H19 LED 전구(Bravio)올뉴클래식,test
H19 전구 12V 60/55W(스타리아),train
H3 전구 12V 100W(Excelite),train
H3 전구 12V 55W(Excelite),train
H3 전구 24V 55W(Excelite)LL,train
H3 전구 24V 70W(Excelite),test
H3/ 12V 70(85)W 남영(20EA),train
H3/ 24V 55W 남영(20EA),train
H3/ 24V 70W 남영(20EA),train
H4 LED (NBIAS) 전구 엔바이어스,train
H4 전구 12V 100/ 90W(Excelite),train
H4 전구 12V 60/ 55W(Excelite),train
H4 전구 12V 60/55W(라이닉스),train
H4 전구 24V 100/ 90W(Excelite),test
H4 전구 24V 75/ 70W(Excelite),train
H4 칼라전구 12V 60/55W,train
H4/ 12V 100/90W 남영,test
H4/ 12V 60/55W 남영,train
H4/ 24V 100/90W 남영,train
H4/ 24V 75/70W 남영,train
H4:12V 55W Plus 90 (3300K),train
H7 전구 12V 100W(Excelite),train
H7 전구 12V 55W (라이닉스)수입,train
H7 전구 12V 55W (롱라이퍼),train
H7 전구 12V 55W(Excelite),train
H7 전구 24V 70W(Excelite),test
H7 칼라전구 12V 55W,train
H7/ 24V 70W 남영,test
H7LED(NBIAS) 전구 엔바이어스,test
H8 전구 12V 35W(Excelite),train
H8B 전구 12V 35W(Excelite),train
H8B 전구 12V 35W(수입),test
H9 전구 12V 65W(Excelite,train
H9/ 12V 65W 남영,test
HANDLE ASSY REAT INSIDE LH,train
HANDLE-DOOR RH,train
HARDBOY/PATHFINDER/PICK UP,train
HARNESS,train
HCMAITI 라지에다,test
HCMAITI 베터리 BLACK-AGM,train
HCMAITI 보조워터펌프,train
HCMAITI 비상호출배터리,train
HCMAITI 사이드미러 거울 RH,train
HCMAITI 쇼바컴프레서,test
HCMAITI 써모,train
HCMAITI 오일쿨러 가스켓,train
HCMAITI 워셔펌프,train
HCMAITI 워터펌프,train
HCMAITI 전 활대 부싱,train
HCMAITI 코일스프링,train
HCMAITI 트렁크쇼바 RH,train
HCMAITI 플렉시볼 조인트,train
HCMAITI 활대부싱,test
HCMAITI 후유리기아 LH,train
HCMAITI 히터밸브,test
"HD(신),포르테",train
HD시가코일(구)27301-2H000,test
HEAD GASKET,test
HEADLAMP MOULDING,train
HEAT MANAGEMENT MODULE,train
HEATER COOLANT HOSE,train
HEIL 스타트모터,train
HELLA EGR 밸브,train
HELLA 미터 서브 어셈블리,train
HELLA 볼테이지 컨버터,train
HELLA 써모스텟,test
HELLA 안개등,train
HELLA 에어 플로우 센서,train
HELLA 에어플로우 센서,train
HELLA 연료 공급 유닛,test
HELLA 연료펌프,train
HELLA 워셔액 펌프,train
HELLA 제논 발라스터,test
HELLA 코일,test
HELLA 크랑크 각센서,train
HELLA 크랭크 샤프트 펄스 센서,train
HELLA 크랭크 앵글 센서,train
HELLA 크랭크 포지션 센서,train
HELLA 크랭크각센서,train
HELLA 크랭크샤프트 포지션 센서,train
HELLA 펌프 유니트-연료,train
"HESEASSY-BRAKE, REAR",train
HEX BOLT,train
HEX BOLT WITH WASHER,test
HEX COLLARED BOLT,train
HEX NUT,train
HEXAGON NUT WITH,train
HG 2.2 3V701,train
HG 하이브리드 A/C,train
"HG, K7 람다",train
HG그랜져 가솔린 람다(PWM),train
HG그랜져 디젤 15MY R2.2,train
HG그랜져 람다 LPI,test
HID D1C 6000K(국산)85V35W,train
HID D1R 4300K(국산)85V35W,train
HID D1S 5000K(국산)85V35W,train
HID D2C 6000K(국산)85V35W,train
HID D2R 4300K(국산)85V35W,train
HID D2S 5000K(국산)85V35W,test
HID D3C 4300K(국산)42V35W,test
HID D3R 6000K(국산)42V35W,test
HID D3S 5000K(국산)42V35W,train
HID D4C 4300K(국산)42V35W,train
HID D4R 6000K(국산)42V35W,train
HID D4S 5000K(국산)42V35W,train
HID D5S 4500K(필립스)12V25W,test
HID D8C 5000K(국산)42V25W,test
HID LAMP D1S4300K,test
HID LAMP D2R4300K,train
HID LAMP D2S4300K,train
HID LAMP D3S4300K,train
HID LAMP D4S4300K,train
HID전구 D1 4300K 85V35W,train
HID전구 D1 5000K 85V35W,test
HID전구 D1 6000K 85V35W,test
HID전구 D2 4300K 85V35W,train
HID전구 D2 5000K 85V35W,train
HID전구 D2 6000K 85V35W,train
HID전구 D3 4300K 42V35W,train
HID전구 D3 5000K 42V35W,train
HID전구 D3 6000K 42V35W,train
HINGE DOOR,train
HM24(78B00) 벨트,train
HM25.1 벨트,test
HM26.2 벨트,train
HM26.7(80D00) 벨트,test
HM29.5,train
HM29.6(78B00) 벨트,test
HM30.6 벨트,train
HM31(5247) 벨트,train
HM31.5(0872) 벨트,train
HM32(4995) 벨트,train
HM33 벨트,train
HM35.2 벨트,train
HM36.4 벨트,train
HM38 벨트,train
HM39.7 벨트,train
HM42.6(42081) 벨트,train
HM42.9(42061) 벨트,test
HM43.2(42041) 벨트,train
HM44(1115) 벨트,train
HM47 벨트,train
HMC/GMDAT 저상버스,train
HONDA ACCORD F/DISC,test
HONDA ACCORD R/DISC,train
HONDA 호환 RADIATOR 190106B2A01,train
HONDA 호환 RADIATOR 19010RJAJ53,train
HOOD LOCK,test
HOSE - AUXILIARY,train
HOSE - BRAKE,train
HOSE - FUEL VAPOUR,train
HOSE - HEATER WATER,test
HOSE - OIL RETURN,train
HOSE - OVERFLOW,test
HOSE - WATER,train
HOSE AIR CLEAN,test
HOSE ASSEMBLY,train
"HOSE ASSY - BRAKE, LH",test
"HOSE ASSY - BRAKE, RH",test
HOSE ASSY-BRAKE,train
HOSE ASY - BRAKE,train
HOSE BRAKE,test
HOSE CONNECTION,train
HOSE COOLANT BOTTLE SUPPLY,train
HOSE COOLER UPR,train
HOSE FROM EN,train
HOSE FRONT BRAKE,train
HOSE HEATER RETURN,train
HOSE HEATER SUPPLY,test
HOSE INTERCOOLER,train
HOSE JUMPER,train
HOSE LINE,train
HOSE OIL COOLER OUTLET,train
HOSE RADIATOR INLET,train
HOSE RADIATOR LOWER,test
HOSE RADIATOR OUTLET,train
HOSE RADIATOR UPPER,train
HOSE TRANSMI,train
HOSE UPPER,test
"HOSE, AUXILIARY WATER PUMP",train
"HOSE, CYLINDER HEAD THERMO",test
"HOSE, ENG COOL AIR BL",train
"HOSE, RAD SURGE TK INL",train
"HOSE, RADIAT",train
"HOSE, RADIATOR",test
"HOSE, RADIATOR UPR",train
"HOSE, RADIATOR, NO.2",test
"HOSE,RAD SURGE TK INL",train
HOSE-AIR CLEANER-NO 1,train
HOSE-AIR CLEANER-NO 2,train
HOSE-BOTTOM,train
HOSE-BRAKE(L),train
HOSE-BRAKE(R),train
HOSE-ENGINE VENT,train
HOSE-OVERFLOW,test
"HOSE-RADIATOR,L",train
"HOSE-RADIATOR,U",train
"HOSE-RADIATOR,UPPER",test
HOSE-TOP,train
HOUSG PLUG SEAL,train
HOUSING SEAL,test
HOUSING THERMOSTAT,test
"HOUSING,ENG COOL THERM",train
HP1175 로 통합,train
HP1688A 통합,test
HUB,test
HUB ASSY - WHEEL,train
HUB BEARING,train
HY 12V 21W(BAW9s)(황색),train
HYU.(GK)COUPE R/DISC,train
"HYU.IX55,VERACRUZE R/DISC",train
"HYU.SANTAFE MK ,SORENTO MK F/DISC",train
"HYU.SONATA,OPTIMA R/DRUM",train
HYU.STAREX(H1) R/DRUM,train
"HYU.i30,CEED R/DISC",test
HYUNDAI ACCENT,train
HYUNDAI VERNA R/DRUM,train
"Hardbody, Navara, Pathfinder",train
Heater Hose,test
Hex Bolt,train
Hiace,train
Hilux,train
Hilux 2.0,test
Hilux R/DRUM,test
Hose,train
Hose clamp,train
I-40 DSL,train
I-40 GSL,train
I10 14+ R/DISC,train
I20,train
I30 전 디스크,train
I30(12/15년) 아반떼 MD(13~15년) 용 / 경주,test
I40 R/DISC,train
"I40, LF소나타, K5(2016), 올뉴카렌스 LPI 용 / 경주",test
IDLER,train
IG 그랜져 전쇼바 LH (GAS),train
IG 그랜져 전쇼바 RH (GAS),train
IG 그랜져(THETA2.5 GDI),train
IG그랜져 (람다3.0 LPI),train
"IG그랜져 가솔린,람다,3.0,(A/T)",train
IG그랜져 세타 2.4 A/T 가솔린,train
IMALE 썸머스텟 하우징,train
IMPACT STRIP,test
INA V-벨트,train
INA V-벨트 가이드 풀리,train
INA V-벨트 세트,train
INA V-벨트 텐셔너,train
INA V-벨트 텐셔너 세트,train
INA V-벨트 풀리,test
INA 겉벨트 세트,train
INA 댐퍼 풀리,test
INA 디플렉션 풀리,train
INA 벨트,train
INA 벨트 마찰휠,train
INA 벨트 세트,test
INA 벨트 텐셔너,train
INA 벨트 풀리,train
INA 벨트텐셔너,train
INA 아이들,train
INA 아이들 베어링,train
INA 아이들러 앗세이,train
INA 아이들베어링,train
INA 워터 펌프,train
INA 워터펌프,train
INA 진동뎀퍼,train
INA 크랭크 샤프트 풀리,train
INA 타이밍 벨트 & 워터펌프,train
INA 타이밍 벨트 세트,test
INA 타이밍 벨트 킷트,train
INA 타이밍 벨트 텐셔너,test
INA 타이밍 세트 & 워터펌프,test
INA 타이밍 워터펌프 킷,train
INA 타이밍벨트 가이드 풀리,train
INA 타이밍벨트 텐션 풀리,train
INA 타이밍벨트세트,train
INA 타이밍세트(워터펌프),train
INA 타이밍킷,test
INA 텐셔너,train
INA 텐셔너 어셈블리,test
INA 텐셔너 어셈블리-오토,train
INA 텐션 베어링,train
"INA 텐션 암, V-벨트 프레임",train
INA 펌프-워터,train
INA 풀리,train
INA 휀 아이들,train
INA 휀 텐셔너,train
INA 휀아이들,train
INA 휀텐셔너,test
INA겉벨트킷,train
INA아이들,train
INA아이들 베어링,train
INA제품 아이들 베어링,train
INA텐셔너,train
INFINITI FX Series FX30d,test
INFINITI FX Series FX35 3.5,train
INJECTOR,train
INJECTOR ASSY,train
INJECTOR DE,train
INJECTOR LEAK OFF PIPE,train
INLET CONNECTION,train
INLET-WATER,train
INNER DOOR SEAL L/R,train
INSULATOR,train
INSULATOR - E,train
INSULATOR - STABILIZER BAR,train
INSULATOR ASSY,train
INSULATOR ASSY -,train
"INSULATOR ASSY, LH, CONTROL",train
"INSULATOR ASSY, RH, CONTROL",train
INSULATOR FR COIL,train
INSULATOR-LOWER-L359,train
INSULATOR-RR STAB,train
INSULATOR-STRUT,test
INT DOOR GUSSET DECORATIVE TRI,train
INTAKE AIR,train
INTAKE HOSE COUPLING,train
INTAKE MANIFOLD,test
INTAKE PIPE SOCKET,train
INTERCOOLER AIR DUCT,test
IPSP-E037 통합,train
IS200/300 99~05 (90A),train
IS200/300 99~05 (90A)X,train
ISOLATOR SPRING SEAT,test
Int. man.,train
"Interior light, front",train
Iveco(Euro 6) Tractor/Dump Front Disc F/Disc,train
J2 엔진가열 1대4개 SET포장,test
JA2465U-2 좌우합본제품 판매,train
JAGUAR 호환 RADIATOR C2S514702,train
JAGUAR 호환 Radiator C2Z10787,train
JAGUAR 호환 Radiator XR847964,test
JEEP 호환 RADIATOR 52079883AD,train
JEEP 호환 Radiator 68314786AC,train
JEEP 호환 Radiator K55038185AE,train
JEEP 호환 Radiator K68284108AA,train
"JOINT ASSY,LWR BALL",train
Jeep Renegade 14~ (150A),train
Juke 1.6 10~ (1.0KW),test
Juke1.6 11~14 (110A),train
K-5 (GSL),train
K-9 (3T280 공용),train
K-9 A/C,test
K-9 람다 A/T (두원),train
K3 16INCH F/DISC,train
K3 가솔린 감마 A/T(A7100공),test
K3 전쇼바 LH(GAS) 대영,test
K3 전쇼바 RH(GAS) 대영,train
K3 후쇼바 (GAS),test
"K3, 쏘울(13~) 15INCH F/DISC",test
K5 전 LH (GAS)(중신03)대영2,train
K5 전 RH (GAS)(중신03)대영2,train
K5 전 쇼바 LH (GAS) 대영 볼트1,train
K5 전 쇼바 RH (GAS) 대영 볼트1,train
K5 터보 GDI 팽창밸브,test
"K5, YF 3P",train
"K5,HG (3V800)",train
"K5,YF,LF",test
"K5,YF,LF 소나타 후 디스크(ABS)",train
"K5,k7 LH (GAS)(12년~)",train
"K5,k7 RH (GAS)(12년~)",train
K7 16MY 가솔린 세타,test
K7 16MY가솔린 람다(F6110공용),train
K7 2016년 가솔린 2.4 세타 A/T,train
K7 2016년 가솔린 3.0 람다 A/T,train
K7 3.0 시가코일,train
"K9 2018~/EQ900, K9 2018~ 전 디스크",test
KAC 엔도볼 LH,train
KAC 엔도볼 RH,test
KAC 전 로워암 LH,train
KAC 전 로워암 RH,test
KAC 전 활대링크 RH,train
KAYABA 전쇼바 LH,train
KAYABA 전쇼바 RH,test
KAYABA 전쇼바LH,train
KAYABA 후쇼바 LH,train
KAYABA 후쇼바 RH,train
KDU 워터펌프,test
KENWORTH T660 DEL-TRAS Disc,train
KIA MORNING(16~) R/DRUM,train
KIA.K7(2016~) R/DISC,train
KIA.NIRO F/DISC,train
KIT - CALIPER REPAIR,train
KLG 블로우모터,train
KLG 후 쇼바,train
KLWB 뒤블레이드,train
Kuga 2.0D 12~(150A),train
L200,train
L200/CHALLENGER/MOTERO/PAJERO,train
LADA SAMARA,train
LANCER,train
LAND ROVER Discovery,train
LAND ROVER 호환 Radiator LR015561,test
LAND ROVER 호환 Radiator LR062425,train
LAND ROVER 호환 Radiator LR112874,train
LATCH,train
LATCH ASSY -TAILGATE,train
LATCH TYPE LOCK,train
LCI DOOR SEAL L/R,train
LEAK OIL LINE,train
LED H8/H9/H11 공용 (중국산),train
LED MODULE,train
LED 충전식 작업등(34구),train
LEGEND 2.5 06~ (130A),train
LEMFORDER 등속 조인트 디스크,train
LEMFORDER 로워 암 부싱 앞,train
LEMFORDER 로워 암 부싱 좌/우,train
LEMFORDER 로워 암 앞/좌,test
LEMFORDER 로워 암 앞/좌 G30,train
LEMFORDER 로워암 앞/우,train
LEMFORDER 로워암 앞/좌,train
LEMFORDER 링크 뒤 좌/우,train
LEMFORDER 링크 앞 우,train
LEMFORDER 링크 앞 좌,train
LEMFORDER 링크 앞 좌/우,train
LEMFORDER 링크 앞/우,train
LEMFORDER 링크 앞/좌 F25,train
LEMFORDER 마운트 베어링 상부,train
LEMFORDER 마운트 베어링 앞,train
LEMFORDER 마운트-엔진 우측,train
LEMFORDER 마운트-엔진 좌측,train
LEMFORDER 미션 마운트,test
LEMFORDER 미션마운트 좌/우,train
LEMFORDER 미션미미,train
LEMFORDER 밋션미미,train
LEMFORDER 볼조인트 앞/우,train
LEMFORDER 볼조인트 앞/좌,train
LEMFORDER 부싱 앞 좌/우,test
LEMFORDER 쇼바 마운트,train
LEMFORDER 쇼바 마운트 뒤 좌/우,train
LEMFORDER 쇼바 마운트 뒤/상부,train
LEMFORDER 쇼바 마운트 뒤/하부,train
LEMFORDER 쇼바 마운트 앞,train
LEMFORDER 쇼바마운트 베어링,test
LEMFORDER 스테빌라이저 링크,train
LEMFORDER 스테빌라이저 링크 앞,train
LEMFORDER 스트럿 마운트,train
LEMFORDER 스트럿 암 앞/우,train
LEMFORDER 스트럿 암 앞/좌,train
LEMFORDER 스트럿 앞/우,test
LEMFORDER 스트럿 앞/좌,test
LEMFORDER 스티어링 기어 부트,train
LEMFORDER 앞링크(우),train
LEMFORDER 앞링크(좌우공용),train
LEMFORDER 액슬조인트,train
LEMFORDER 액슬조인트 좌/우,train
LEMFORDER 어퍼암,train
LEMFORDER 엔진 마운트,train
LEMFORDER 엔진 마운트 우,train
LEMFORDER 엔진 마운트 좌,train
LEMFORDER 엔진마운트,train
LEMFORDER 엔진마운트 우,train
LEMFORDER 엔진마운트 좌,test
LEMFORDER 위시본 앞/좌,train
LEMFORDER 전 쇼바마운트,train
LEMFORDER 전 활대 부싱,train
LEMFORDER 컨트롤 암 뒤 좌/우,train
LEMFORDER 컨트롤 암 뒤/좌 E39,test
LEMFORDER 콘트롤암-리어 우측,train
LEMFORDER 콘트롤암-리어 좌측,test
LEMFORDER 타이 로드 우,train
LEMFORDER 타이로드,train
LEMFORDER 타이로드 어셈블리 우,test
LEMFORDER 타이로드 어셈블리 좌,train
LEMFORDER 타이로드 엔드 좌우,train
LEMFORDER 플렉시블 조인트,train
LEMFORDER제품 로워암,train
LESJOFORS 코일 스프링-리어,train
LEVER,train
LEVER SPRING,train
LEXUS CT CT 200h 1.8,train
LEXUS ES ES 200 2.0,train
LEXUS HS HS 250h 2.4 VVTi Hybrid,test
LEXUS NX NX 200 2.0,train
LEXUS RX RX 270 2.7 VVTi,test
LEXUS RX RX 300 3.0 4WD,test
LEXUS 호환 Radiator 9613642101,train
LF 소나타 팽창밸브,train
LF 소나타세타(NU) A/T 2015년 (,train
LF 쏘나타 하이브리드,test
LF 쏘나타 후쇼바 (GAS) IG,train
LF 전쇼바(GAS) LH,test
LF 전쇼바(GAS) RH,train
LF 하이브리드 A/C(E6001),train
"LF,YF 가솔린 누, LPI 세타",train
LF소나타,train
LF소나타 A/C,test
LF소나타 가솔린 A/C,train
LF소나타 가솔린 T-GDI (A/T),train
LF소나타 가솔린 T-GDI A/C,train
LF소나타 가솔린 누/세타 LPI,train
"LF소나타 디젤,올뉴투싼,올뉴스포티지,아반떼AD,I30(16년~),코나(16인치),셀토스 벨로스터 17년~ F/DISC",test
LF소나타 터보,train
"LF소나타2017~, K52015~ 후 디스크",train
LF소나타가솔린 세타/NU (A/T),train
LH MOTOR - ELECTRIC,train
LIBERTY 2.4 CRD 03~06 (1.2KW),train
LIBERTY 3.7 03~06 (1.2KW),train
LIBERTY 3.7D 06~07(1.2KW),train
LIBERTY2.8 CRD 04~08(150A),train
LIBERTY2.8D 04~08(2.2KW),test
LICENSE PLATE HOLDER,train
LICENSE PLATE MLDG,train
LIFT,test
LINE,train
LINE A/C DISCHARGE,train
LINE TO EXPA,train
LINER REAR RH,train
LINER-WHEELARCH,test
LINING,train
"LINK LH,FRT LWR CONT RR",train
LM-15-L 발라스트,train
LM-15-R 발라스트,train
LOCK ASSY FR D,train
"LOCK ASSY, RH",train
LOCK CONTROL ASSY,train
LOCK GLOVE BOX,train
LOCK-TAILGATE,train
LOCKING CAP,train
LOOM TIE,train
LOOMTIE,train
LOW ARM RH,train
LS 3.0 00~04 (1.2KW),train
LS 3.9 03~06 (150A),train
LS430 00~06 (130A),test
LS430 00~06 (130A)X,train
LS460 06~ (2.0KW),train
LS460 06~12 (180A),train
LUGGAGE DOOR M D,train
"LWR,FRT,LH",train
Land Cruiser,test
Liberty 3.7 07~09 (136A),train
Line,test
Line coolant,train
M3 3.2 00~06 (1.3KW),train
M3 4.0 07~ (180A),test
M35 06~08 (1.4KW)X,test
M35 06~08 (150A),train
M45 06~10 (2.0KW),train
MAHLE (씰 포함),train
MAHLE 공기 필터,train
MAHLE 냉각 휀,train
MAHLE 냉각수 보조 탱크,train
MAHLE 냉각수 보조 탱크 캡,train
MAHLE 냉매 조절 밸브,train
MAHLE 라디에이터,train
"MAHLE 보조 탱크, 캡 포함",train
MAHLE 블로워 레귤레이터,train
MAHLE 블로워 모터,train
MAHLE 블로워 모터 4L,train
MAHLE 블로워 유닛,test
MAHLE 블로워모터 W221,train
MAHLE 서모스탯,train
MAHLE 서모스탯 (씰 포함),train
MAHLE 실린더 헤드 커버,train
MAHLE 써모,train
MAHLE 에어 필터,test
MAHLE 에어컨 내부 송풍 제어기,train
MAHLE 엔진 오일 쿨러,train
MAHLE 연료 필터,train
MAHLE 연료필터,train
MAHLE 오일 필터,train
MAHLE 인테이크 매니폴드,train
MAHLE 콘덴서,train
MAHLE 호환 RADIATOR CR983000S,test
MAHLE 호환 Radiator CIR34000S,train
MAHLE 호환 Radiator CIR36000P,train
MANN 실내 필터 (Carbon),train
MANN 에어 필터,train
MANN 에어 필터 (철망O),train
MANN 에어필터,test
MANN 연료 필터,train
MANN 연료 필터 키트,train
MANN 연료필터,train
MANN 오일 필터,train
MANN 오일필터,train
MASERATI 호환 Radiator 670109996,test
MASS AIR FLOW SENSOR,train
MAZDA 호환 RADIATOR ZZC215200,train
MD 아반테 전 LH(GAS)(12~)대영,test
MD 아반테 전 RH(GAS)(12~)대영,train
MEAT & DORIA 써모스탯,train
MEAT & DORIA 휠스피드센서,train
MEGANE III,train
MERCEDES BENZ 호환 RADIATOR 0995004803,train
MERCEDES BENZ 호환 RADIATOR A0995002003,train
MERCEDES BENZ 호환 RADIATOR A2465001403,train
MERCEDES BENZ 호환 Radiator 2215000003,train
MERCEDES BENZ 호환 Radiator A0995001703,train
MERCEDES BENZ 호환 Radiator A0995002203,train
MERCEDES BENZ 호환 Radiator A0995002603,train
MERCEDES BENZ 호환 Radiator A0995006603,train
MERCEDES BENZ 호환 Radiator A0995006903,train
MERCEDES BENZ 호환 Radiator A0995007303,test
MERCEDES-BENZ 200-Series,train
MERCEDES-BENZ A-Series,train
MERCEDES-BENZ C-Series,train
MERCEDES-BENZ CLS-Series,train
MERCEDES-BENZ E-Series,train
MERCEDES-BENZ ML-Series,train
MERCEDES-BENZ S-Series,train
"MERCEDES.V200,VIANO",train
"MERCEDES.VIANO,VITO 109",train
METER-AIR FLOW,train
METZGER 트렁크도어록,test
MICRA,train
MICRA 05~ (0.9KW),train
MICRA 1.2 03~ (80A),train
MINI Mini Mini Clubman 1.4,train
MINI Mini Mini Clubman 1.6,test
MINI Mini Mini Clubman 1.6 Cooper S,test
MINI Mini Mini Clubman 2.0,train
MINI Mini Mini Cooper 1.5,train
MINI Mini Mini Cooper 1.6,train
MINI Mini Mini Countryman 1.6,test
MINI Mini Mini Countryman 1.6 Cooper,test
MINI NUT,train
MINI SPRING CUP,train
MINI SPRING PAD UPPER,train
MIRROR,train
MIRROR ASSY,train
MIRROR ASSY LH,train
MIRROR CAP,train
MIRROR CAP LH,test
MIRROR FRAME RH,train
MIRROR GLASS,test
MIRROR GLASS LH,test
MIRROR GLASS RIGHT,test
MIRROR HOUSING LH,train
"MIRROR, COVER RH",train
MISSION MOUNT,train
MKZ 3.5 07~10 (1.4KW),test
ML350 TDI 12~14 (1.7KW),train
MLDG,train
MLDGBUMPERREARLH,train
MODULE BUSHI,train
MODULE KI FUEL PUMP,train
MOLDING,train
MOLDING REAR DOOR WHEEL,train
MONDEO 1.8 00~07 (125A),train
MONDEO 2.0D 14~ (225A),train
MONDEO 2.0TD 07~10(150A),train
MONROE 쇼바 마운트,train
MONROE 쇼바 마운트 좌/우,train
MONROE 쇽업쇼바,train
MONROE 쇽업쇼바 뒤,train
MONROE 쇽업쇼바 뒤 A4 8K,train
MONROE 쇽업쇼바 뒤 미니,train
MONROE 쇽업쇼바 앞,train
MONROE 쇽업쇼바 앞 8K,train
MONROE 쇽업쇼바 앞 F15/F16,test
MONROE 쇽업쇼바 앞/우,train
MONROE 쇽업쇼바 앞/우 2008,test
MONROE 쇽업쇼바 앞/좌,test
MONROE 스테빌라이저 링크 뒤,train
MONROE 스테빌라이저 링크 앞,train
MONROE 스트럿 마운트 뒤 F30,train
MONROE 스트럿 마운팅 키트,train
MONROE 전쇼바,train
MONROE 전쇼바(좌),train
MONROE 전쇼바마운트,test
MONROE 컨트롤암,test
MONROE 트렁크 스프링 2008,train
MONROE 트렁크 스프링 X3 F25,test
MONROE 후드 스프링,train
MONROE 후드 스프링 A6 4F,train
MONROE 후드 스프링 CC,train
MONROE 후드 스프링 골프 5G,train
MONROE 후쇼바,train
MONTING SCREW,train
MOOG 전활대고무 킷,train
MORNING GASKET-CYLINDER HEAD,train
MOTOR AND PUMP,train
MOTOR AND PUMP ASSY,test
MOTOR ASSY-FAN,train
MOTOR-WASHER,train
MOTORAD 라지에다 캡 CHRYSLER,train
MOTORAD 서모스탯,train
MOTORAD 서모스탯 키트,test
MOTORAD 써머스탯,train
MOTORAD 써머스탯-쿨런트,train
MOTORAD 써모스텟,test
MOTORAD 썸머스텟,train
MOTORAD 워터자켓,test
MOTORFAN ASS,train
MOULDING,train
"MOULDING, FR DOOR",train
MOUNTING BRACKT,train
MOUNTING CLIP,train
"MOUTING STRIP,COVER",train
MUSTANG 3.8 01~04 (110A),test
MUSTANG 4.0 04~10 (1.4KW),train
MUSTANG 4.0 04~10 (1.4KW)X,train
"Man Front Disc, Tract(1-Axle) F/Disc",train
Mondeo 2.0TDCi 01~ (1.1KW),train
Mondeo1.8/2.0 00~05(1.5KW),train
Multi Clip(600/475) : 3 series,train
Multi Clip(650/475) : X3 F25 b,test
"N CAMRY COVER, FOGLAMP RH",train
N CAMRY MOUNTING RH,train
NAVARA,train
"NEW EF1.8,2.0",train
NEW SM3(2010~) R/DISC(BEARING),train
NEW SM5(2011~) R/DISC(BEARING),train
"NEW SM5(2011~),ALL NEW SM7 R/DISC(BEARING)",test
NEW SM5/NEW SM7 후 디스크,train
"NF 2.0,2.4 SET 6PK2584",train
NF 소나타 (16인치) 후디스크,train
NF 소나타 가솔린 A/C (GAC),train
NF 소나타/로체 (15인치) 후디스크,train
NF 시가코일 짹( ),train
NF 시가코일 짹(T),train
NF 써머스타트(54/82 C)오링,train
NF 쏘나타 전 쇼바 (GAS) 대영사,train
NF 후 쇼바 (GAS) 대영,train
"NF,TG,로체 3.3 (A/T)",train
"NF,로체 겉텐션풀리 ( )",train
"NF,로체,뉴카렌 컽텐션풀리( )",train
NF소나타 가솔린(2.0/2.4) 2P,train
NF소나타 가솔린(2.0/2.4) 3P,train
NF소나타 디젤 (A/T) 3K850공용,train
NF소나타 디젤 2.0 /3K728,train
NF소나타 디젤 A/C,train
"NF소나타(16""),YF,K5.I40(12~,15~),투싼ix,스포티지R,카렌스(16~) 전디스크",train
"NF소나타, TG 가솔린 2.4(A/T)",train
"NF소나타, TG그랜져 가솔린 A/C",train
"NF소나타,YF,K5.I-40,투싼ix,스포티지R 전디스크",train
"NF소나타,포터2,봉고3 팽창밸브",test
"NGK백금플러그 (LPG)뉴EF,오피러",train
NGK백금플러그 (LPG)뉴SM5임프,train
"NGK백금플러그 (LPI)TG2.7,오피",train
"NGK백금플러그 뉴EF,오피러스,XG",train
"NGK백금플러그 뉴SM3,뉴SM5,QM5",test
"NGK백금플러그 쏘울,크루즈",train
NGK이리듐플러그 (LPI)뉴카렌스,test
"NGK이리듐플러그 AD,HD,MD,쏘울",train
"NGK이리듐플러그 EQ900,G80,IG",test
NGK이리듐플러그 K7 2.4세타2,train
NGK이리듐플러그 K7 2.7 09~11,train
"NGK이리듐플러그 LF,K5,HG",train
"NGK이리듐플러그 LF,투싼,코나",test
"NGK이리듐플러그 LF2.0,티볼리",train
NGK이리듐플러그 TG3.3 08.08~10,train
"NGK이리듐플러그 뉴오피러스3.3,",train
NGK이리듐플러그 더넥스트스파크,train
NGK이리듐플러그 매그너스L6,train
NGK이리듐플러그 에쿠스3.8 09~,train
NGK이리듐플러그 올뉴프라이드,train
"NGK일반플러그 SM3 1.5,엑센트",test
NGK일반플러그 SM3 1.6,train
NGK일반플러그 뉴EF2.0,train
NGK일반플러그 뉴그랜저3.0,train
NGK일반플러그 라세티프리미어,train
"NGK일반플러그 비스토,카렌스",test
"NGK일반플러그 아반떼 HD,쎄라토",test
NGK일반플러그 올뉴모닝11~14,train
"NGK일반플러그 젠트라,칼로스,레",test
NGK일반플러그 크리에이티브,train
"NGK일반플러그 포르테,HD,I30",train
"NISSAN Datsun, NP300,Pathfinder,Pick Up,Terrano,Urvan",train
NISSAN 호환 RADIATOR 21460AX100,train
NISSAN 호환 Radiator 21460JK20B,train
NISSENS A/C 컴프레셔,train
NISSENS 냉각수 보조 탱크,train
NISSENS 라디에이터,train
NISSENS 블로워 모터,train
NISSENS 에어컨 컴프레셔,train
NISSENS 엔진 오일 쿨러,train
NISSENS 엔진오일쿨러,train
NISSENS 오일 냉각 모듈,test
NISSENS 인터쿨러,test
NISSENS 전동 휀,test
NISSENS 컴프레셔-에어컨,train
NISSENS 콘덴서,train
NISSENS 콤프,train
NISSENS 호환 RADIATOR 60326,train
NISSENS 호환 RADIATOR 606340,train
NISSENS 호환 RADIATOR 64653A,train
NISSENS 호환 RADIATOR 64678A,test
NISSENS 호환 RADIATOR 646869,train
NISSENS 호환 RADIATOR 652011,train
NISSENS 호환 RADIATOR 65302,test
NISSENS 호환 RADIATOR 65330,test
NISSENS 호환 RADIATOR 681378,train
NISSENS 호환 Radiator 60327,test
NISSENS 호환 Radiator 606152,train
NISSENS 호환 Radiator 606162,train
NISSENS 호환 Radiator 606371,train
NISSENS 호환 Radiator 606681,test
NISSENS 호환 Radiator 60785A,train
NISSENS 호환 Radiator 60803A,train
NISSENS 호환 Radiator 60857,test
NISSENS 호환 Radiator 62576A,train
NISSENS 호환 Radiator 65303,test
NISSENS 호환 Radiator 65317,train
NISSENS 호환 Radiator 65328,train
NISSENS 호환 Radiator 67370,train
NISSENS 호환 Radiator 681375,test
NISSENS 호환 Radiator 68712,train
NISSENS 호환 Radiator 68786,train
NISSENS 호환 Radiator 69711,train
NISSNES 콘덴서,train
NOZZLE COVER RH,train
NUT,test
NUT - FLANGED,train
NUT - WHEEL,train
NUT WHEEL,train
NUT(7mm),train
NUT-ROAD WHEEL,test
New SM5,train
Normal WBA (425) 후방,train
Normal WBA(300):A6 Avante 후방,test
Normal WBA(500/500) : 3 series,train
Normal WBA(600/530) : C class,train
O RING WATER INLET,train
O-ring,train
OI 쇼바마운트,train
OIL COOLER ASSY,train
OIL COOLER PIPE LINE,test
OIL DRAIN BOLT,train
OIL FILTER,test
OIL FILTER ASSY,train
OIL FILTER CAP,train
OIL FILTER COVER,test
OIL FILTER HOUSING COOLER,train
OIL FILTER HOUSING COVER,train
OIL FILTER SET,train
OIL LINE,train
OIL PIPE INL,test
OIL PIPE OUT,train
ONE 10~ (150A),test
OPEL ASTRA R/DISC,train
OSRAM 브레이크 전구,train
OUTLANDER,train
OUTLET TANK,train
OUTLET WATER,train
"OUTLET,W PMP(W THERM)",train
OUTLET-WATER,train
OVERFLOW OIL LINE,train
Odyssey 3.5 가솔린 11~13(130A),train
Oil Pipe,train
PAD,train
"PAD, FR WHEEL OPENING",train
PAGID 후디스크,train
PARTS KIT,train
PASSAT 2.0 TDI 12~15(180A),train
PASSAT 2.0 TDi 08~ (1.7KW),train
PASSAT 2.0TFSI 06~09(140A),train
PASSAT N MOULDING,train
PASSAT1.6/2.0D 10~ (180A),train
PASSO SETTE F/DISC,test
PATHFINDER/PICK UP/TERRANO,train
PATROL,test
PDC SUPPORT SET,train
PETROL INJECTOR,train
PEUGEOT 308 R/DISC,test
PEUGEOT 407/308/508 F/DISC,train
PEUGEOT 호환 Radiator 3637005,train
PICK UP,train
PIECE,test
PIERBURG EGR 밸브,train
PIERBURG EGR 컨트롤밸브,test
PIERBURG 냉각수 컨트롤 밸브,test
PIERBURG 보조 워터 펌프,test
PIERBURG 에어 매스 센서,test
PIERBURG 워터 펌프,test
PIERBURG 워터 펌프 전동식 E60,test
PIERBURG 워터펌프,test
PIERBURG 인테이크 매니폴드,train
PIERBURG 인테이크액추레이터,test
PIERBURG 전자식 워터 펌프,train
PIERBURG 캠 어저스터 밸브,train
PIERBURG 터보차져 압력 컨버터,train
PILOT BUSHING,test
PIN,test
PIPE FROM UNION TO,train
PIPE FUEL,train
PIPE LINE,train
PIPE-FUEL,test
PIPE-SUB RADIATOR,train
PISTON HOUSING,train
PLUG,test
PLUG - OIL DRAIN,train
PLUG OIL DRAIN,train
PLUG SPARK,train
PLUG TOW HOOK,train
"PLUG,TRANS OIL LVL CHK",train
PORSCHE 호환 RADIATOR 95810613200,test
PORSCHE 호환 Radiator 97010613103,train
PREFORMED SE,train
PREHEATING CONTROL UNIT,train
PRIUS LINER,train
PROTECT. TUBE,train
PROTECTOR ASSY-,train
"PROTECTOR-FR,LH",train
PSY24W (필립스),train
PT CRUISER2.4 00~10 (100A),test
PT CRUISER2.4 03~10(1.2KW),train
PT Cruiser2.0 00~10(120A),test
PT Cruiser2.4 03~05 (100A),train
PULLEY - CRANKSHAFT,train
PULLEY ASSY,train
PULLEY ASSY - TENSION,train
PULLEY CRANKSHAFT,train
PULLEY TIMING BELT,train
"PULSE GENERATOR, DSC",train
PUMP WATER,test
PUMP-WATER,train
PURGE VALVE,train
PW24W 중국산,train
Passat 2.0 TDI 10~ (2.0KW),train
Passat 2.0 TDi 05~ (2.0KW),test
Passat 2.3 98~ (1.1KW),train
Passat 3.6FSI 11~ (140A)X,train
Phaeton 3.2 02~ (1.7KW),test
Phaeton 4.2 03~ (150A),train
Pipeline wit,test
Polo1.4TD R-LINE 15~(140A),train
Pressure Converter,train
Pressure converter,train
Prius,test
Propshaft Joint,train
Q3 2.0 TDI 11~ (140A),test
Q3 2.0 TDI 11~ (140A)X,train
Q3 2.0 TDi 11~ (140A),train
Q5 2.0 TDI 08~ (180A),test
Q5 MIRROR GLASS,test
Q50/Q70 13~ (180A),train
Q7 3.0 TDI (220A),train
Q7 3.0 TDI 09~15 (2.2KW),train
Q7 3.0 TDi 11~15 (180A),train
Q70 5.6 10~14 (2.0KW),train
QASHQAI 1.6D 14~17 (150A),train
QM-6 (디젤),test
QM3 A/T (SCC) 수입품,train
QM3 디젤 A/C,train
QM3 디젤 A/C (GAC)수입,test
QM3 디젤 A/C (두원)(6843R공용),train
QM3 전디스크,test
QM3 타이밍벨트 (단품),train
QM3 타이밍벨트 KIT,train
QM3 후드럼,train
QM5 2.0 디젤 SET 7PK1705,train
QM5 가솔린(수입)(SCC),train
QM5 디젤 (SCC) 수입품,train
QM5 전 디스크,test
QM5(가솔린),train
QM5(디젤),train
"QM5, QM6 후 디스크",train
"QM6 F/DISC(1.7, 2.0 DIESEL) 전디스크",train
"QM6 F/DISC(2.0 LPe, GDe) 전디스크",train
"QM6,니산 X-TRAIL 후디스크",train
QUICK COUPLING,train
QX60/PATHFINDER 14~ (150A),train
R56 LCI MIRROR COVER,train
R56 S GRILLE MOULDING,train
RADI GRILL MOLDING,train
RADIAL SHAFT SEALING RING,train
RADIATOR,train
RADIATOR CAP,train
RADIATOR FAN ASSY,train
RADIATOR HOSE,train
RADIATOR RESERVIOR TANK,train
RADIATOR UPPER HOSE,train
RAV4 3.5 09~12 (150A),train
RAW AIR LINE,train
RBRAKE 뒤패드,train
REAR ARM,train
REAR BLADE WIPER,test
REAR COIL SP,train
REAR CONTROL ARM LOWER L/R,test
REAR SCREEN WIPER BAR,train
"REAR SHOCK ASSY, (RH)",train
REAR UNDER ARM ASSY,train
REAR WINDOW,train
REAR WIPER,train
REAR WIPER (F20/F21),train
REAR WIPER ARM,train
REAR WIPERBLADE,test
REFRIGERANT COMPRESSOR,test
REGULATOR AND MOTOR,train
REGULATOR NONE,train
REINZ 가스켓,train
REINZ 로커암 커버 가스켓 LH,train
REINZ 로커암 커버 가스켓 RH,train
REINZ 썸머스텟오링,train
REINZ 씰,test
REINZ 오일 쿨러 가스켓,train
REINZ 오일쿨러플레이트오링,train
REINZ 오일쿨러하우징오링,train
REINZ 후 크랑크 샤프트 씰,train
REINZ 흡기매니폴더 가스켓,train
RELAY FUEL PUMP,train
RELEASE HANDLE,train
RENAULT KANGGOO/CLIO F/DISC,train
RENEGADE 2.0 CRD (150A),train
REP WIRE FOR B,test
REPAIR KIT F,train
"REPAIR KIT, TRAILING ARM",train
RESERVER TANK,train
RESERVOIR,train
RESERVOIR COOLANT,train
RESISTOR ASSY,train
RESISTOR RADIATOR FAN,test
REST CUP,train
RETAIN CLIP,test
RETAINER SPRING,train
RETAINING SPRIN,train
RETURN PIPE,train
RG ROVER SPORT 3.0D (180A),train
RIBBED V-BELT,train
RIBBEDBELT,train
RING,train
RING - SEALING,train
"RING, O",train
"RING, SNAP",test
"RING,GENERAL,M",train
RIVET,train
ROCKER PANEL GUARD,train
"ROD - TIE, INNER, RH LH",train
ROD A-CONNECTING,train
"ROD ASSY, TIE,",test
ROD ASSY-TORQUE,train
ROD NONE (LE),train
ROD-ENGINE MOVING CONTROL,train
ROD-STABILIZER,train
RPM SENSOR,train
RPM-센서,train
RPM센서,test
RR CALIPER RH B 2011,test
RR DOOR M D SIDE LH,train
RR DOOR SIDE SEAL LH,train
RR DOOR SIDE SEAL RH,test
RR DOOR WEATHERSTRIP LH,train
RR LWR CNTL ARM BOLT,test
RR VIEW MIRROR,train
RSM.SM6 F/DISC,test
RSM.SM6 R/DISC,train
RUBB MOUNT,train
RUBBER BOOT,train
RUBBER BUFFER,train
RX DOOR MOULDING REAR,test
RX350 09~ (100A),train
RX350 09~ (100A)X,train
"Radiator hose,upper",test
Range Rover 2.2D 11~(180A),train
Range Rover 3.6D 06~12 (150A)X,train
Range Rover 95~02 (1.7KW),train
RangeRover3.6D 06~12(150A),train
Rogue 08~ (110A),train
Rogue 08~ (110A)X,train
R엔진 겉아이들 쏘렌토R,test
R엔진 에어컨아이들 쏘렌토,test
R엔진 휀아이들(민) 쏘렌토,test
S CLASS 4.7 06~(220A),train
S Class 4.7 06~ (220A),train
S-TYPE XJ2.7D 04~ (150A),train
S-class(Body W202) 엔진코,test
"S-class(W210,W140)엔진코일",test
S350 3.5 11~ (220A),train
S350 3.5 CGi 11~ (220A),test
S40 05~ (1.1KW),test
S40 1.6i~2.0i 95~ (1.4KW),train
S40 2.4 04~10 (150A),test
S40 2.5 T5 03~ (150A),train
S40/60/80 D3 10~ (180A),train
"S500, 600(W141, 124) 엔진",test
S550 4.6 11~14 (220A),train
S550 4MATIC 07~10 (220A),train
S60 2.4 03~06 (160A),train
S60 2.4/2.5 05~09 (140A),train
S60 2.4D 01~04 (140A),train
S60 2.5D 00~ (140A),train
S60 D3 12~ (150A),train
S60/80 3.2 06~ (150A),train
S600 06~10 (220A),train
S600 06~10 (220A)X,train
S70 97~ (100A),train
S80,train
S80 2.0 08~ (150A),train
S80 2.0 TD 08~ (180A),train
S80 2.4D 06~ (2.2KW),train
S80 2.8/2.9 99~05 (1.7KW),train
S80 2.9 99~04 (160A),train
S80 3.0 98~06 (160A),train
S80 3.2 06~ (1.4KW),train
S80 3.2 06~ (150A),train
SACHS 마운트 베어링 하부,train
SACHS 속업쇼바 앞 좌/우,train
SACHS 쇼바 방진 키트,train
SACHS 쇼바 스트럿 마운트 앞,train
SACHS 쇽업 쇼바 앞/우,train
SACHS 쇽업 쇼바 앞/좌,train
SACHS 쇽업쇼바 뒤,test
SACHS 쇽업쇼바 뒤 A6(4G),train
SACHS 쇽업쇼바 뒤 좌/우,train
SACHS 쇽업쇼바 앞,train
SACHS 쇽업쇼바 앞 A4(8K),train
SACHS 쇽업쇼바 앞 GOLF,train
"SACHS 쇽업쇼바 앞, TIGUAN 5N",train
"SACHS 쇽업쇼바 앞/우, G30",train
SACHS 쇽업쇼바 앞/좌 5GT(F07),test
SACHS 스트럿 마운트 베어링,train
SACHS 스트럿 마운트 베어링 앞,train
SACHS 에어 스프링,train
SACHS 전쇼바 스프링,train
SACHS 후쇼바,train
SALERI 보조 워터 펌프,train
SALERI 워터 펌프,train
SALERI 워터펌프,train
SALERI 워터펌프 서포트 미포함),train
SALERI 워터펌프(서포트 포함),train
SATURN 1.9 95~ (1.1KW),train
SCHRAUBE,train
SCREEN ASSY,train
SCREENING,train
SCREW,train
SCREW HEX HEAD,train
SCREW PLUG,train
SCREWPLUG,train
SEAL - VALVE,test
SEAL ADAPTER,train
SEAL KIT-EX PTU CO,test
SEAL PLENUM,train
SEAL RH-T M CASE,train
SEAL SET,test
SEAL SPARK PLUG TUBE,test
SEAL THERMOSTAT,train
"SEAL, DUST",train
SEAL-CRANKCASE COVER,test
SEAL-FR COVER,test
SEAL-O RING,train
SEAL-OIL,train
"SEAL-OIL,DIFFERENTIAL",train
SEAL-WATER,test
SEAL-WATER OUTLET,train
SEALING,train
SEALING RING PK 5,train
SEALRING,train
"SEAT, FR SPRING, UPR",train
SEBRING 3.0 01~05 (1.2KW),train
SELF-LOCKING,train
SENDER AND PUMP ASSY,train
SENSOR ANTI-LOCK BRA,train
SENSOR ANTI-LOCK BRAKES,train
SENSOR ASY,train
SENSOR ASY -,train
SENSOR CRANKSHAFT POSITION,train
"SENSOR, MASS AIRFLOW",train
"SENSOR,BAT",train
"SENSOR,RR WHL SPD RH",train
SENSOR-MASS AIR FLOW,train
SEO 호환 Radiator CW-57000,train
SEO 호환 Radiator CW-57005,test
SEO 호환 Radiator CW-57026,test
SET OF ALUMINUM BOLT,train
SET OF LED M,train
SET OF WIPER,train
SET OIL FILTER,train
SHAFT AXLE REAR,train
SHAFT SEAL ELRING제품,train
SHELF,train
SHOCK ABSORBER,train
"SHOCK ABSORBER ASSY, (LH)",train
"SHOCK ABSORBER ASSY, RH",train
SHOCK SUPPORT,train
SHOCK UPPER SEAT,train
SHOE KIT PARKING BRAKE,train
SHUT OFF VALVE,train
SHUT-OFF VALVE,train
SHUTOFF VALVE,train
SIDE MIRROR COVER RH,train
SILVERADO,train
SINGLE PULLEY,train
SL350(R231) 11~ (1.4KW),test
SLEEVE,test
SM3 (구) 전 LH (GAS) 대영,train
SM3 (구) 전 RH (GAS) 대영,test
SM3 (구) 후 (GAS)대영,train
SM3 A/T(구)1.5/1.6 수입 (SCC),test
SM3 [-10] [ALT],test
SM3 구형,train
SM3 구형(00~01MY) A/C (GAC),train
SM3 브레이크,train
SM3(2010~) 전 디스크,train
SM3(OLD) 후 드럼,train
"SM3(구형),SM3(05년) SET",test
SM5 (구) 전 LH (GAS)대영,train
SM5 (구) 전 RH (GAS)대영,train
SM5 (구) 후 (GAS)대영,train
SM5 TCE,train
SM5 구형 (일체형),train
SM5 구형 A/C,train
SM5 신구형 (파이프) A/C (GAC),train
SM5 전디스크,train
SM5 후디스크 (ABS),train
"SM5(L43), SM5 플래티넘, SM5 노바 전 디스크",train
SM5(최신형) 전 디스크,train
"SM518, SM520, SM3, 520V, SM 52",train
SM520 (A/T) 삼성제품,train
SM520 (AT)-(삼성),train
SM520 DCC,test
SM525 (A/T) 삼성,train
"SM525,520V(AT) -(삼성)",train
SM525V(대)(03.07MY~) (3개),train
SM6 1.6-TCE(15.11~)가솔린,train
SM6 2.0-GDE(15.11~)가솔린,train
SM6 2.0i[16] OAP-INA 용 / 경주,train
SM6 가솔린,train
SM6 신형 가솔린 A/T,train
"SM7 2.0(08년형,NEW) SET",train
SM7 2.3 SET (구형),train
SM7 최신 SET,test
SM7/뉴SM7 (A/T) (한온),train
SMART FORTWO 1.0L 07~ (0.8KW),train
SOLENOID ASSY,train
SPACE STAR,train
SPANGE GITTER SEITLICH RE,test
SPARK PLUG,train
"SPARK PLUG ,E10,LE",train
SPHERICAL COLLAR BOLT,train
SPIDAN 부트 킷 아웃터,train
SPR 후 쇼바 스프링,test
SPREADER SPRING,train
SPREIZNIET,train
SPRING,test
SPRING - SUSPENSION - FRONT,train
SPRING BRACKET CLAMP,train
SPRING ELEMENT,train
SPRING LOCK,test
SPRING PAD,train
SPRING PAD BOTTOM,test
SPRING PAD LOWER,test
SPRING PAD UPPER,train
SPRING PLATE,train
SPRING RETAINER,train
SPRING SHIM,test
"SPRING, SHOCK ABSRBER",train
SPRINTER 3.0D 08~13 (230A),train
STABILIZER,train
STABILIZER BAR MOUNTING,test
STABILUS SUPPORT ASSY,train
STABILUS 본넷쇼바,train
STARTER,train
STAUTO 등속,train
STAUTO 등속 LH,train
STAUTO 등속 RH,train
STAUTO 등속조인트 LH,train
STAUTO 앞등속(우),train
STAUTO 앞등속(좌),train
STAUTO 전 등속 RH,train
STAUTO 전 허브 어쎔블리,train
STAUTO 전등속 LH,train
STAUTO 전등속 RH,train
STAUTO 전허브 베아링,train
STAUTO 전허브베어링,test
STONEGUARD,train
STRAIGHT P,train
STRAINER F W,test
STRAINER WASHER PUMP,test
STRAP RETAINING,train
STRUT DUST SLEEVE,train
STRUT FRONT SUSPENSION,train
STRUT FRONT SUSPENSION MK,test
STRUT KIT,train
STRUT KIT FRT LH,test
STRUT MOUNT GASKET,test
"STRUT MOUNT, RIGHT",test
STRUT RH-FRT SUSP,train
STS 3.6 04~05 (1.4KW),train
STS 3.6 04~11 (150A),train
STUD HUB,train
STUD WHEEL,train
SUBARU 호환 Radiator X4511AG021,train
SUPPORT BEARING,test
SUPPORT SUB-ASS,train
"SUPPORT SUB-ASSY, FR",train
"SUPPORT, PUL",train
"SUPPORT, WHEELHOUSE LEFT",train
SUPPORTING BRACKET,train
SUSPENSION ARM,train
SUSPENSION SPRING DAMPER,train
"SUSPENSION STRUT, LH",train
"SUSPENSION STRUT, RH",train
SUZUKI SX4/FIAT SEDICI F/DISC,test
SW ASMY-MIRROR,train
SWAG 냉각수통 캡,train
SWAG 보조물통캡,train
SWAG 엔진미미,train
SWAG 연료 도어 액추레이터,train
SWAG 오링,test
SWAY BARS,train
SWITCH-TRUNK LIFTGATE,train
SWITCH-WASHER FLUID LEVEL,train
"Scania Tract(1-Axle), Dump(3-Axle) F/Disc",test
Sebring 2.0/2.4 07~(1.2KW),train
Sebring 2.7 03~06 (1.2KW),train
Sebring 2.7 07~10 (136A),train
Sebring2.4/2.7 01~06(120A),train
"Set, alu bol",train
Spoiler WBA (600/530): C 200 K,train
Spoiler WBA(550/550) : A6 2.4,train
Spoiler WBA(580/500) 318i,train
Spolier WBA(550/500) : X 5 3.0,train
Spolier WBA(550/530) : A6 3.0,test
"Spolier WBA(600/625) : 735 i,i",train
Spolier WBA(650/400) : 206 CC,train
Spring Pad,train
Stabiliser Mounting,train
Stabiliser Mounting LH&RH,train
Suspension Strut Mount,train
T/M BOLT,train
T/M FILTER,train
T10 전구 (황색) 12V5W,train
T10 전구 12V5W 번데기전구,test
T10 전구 24V5W 번데기전구,train
T13 전구 12V/10W,test
T15 전구 12V/18W(데루등)번데기,train
T20 전구 더블 12V21/5W,train
T20 전구 싱글 12V21W,train
T20 전구(더블황색)12V21/5W,train
T20 전구(더블황색)12V28/8W,test
T20 전구(싱글황색)12V21W,train
T5 전구 12V/1.2W(쌀전구),train
T6.5 전구 12V/3W,test
T8.5 전구 12V/4W(콩전구),train
T8.5 전구 24V/3W(콩전구),train
TACOMA,train
TAILGATE LOCK UP,test
TANK,train
TANK ASSY,train
"TANK, RAD SURGE",test
TAURUS 3.0 01~05 (1.4KW),train
TENSIONER,train
TENSIONER (M1 13),train
TENSIONER BELT,train
TENSIONER TIMING BELT,test
TG 2.7 SET 6PK2056,train
TG 2.7(타이밍벨트),train
TG 그랜져 (3.3/3.8)280W,train
TG 그랜져 (구)3P,test
TG 그랜져 (신)2P,train
"TG,IG그랜져, K7 16MY 가솔린 세",train
"TG,싼타페2.7 텐션베어링",train
"TG,에쿠스 3.0이상 아이들(소)",train
"TG,오피러스 2.7 아이들",test
THERMOSTA NONE,train
THERMOSTAT,train
THERMOSTAT ASSY,train
THERMOSTAT ASY,train
THERMOSTAT BBR제품,train
THERMOSTAT HOUSING,train
THERMOSTAT N46,train
THERMOSTAT UNIT,train
THURST BEARING,test
TOBAR 타이로드 엔도 우,train
TOOL,train
TORQUE RESTRICTOR,train
"TORQUE RESTRICTOR, FR",test
TORSION BAR,train
TORSION BAR LINKAGE,test
TORX SCREW,train
TOW COVER,test
TOYOTA COROLLA F/DISC,train
TOYOTA Caldina,train
TOYOTA 호환 RADIATOR 160410P270,train
TOYOTA 호환 RADIATOR 1640038170,train
TOYOTA 호환 Radiator 1640036100,train
TOYOTA 호환 Radiator 1640050340,train
TRACK ROD,train
TRACK STRUT L/R,train
TRACKER 2 Disc,train
TRAILBLAZER F/Disc,train
TRAILBLAZER R/Disc,train
TRANSMISSION BEARING,train
TRAVERSE R/Disc,test
"TRIM - WHEELHOUSE, RH",test
TRIM FRAME,train
"TRIM, BUMPER",train
TRUNK LID LOCK,train
TRUNK LID SEALING,train
"TRUNK,LID LOCK",test
TRUNK-LIFT SUPPORT STRUT SHOCK,train
TRW 뒤디스크,train
TRW 마운트 앞,test
TRW 볼 조인트 우,train
TRW 볼 조인트 좌,test
TRW 볼조인트 앞 좌/우,train
TRW 브레이크 디스크 뒤,test
TRW 브레이크 디스크 뒤 (1개),train
TRW 브레이크 디스크 앞,train
TRW 브레이크 디스크 앞 (1개),train
TRW 브레이크 패드 뒤,test
TRW 브레이크 패드 세트 뒤,train
TRW 브레이크 패드 세트 앞,train
TRW 쇼바 스트럿 마운트 뒤 F10,train
TRW 쇽업쇼바 뒤 좌/우,test
TRW 스테빌라이저 링크 앞,train
TRW 스테빌라이저링크 알루미늄,train
TRW 앞디스크세트,train
TRW 어퍼암 앞 좌/우 (1개 단품),train
TRW 어퍼암 앞/우 ( 2),train
TRW 어퍼암 앞/좌 ( 2),train
TRW 인너 타이로드- 앞 우,test
TRW 컨트롤 암 뒤 우 E39,train
TRW 타이로드 엔드 앞/좌,test
TRW 패드세트-리어,train
TRW 후디스크,train
TS ENGINE OIL FILTER,train
TUBE - CONNECTING,train
TUBE - WATER OUTLET,train
TUBE AND OIL COOLER,train
TUBE-FUEL SPILL,train
TUBULAR TORSION BAR,train
TUFF 트렁크쇼바,train
TURBOCHARGER COOLAN,train
Taurus 2.0 13~15 (200A),train
Taurus 3.0 02~07 (110A),train
Taurus 3.5 08~10 (1.2KW),train
Taurus 3.5 08~10 (1.2KW)X,test
Taurus 3.5 08~12 (150A),train
Taurus 3.5 13~ (175A),train
Taurus3.5가솔린 13~ (200A),train
"Tension spring, trunk lid",test
Thermostat,train
Tiguan 2.0 TDi 08~ (2.0KW),train
Tiguan 2.0 TDi 08~ (2.0KW)X,test
Torque Strut Mount,train
Touareg TDI 10~ (220A),train
Touareg3.0TDI 07~10 (180A),train
Town Car 4.6 03~05 (130A),test
Town Car 4.6 06~08 (135A),train
Town Car 4.6 09~12 (155A),test
Track rod,train
Trago Xcient Disc,train
Transmission,train
Tundra 4.0 06~10 (100A),test
Tundra 4.0 06~10 (100A)X,test
Tundra 4.6/5.7 07~18(150A),train
UFI 필터-연료,train
ULTRACAPACITOR,train
UNDER COVER,train
UNDER TRIM,train
"UNDER,COVER FRT",train
UNDERBODY,train
UNDERBODY PA,test
"UNDERBODY SHIELD, RIGHT",train
UNDERBODY TRIM LH,test
UNDERCOVER,train
UNDERFLOOR,train
UNDERFLOOR C,train
UNDERFLOOR COATING CENTER,train
UNDERHOOD SH,train
UNION,train
UPLANDER,train
URVAN,train
V 벨트 세트,test
V-BELT,test
V-RIBBED BELT,train
V-벨트,train
VAICO V-벨트 풀리,train
VAICO 냉각수 보조 탱크 캡,test
VAICO 냉각수 튜브,train
VAICO 냉각수 파이프,train
VAICO 냉각수 플랜지,train
VAICO 냉각수 호스,train
VAICO 등속 조인트 부트 세트,train
VAICO 디플렉션 풀리,train
VAICO 라디에이터 환기 호스,test
VAICO 미션 오일 스트레이너,train
VAICO 미션 오일 필터,train
VAICO 미션 필터,train
VAICO 미션마운트,train
VAICO 베어링-허브,test
VAICO 벤트 파이프,train
VAICO 부싱-활대고무,train
VAICO 서모스탯 하우징,train
VAICO 스테빌라이저 링크 뒤,train
VAICO 스테빌라이저 부싱,train
VAICO 스테빌라이저 부싱 앞,train
VAICO 실린더 헤드 커버,train
"VAICO 실링 캡, 냉각수 탱크",train
VAICO 써모스텟,test
VAICO 엔진오일 캡,train
VAICO 오일 팬 씰링 플러그,train
VAICO 오일 필터 하우징 커버,train
VAICO 워터 펌프,train
VAICO 워터 펌프 (하우징 포함),train
VAICO 워터 펌프 풀리,train
VAICO 워터펌프,test
VAICO 인터쿨러 호스,train
VAICO 컨트롤암 앞/좌,train
VAICO 호스,train
"VAICO 호스, 에어 서플라이",train
VAICO 휠 볼트 (단품),train
"VAICO 휠 볼트, 블랙",train
VAICO 휠볼트,train
VALEO 발전기,train
VALEO 와이퍼 블레이드 세트,train
VALEO 콘덴서,test
VALVE,train
VALVE - EXHAUST GAS RECIR,test
VALVE A C EXPANSION,train
VALVE ASSY - RUBBER,train
"VALVE ASSY, RUBBER",train
VALVE ASSY-SOLENOID,train
VALVE PLUG,train
VARTA 베터리,train
VDO Continental EGR 밸브,train
VDO Continental 솔레노이드,train
VDO Continental 연료 펌프 유닛,test
VDO Continental 연료 피드 유닛,train
VDO 에어 매스 센서,test
VDO 연료 펌프,train
VDO 연료 피드 유닛,train
"VDO 워셔 펌프, 전면 유리",train
VDO 워터 펌프,train
VDO 인젝터,test
VDO 크랭크 앵글 센서,train
VEMO 가열플러그,train
VEMO 냉각수 서모스탯,train
VEMO 냉각수 컨트롤 밸브,test
VEMO 서모스탯,test
VEMO 와이퍼 모터,train
"VEMO 워셔 펌프, 헤드라이트",train
VEMO 워셔액 레벨 센서,train
VEMO 크랭크 앵글 센서,train
VEMO 퍼지 밸브,train
VEMO 히터밸브,train
VENT LINE,train
VENT PIPE,train
VENT PIPE WITH DUST,train
VENT TUBE,train
VENT TUBE VAICO,train
VENTILATION HOSE,train
VENTILATION LINE,test
VERBINDUNGSLEITUNG,train
VERMO 썸머스텟,train
VERMO 썸머하우징,train
VERMO 엔진미미,test
VERMO 오일쿨러커넥터,train
VERMO 워터커넥터,test
VERMO 워터펌프 호스,train
VERMO 워터호스,train
VERMO 인테이크 호스 LH,train
VERMO 인테이크 호스 RH,train
VIBRATION DAMPER B47,train
VITZ/YARIS,train
VOLVO S60 (I) S60,train
VOLVO S60 (II) S60,train
VOLVO 호환 Radiator 8603606,train
VOLVO 호환 Radiator 8603841,train
VOYAGER 2.5 CRD 00~08 (160A),train
VOYAGER 2.5 CRD 01~ (2.0KW),train
VOYAGER 2.5D 00~08 (160A),test
VW BEETLE 2.5 06~ (120A),test
VW Passat (B7) Passat 2.5,train
VW 호환 RADIATOR L5QD121251Q,train
VW 호환 Radiator 1C0121253E,test
VW 호환 Radiator 5K0121251Q,test
VW 호환 Radiator 5N0121253P,train
VW 호환 Radiator 6R0121253L,train
VW 호환 Radiator 95810613210,test
ValveCover,train
Venting line,train
Voltage Converter,train
"Volvo Front Disc,Tractor(1&3-Axle)",train
Voyager 2.4i 00~08 (1.4KW),test
Voyager 2.8D 04~08(2.2KW),train
Voyager 3.3 00~08 (160A),train
Voyager 3.3 95~01 (1.2KW),train
V벨트,train
W205 SHOCK MOUNT L R,train
WABCO 에어쇼바콤프레샤,train
WAHLER 썸머스텟,test
WASER-COPPER,train
WASH PUMP/FULID CONTAINER,test
WASHER - SEALING,test
WASHER - SPRING SEAT,train
WASHER FLUID,test
WASHER FLUID RESERVOIR,train
WASHER FLUID RESERVOIR COVER,train
WASHER FOR STRUT MOUNT,train
WASHER GASKET,train
WASHER PLAIN,train
WASHER PUMP,train
WASHER TANK,train
WATER OUTLET,train
WATER OUTLET CONNECTOR,train
WATER PUMP,test
WATER PUMP PLUG,train
WATER RES.,train
WATER RESERVOIR,train
WDW WASHER PUMP,train
WEATHERSTRIP ASSY,test
WHEEL BOLT,train
WHEEL COVER,train
WHEEL DUST SHIELD,train
WHEEL HOUS,train
WHEEL HOUSE,train
WHEEL HOUSE COVERING,train
WHEEL HUB W/BEARING-RR,train
WHEEL LINER FR,test
WHEELSPEED S,train
WINDOW LIFT,train
WINDOW LIFTER,test
WINDOW MECH,train
WINDOW REGULATO,train
WINDOW REGULATOR FRT LH,train
WINDOWLIFTER,train
WINDSHIELD C,train
WINDSHIELD WASHER PUMP,train
WIPER ARM,test
WIPER ARM COVER,train
"WIPER ARM,LH",train
WIPER BLADE,train
WIPER BLADE REAR WINDOW,test
WIPER BLADE SET,train
WIPER LH,train
WIPER RH,train
WIPERBLADE,train
WIX 연료 필터,train
WOKING 뒤디스크,train
WOKING 디스크,train
WOKING 디스크-프런트 브레이크,train
WOKING 패드세트-리어 브레이크,train
WOKING제품 패드,train
WR78,train
WRANGLER 4.0 96~07 (1.2KW),train
Water hose,train
Water pump,test
Water reservoir,train
Wheel Speed Sensor,train
Wheel hub wi,train
Window Motor Front Right,train
Wrangler 3.8 07~ (210A),train
Wrangler 3.8 07~ (210A)X,test
Wrangler 3.8 07~08 (140A),train
Wrangler 4.0 03~06 (1.4KW),train
X-TYPE 2.5~3.0 01~09(115A),train
X-TYPE 2.5~3.0 02~08 (120A),train
X-TYPE 2.5~3.0 02~08(120A),train
X-트렉 전 브레이크디스크,train
X3 2.0D 04~ (150A),test
X3 2.0D 04~ (150A)X,test
X3 2.5/3.0 04~06 (1.4KW),train
X3 3.0 09~ (210A),train
X3 xDrive20d 17~(180A),test
X4(F26)xDrive20d 14~(210A),train
X5 3.0 SD 07~ (170A),train
X5 3.0 SD 07~ (170A)X,train
X5 3.0 Si 07~ (220A),train
X5 3.0i 00~06 (140A),train
X5 3.0i 00~06 (140A)X,train
X5 4.8i 07~ (220A),train
X5(E70) 07~13 (180A),train
X6 08~14 (1.5KW),train
XC90 05~11 (180A),train
XC90 2.5T 03~07 (1.4KW),test
XC90 3.2 06~ (180A),train
"XD,클릭,투싼,세라토 텐션풀리",train
XF 2.0 12~15 (180A),train
XF 2.7D 08~ (150A),train
"XG 2.0,2.5 SET 6PK2000",train
"XG 2.5,EF,투스카니 텐션 베어링",test
XG 2.7 LPG SET 6PK2005,test
XG 3.0 (신) SET,test
XG 3.0 A/C 베어링,train
XG 그랜져 2.5~2.7,train
XG 그랜져 3.0/에쿠스/오피러스,train
XG 그랜져2.5/3.0 전디스크,train
XG 그렌져 2.0 전 디스크,train
XG 그렌져 2.0 전디스크,train
"XG,에쿠스 텐션 베어링 GT10100",train
"XG,에쿠스 텐션베어링 GT10110",train
"XG,에쿠스 텐션베어링(DJ-107)",train
XG2.5 겉아이들베어링2528637100,test
"XG3.0,오피러스(A/T)",test
XG그렌져(구형) 브레이크,train
XJ 3.0 03~09 (1.2KW),train
XJ 3.0D 09~15 (2.0KW),train
XJ8 4.2 05~ (1.4KW),train
XM3 전디스크,train
XM3 후디스크,train
"Y2,Y3,각그랜져 2.0,2.4 SET",train
YF 소나타 A/T(누-eng적충형),test
YF 소나타 전 LH (GAS)대영,train
YF 소나타 전 RH (GAS)대영,train
YF 소나타 팽창밸브 (3J100공용),test
YF 소나타 하이브리드,train
"YF 소나타,HG,K5,K7, 가솔린 A/C",train
YF 써머스타트(54/88 C),train
YF 쏘나타 / KIA K5 R/DISC,train
"YF,HG 디젤 세타2 GDI (A/T)",train
"YF,HG,K5,K7 (A/T)가솔린 K5(구)",train
"YF,HG,K7 LPI(A/T)뮤엔진 이중관",train
"YF,HG2.7,K7 (A/T)뮤,람다 LPG",train
"YF,K5 (세타) (3R170)",train
"YF,K5(11MY,2.0쎄타2 T-GDI",train
"YF,K5(2.0쎄타2 MPI,GDI) (4개)",train
"YF,K7 가솔린 터보 GDI",train
"YF,NF,LF 소나타 택시(15"")/로체,투싼ix,스포티지R,K5 전디스크",train
"YF누우엔진, K5 LPI, 투싼ix 가솔린",test
"YF누우엔진, K5 LPI, 투싼ix 가솔린 용 / 경주",train
YF소나타,train
YF소나타 A/C,train
YF소나타 A/C(3R000D),test
YF소나타 하이브리드 A/C,train
YF소나타 하이브리드 A/T(4R001),train
"YF소나타,HG,K5,K7 A/T (K5구)",train
YF소나타하이브리드A/T(4R051공,train
YR6KI332S(더블백금)이리듐,train
Z4 2.2~3.0 03~ (120A),train
Z8 4.8 V8 02~ (1.7KW),train
ZANETOL 전 활대링크 LH,train
ZANETOL 전쇼바 LH,train
ZANETOL 트렁크 쇼바,train
ZANETOL 휀 아이들,test
ZANETOL 휀 텐셔너,train
ZANETOL 휀아이들,test
ZANETOL텐셔너,train
ZPY 밋션미미,train
ZR6SII3320 (7430) X,train
[S-F] E83 [744mm],test
e-마이티 (만도타입) A/C,test
e마이티 145PS CRDI,train
e마이티2.5톤저상Pr-Auto(10년형,train
e마이티2.5톤저상Se-Auto(10년형,train
fuel tank br,test
hose assembly,test
i-30 전쇼바 (신)1.6 LH(GAS),train
i-30 전쇼바 (신)1.6 RH(GAS),train
i-40 가솔린 A/C,train
i-40 가솔린 A/C(두원),train
i-40 디젤 A/C,test
i-40(VF) 가솔린 A/T (두원),train
i-40(VF) 디젤 A/T (두원),test
i30 1.6 SET 6PK1257,test
i30 1.6 디젤 (A/T)(2L690),test
i30 디젤(11MY)A/T (A5850공),train
i30(11MY) K3 팽창밸브,test
i30(11년)/MD,train
i30(GD) M/T,train
"i30,올뉴K5 휀벨트 아이들(대)",train
"i30,올뉴K5 휀벨트 아이들(소)",train
"k5 2018/벨로스터 2017~, 모하비 2020 전 디스크",train
radiator,test
regulator,train
vent hose,train
가니쉬 어셈블리- 프론트 좌측,test
가스케,train
가스켓 ELRING,test
가스켓 세트-실린더 헤드 커버,train
가스켓-엔진 블록,train
"가열 D엔진 싼타페,트라제,NF",train
"가열 i30(신형)~i30(PD),LF,AD",train
"가열 i40,엑센트(신형),쏘울",train
가열 렉스턴스포츠/G4 신형2.2,train
"가열 로디우스,렉스턴[녹색,검정",test
"가열 무쏘,코란도,이스타나",train
"가열 액티언,카이런[형광]슈퍼렉",train
"가열 캡티바,올란도,크루즈 2.0",train
"가열 크루즈,올란도,트랙스 1.6",train
가열 플러그,train
가열플러그,train
가열플러그 QM5 2.0,train
가열플러그 QM6 2.0,train
가열플러그 R엔진 수동차량용,train
가열플러그 R엔진 오토차량용,train
가열플러그 R엔진용,test
"가열플러그 뉴QM3 1.5,클리오1.5",train
"가열플러그 뉴프라이드,HD",train
가열플러그 더뉴QM6 1.7,train
"가열플러그 마이티,카운티",train
가열플러그 모하비 11.12.30~,train
"가열플러그 모하비,베라크 디젤",train
"가열플러그 봉고3,테라칸",train
가열플러그 유닛,test
가열플러그 티볼리 1.6,train
가열플러그 포터2 13~16,train
가열플러그 포터2 A엔진 08~12,train
가열플러그 포터2/봉고3 16~,train
같은 품번 SO 제품으로,test
같은품번 JY 제품으로,train
같은품번 인터파트 제품으로,train
같은품번 진앤영 제품으로,train
갤로퍼 1 (M/T),train
갤로퍼 쌍풀리 SET,train
갤로퍼 써머스타트(54/76.5 C),train
갤로퍼 써머스타트(56/76.5 C),train
갤로퍼 전 쇼바(GAS),test
갤로퍼 전 쇼바(OIL),train
갤로퍼 후 쇼바(OIL),train
"갤로퍼 후 쇼바(VAN,화물.GAS)",train
갤로퍼2 터보 DSL (A/T),train
갤로퍼2 터보 M/T DSL),train
겉 아이들 윈스톰 (인아),train
겉벨트,test
겉벨트 118d/GOLF 1.4,train
겉벨트 206 CC,test
겉벨트 207CC,test
겉벨트 208 508 3008,train
겉벨트 3008,train
겉벨트 300C,train
겉벨트 307,train
겉벨트 308,test
겉벨트 308 2.0,train
겉벨트 320d,train
겉벨트 320i,train
겉벨트 330i,test
겉벨트 335i,train
겉벨트 508 2.2,train
겉벨트 520i,train
겉벨트 523i,train
겉벨트 525d,test
겉벨트 530d,train
겉벨트 535i,train
겉벨트 550iX,train
겉벨트 607,test
겉벨트 730Li,train
겉벨트 735Li,train
겉벨트 735Li/A6,train
겉벨트 735i,train
겉벨트 740Li,train
겉벨트 740i/760i,train
겉벨트 911,train
겉벨트 A3/EOS,test
겉벨트 A3/GOLF,train
겉벨트 A4,train
겉벨트 A4/A5,train
겉벨트 A6,train
겉벨트 A6 2.4/3.0,train
겉벨트 A6/PASSAT,train
겉벨트 A8,train
겉벨트 A8/Q7,train
겉벨트 ACCORD,test
겉벨트 ALTIMA,train
겉벨트 B200,train
겉벨트 BENZ VAN,train
겉벨트 C200,train
겉벨트 C220/GLK220,train
겉벨트 C230/C280/E280/S350/S50,train
겉벨트 C30/S40,train
겉벨트 C63,train
겉벨트 CAMRY,train
겉벨트 CIVIC,train
겉벨트 CIVIC 1.8 12~,train
겉벨트 COOPER,train
겉벨트 CR-V,train
겉벨트 CR-V 2.4,test
겉벨트 CR-Z 1.5 (11~14),train
겉벨트 Convertible,train
겉벨트 Cooper,train
겉벨트 Countryman,train
겉벨트 DEVILLE,train
겉벨트 DISCOVERY,train
겉벨트 E220,train
겉벨트 E240,train
겉벨트 E300/C240,train
겉벨트 E46,train
겉벨트 EOS,train
겉벨트 ES300,train
겉벨트 ES350,test
겉벨트 EXPLORER,test
겉벨트 F150,train
겉벨트 F56,train
겉벨트 FORD,train
겉벨트 FUSION,train
겉벨트 FX35,test
겉벨트 Freelander,test
겉벨트 G350,train
겉벨트 G37,train
겉벨트 GOLF,train
겉벨트 GOLF/PASSAT,train
겉벨트 GOLF/TT,train
겉벨트 GRAND CHEROKEE,train
겉벨트 GS300,train
겉벨트 INA 529036010,train
겉벨트 INSIGHT,train
겉벨트 JEEP,test
겉벨트 LS430,test
겉벨트 M3,train
겉벨트 M5,train
겉벨트 ML270,test
겉벨트 PASSAT,test
겉벨트 PT CRUISER,train
겉벨트 Pacifica,train
겉벨트 Panamera,train
겉벨트 Polo,train
겉벨트 Q5,train
겉벨트 Q7,train
겉벨트 ROGUE,train
겉벨트 S320,test
겉벨트 S350,train
겉벨트 S4,train
겉벨트 S500,train
겉벨트 S60 1.6 (11~15),train
겉벨트 S60/S80,test
겉벨트 S60/XC60,train
겉벨트 S600,train
겉벨트 S80,test
겉벨트 SCIROCCO/TT,train
겉벨트 SEBLING,train
겉벨트 SEBRING,train
겉벨트 SL500,test
겉벨트 SLK200,train
겉벨트 SMART,test
겉벨트 TOUAREG,train
겉벨트 X1,train
겉벨트 X3,train
겉벨트 X5,test
겉벨트 X6,train
겉벨트 XF 2.7D,test
겉벨트 Z4,test
겉벨트 닷지 X,train
겉벨트 베어링,train
겉벨트 시빅1.8,test
겉벨트 어코드,test
겉벨트 콘티,train
겉벨트 토러스 3.0,train
겉벨트 토러스 3.5,train
겉벨트 폴로 1.4 TDI,train
겉벨트 프리몬트,train
겉벨트킷,train
"겉벨트킷 (G37, M37, QX50) 3.7",train
겉벨트킷 118d,train
겉벨트킷 208/508/3008,train
겉벨트킷 300C,train
겉벨트킷 307 2.0 (05-),test
겉벨트킷 308,train
겉벨트킷 320i,train
겉벨트킷 330i,train
겉벨트킷 335i,test
겉벨트킷 520i 기계식,train
겉벨트킷 520i 유압식,train
겉벨트킷 523i,train
겉벨트킷 525d,train
겉벨트킷 535i,train
겉벨트킷 730Li,train
겉벨트킷 735Li,train
겉벨트킷 740i,train
겉벨트킷 760Li,train
겉벨트킷 760i,train
겉벨트킷 A3/EOS,train
겉벨트킷 A4,train
겉벨트킷 A4/A5,train
겉벨트킷 A6 2.7 TDI 08~,train
겉벨트킷 A6 3.0,train
겉벨트킷 A6/PASSAT,test
겉벨트킷 A8,train
겉벨트킷 ACCORD,train
겉벨트킷 C200,train
겉벨트킷 C220d,train
겉벨트킷 C230,train
겉벨트킷 C240,test
겉벨트킷 CAMRY,train
겉벨트킷 CAMRY(12~),train
겉벨트킷 CIVIC,train
겉벨트킷 CR-V,train
겉벨트킷 Clubman/207,train
겉벨트킷 Countryman,train
겉벨트킷 E240,test
겉벨트킷 E250,train
겉벨트킷 E280,test
겉벨트킷 E300,test
겉벨트킷 ES350,train
겉벨트킷 G350,train
겉벨트킷 GLK220,train
겉벨트킷 GLK229/GLK220,train
겉벨트킷 GOLF/PASSAT,test
겉벨트킷 GRAND CHEROKEE,test
겉벨트킷 GRAND CHEROKEE 4.7,test
겉벨트킷 GS300,test
겉벨트킷 GS430 06~07,test
겉벨트킷 LINCOLN,test
겉벨트킷 LS460,train
겉벨트킷 M45/Q45,train
겉벨트킷 M45/Q45/FX35,test
겉벨트킷 MINI(R52),train
겉벨트킷 ML270,train
겉벨트킷 MONDEO,train
겉벨트킷 MONDEO 2.0 07~14,test
겉벨트킷 Pacifica,test
겉벨트킷 Q5,train
겉벨트킷 S320,train
겉벨트킷 S350,test
겉벨트킷 S4,train
겉벨트킷 S500,train
겉벨트킷 S60/S80,train
겉벨트킷 S60/XC60,train
겉벨트킷 S600,train
겉벨트킷 S80 07~,train
겉벨트킷 SCIROCCO/TT,train
겉벨트킷 SEBLING,train
겉벨트킷 TOUAREG,train
겉벨트킷 X3(E48) 04~08,train
겉벨트킷 X5,train
겉벨트킷 Z4,test
겉벨트킷 passat 1.8,train
겉벨트킷 골프,train
겉벨트킷 레니게이드,test
겉벨트킷 몬데오,train
겉벨트킷 알티마2.5,train
겉벨트킷 어코드 2.4 08~12,train
겉벨트킷 큐브 1.8 09~14,train
겉벨트킷 폭스바겐 골프,train
겉벨트킷INA 529026110,train
겉빌트킷 Cooper,train
겔로퍼 브레이크,train
견인고리 커버,train
고무 부트,train
고무부트,train
"구)SM5 가솔,New SM5가솔린/LPG",train
구형SM5 2.0(SM520용) SET,test
구형SM5 2.5(SM525용) SET,train
구형코란도 써머스타트(54/82 C),train
그랜드 스타렉스 전 LH(구),train
그랜드 스타렉스 전 LH(신),train
그랜드 스타렉스 전 RH(구),test
그랜드 스타렉스 전 RH(신),train
그랜드 스타렉스 전 디스크,train
그랜드 스타렉스 후쇼바,train
그랜드 스타렉스(ABS) 후디스크,test
그랜드 카니발 가솔린 A/C,train
그랜드 카니발 전 LH (GAS)대영,train
그랜드 카니발 전 RH (GAS)대영,train
그랜드 카니발(06) 브레이크,train
그랜드 카니발(08) 브레이크,train
그랜드 카니발(08) 전브레이크,train
그랜드스타렉스,test
그랜드스타렉스 1234YF냉매,train
그랜드스타렉스 13년,test
그랜드스타렉스 2.4 (M/T,test
그랜드스타렉스 2.4 A/T,test
그랜드스타렉스 2018 전디스크17인치 특장차,test
"그랜드스타렉스 4H100,200/S호환",train
"그랜드스타렉스 4H100,4H000호환",train
"그랜드스타렉스 4H100,4H200호환",train
그랜드스타렉스 A2.5 VGT (M/T),train
그랜드스타렉스 SET 7PK2254,train
그랜드스타렉스 디젤(A2-eng) A/,train
그랜드스타렉스 써머(구(54/88 ),train
그랜드스타렉스 팽창밸브 (전면),train
"그랜드스타렉스( 06.10~),뉴싼타",train
그랜드스타렉스(06-21년) 용 / 경주,train
그랜드스타렉스(15-21년) 용 / 경주,test
그랜드스타렉스(신)(51/88)오링,test
"그랜드스타렉스, 휀 아이들",train
그랜드스타렉스2018 전디스크17인치 특장차,train
그랜드스타렉스A-eng A/T,train
그랜드카니발 (VGT) DSL,train
그랜드카니발 06MY VGT A/C (GAC,train
그랜드카니발 15MY 디젤 A/C,train
그랜드카니발 2.2 (A/T),train
그랜드카니발 3 2.7/2.9 후 브레이크디스크,train
그랜드카니발 A/C,train
그랜드카니발 A/C (4D001공용),train
그랜드카니발 A/C (VGT),train
그랜드카니발 DSL,train
그랜드카니발 LPG (A/T),train
그랜드카니발 디젤 A/T(4D100),train
그랜드카니발 디젤 VGT,train
그랜드카니발 디젤 VGT A/T(두원,train
그랜드카니발 후 (GAS)대영,train
그랜드카니발(VGT)(4D101공용),train
그랜드카니발(VQ)디젤 (4D001공),train
그랜드카니발/봉고3 CRDI 1톤,train
그랜드캬라반3.3 01~07(140A,train
그랜저(XG-99년) 용 / 인니,train
"그랜저HG,K7,YF/LF소나타,K5,아슬란,아이오닉,I30(2016~),K7하이브리드,니로,쏘울EV (APB/EPB),코나하이브리드 후 디스크",train
"그랜저HG,LF쏘나타 17인치,K7,아슬란2.4,I40(2015~),투싼(2015),K7하이브리드, 코나 전디스크",train
그랜져 HG 16인치 / K7 브레이크,train
그랜져 IG (2017~) F/DISC,test
"그랜져 IG (2017~), K7(2016~), 코나전기차 EPB R/DISC",test
그랜져 TG 팽창밸브,train
그랜져 XG 2.5 타이밍벨트 KIT,test
그랜져HG 람다 LPI(AT),train
"그랜져IG, K7 16년형, 그랜져HG, 싼타페",train
그레이스 2.4 후드럼,train
그레이스 2.6 후드럼,train
그레이스 DSL (M/T) 삼성권유,test
그레이스 전쇼바(OIL),train
그레이스후쇼바(OIL)(L/R공용),train
그로밋,train
기아 그랜버드 신형 전드럼 (H8),train
기아 라이노 전드럼 (H6),train
기아 라이노 후드럼 (H6),train
기아 점보 전/후 드럼 (H5) / 프런티어 4W 후 드럼,train
기아 프론티어 1.3(봉고3 1.3/1.4) 후드럼 (H6),train
기아차종 써머가스켓트,train
냉각수 라인,train
냉각수 보조,train
냉각수 보조 탱크,train
냉각수 보조탱크,train
냉각수 보조통,train
냉각수 캡,train
냉각수 탱크,train
냉각수 탱크캡,train
냉각수 파이프,test
냉각수 호스,train
냉각수보조탱크,train
냉각수캡,test
냉각수탱크,train
냉각수통,train
냉각수통 MAHLE,train
냉각수통 캡,test
냉각수플랜지,train
너트,train
"넥스트 스파크 13"" 전디스크",train
"넥스트 스파크 14"" 전디스크",test
넥스트 스파크 전 LH(GAS),train
넥스트 스파크 전 RH(GAS),test
넥스트 스파크 후,train
노부스 24톤 전드럼 (H10),train
노부스 25.5톤 후드럼 (H10),train
"누비라 1,2 전 디스크",test
누비라 1.5 DOHC SET 6PK1875,train
누비라 1.5 SOHC SET,train
누비라 A/C 베어링 ( ),train
누비라 DO/라노스/젠트라/라세티,test
누비라 SO/라노스 SO,train
"누비라, 레간자",train
"누비라,라세티 써머 오링",train
"누비라,라세티 텐셔너앗세이",train
누비라써머스타트(국산)썸머하우,train
뉴 E-마이티 A/C (만도)99231,train
뉴 E-마이티 A/C 컨덴셔(만도),test
뉴 E-마이티(150~160마력)99231,train
뉴 EF 소나타 (최신형)(두원),train
뉴 EF 소나타 신형 A/C,train
뉴 EF 전/EF공용(대영),test
뉴 EF 타이밍벨트 KIT,train
뉴 EF 후 쇼바(GAS)대영 6개,train
뉴 SM3,train
뉴 SM3 (최신)(중국)L38 SCC,train
뉴 SM3 A/C,train
뉴 SM3 A/C (5952131701공용),train
뉴 SM3(L38) 전쇼바 L/R,test
뉴 SM3(L38) 후쇼바 L/R,train
뉴 SM5 (L43) 전쇼바 LH,train
뉴 SM5 (L43) 전쇼바 RH,train
뉴 SM5 전쇼바 LH (GAS),train
뉴 SM5 전쇼바 RH (GAS),train
뉴 SM5 후쇼바 (GAS),train
뉴 i40(2015~) R/DISC,train
뉴 다마스,train
뉴 렉스턴 전디스크,train
뉴 마이티(15my)/QT,train
뉴 모닝 레이 스타트모타(10T),train
뉴 모닝 레이 스타트모타(8T),train
뉴 모닝 팽창밸브(카파1.0),train
"뉴 베르나 전 LH(GAS,ABS)대영",train
"뉴 베르나 전 RH(GAS,ABS)대영",train
뉴 베르나 후 (GAS)대영,train
뉴 베르나 휀텐션(GMB10070),train
뉴 스포티지/투싼 IX 후 디스크,train
뉴 싼타페 (R-엔진)(2W000),train
뉴 싼타페 A/C(2B000),train
뉴 싼타페 디젤,train
뉴 쏘렌토 디젤 A/T,train
뉴 엑센트 가솔린 (M/T),train
뉴 엑센트 전 LH(11~)GAS 대영,test
뉴 엑센트 전 RH(11~)GAS 대영,train
뉴 엑센트 후(GAS 2011~)대영,train
"뉴 체어맨,체어맨(W/H) 배선(대)",train
"뉴 체어맨,체어맨(W/H) 배선(소)",train
"뉴 카렌스 가솔린, LPG A/C",test
뉴 카렌스 전쇼바 LH (GAS)대영,train
뉴 카렌스 전쇼바 RH (GAS)대영,train
뉴 카렌스 후(가스)대영,train
뉴 카운티 2022 (54),train
뉴 투싼,train
뉴 투싼 ix 가솔린 (A/T),train
뉴 트라고 카고 A/C 컨덴셔,train
뉴 프라이드/뉴베르나 후 드럼,train
뉴EF2.0베타/아반테2.0,test
뉴EF소나타 (SUBCOOL 04Y) A/C,train
뉴K-5 LPG,train
뉴K-5(JF) A/C,train
뉴K-5(JF) A/C(두원),train
뉴K5 (JF) A/T,train
뉴K5 A/T (한온) (JF) 가솔린,test
뉴SM3 가솔린 09년 A/C L38,train
뉴SM3 가솔린 09년 A/C(L38),test
뉴SM5,train
뉴SM5 (L43) 최신 드라이탱크X,test
뉴SM5 (L43) 최신형 A/C,test
뉴SM5 1.6-TCE(13.05~) 가솔린,train
"뉴SM5 2.5-L43(10.06~),올뉴SM7",train
뉴SM5 A/T (신형) 임프 08년식,train
뉴SM5 A/T (신형) 임프 08년식한,train
뉴SM5 구형 (A/T) 06년(52030공),test
뉴SM5 구형 (A/T)-(삼성) 06년식,train
뉴SM5 임프레션 07.07~10.11,test
뉴SM5 최신형 L43 (2010~) DCC,train
뉴SM5 최신형 L43 (2010년이후,test
뉴SM5(L43) 알터네이터 용 / 경주,train
뉴SM5(임프레션)/SM7 브레이크,train
"뉴SM5,뉴SM7 (임프레이션) A/C",train
"뉴SM5,뉴SM7(임프레이션)(5200S)",test
뉴SM7 구형 (A/T)-(삼성),train
뉴SM7 최신형(214100050R)12년~,train
뉴XG 그렌져/로체/투싼 브레이크,train
뉴그랜져 (2.5/3.0),train
뉴그랜져 2.0ABS 브레이크,train
뉴그랜져 3.0 DO 27301-37002,train
뉴그랜져 3.0 DO(6P1150/4P925),train
뉴그랜져 3.5 (A/T),train
뉴그랜져 3.5 DO(6P1165/4P925),test
뉴그랜져 V6 SO LPG SET,test
뉴그랜져3.0 SO LPG 스타렉스 V6,train
"뉴그레이스,LPG 써머스타트",train
뉴그렌져 2.0 브레이크,train
"뉴그렌져 2.5/3.0,다이너스티 브레이크",train
뉴그렌져3.5/다이너스티(신형) 브레이크,train
"뉴렉스턴, 로디우스, 뉴 체어맨",train
뉴메가 5톤(250마력) A/C 컨덴셔,train
뉴모닝,train
뉴모닝 A/C,train
뉴모닝 신형 (A/T) 07540공용,train
뉴베르나 /뉴프라이드 용 / 인니,train
뉴베르나 가솔린 (A/T)050.051,train
뉴베르나 가솔린 A/C,train
뉴베르나 디젤 (A/T),train
뉴베르나 디젤 A/C,train
뉴베르나 디젤 써머(54/85 C),train
"뉴베르나,XD,HD 릴리스베어링",train
뉴세피아 A/T(삼성),train
뉴스포티지/투싼/투스카니 브레이크,train
뉴싼타페 DM A/C,train
뉴싼타페 R엔진 A/C,train
뉴싼타페(CM) 2B200/2B100공용,train
"뉴싼타페(CM),쏘렌토R(2009~) 전 디스크",train
뉴쏘렌토,train
뉴쏘렌토 A/C,test
뉴쏘렌토 A/C 3E000공용,train
뉴쏘렌토 DSL,test
뉴쏘렌토 디젤,train
뉴아반떼 MD A/C,train
뉴아반떼AD,test
뉴아반테 AD A/C,train
뉴아반테 MD A/C,train
뉴에쿠스 (신) 가솔린 4.6,test
"뉴에쿠스 가솔린 3.3,3.8 람다",train
"뉴에쿠스, 제네시스 공용 (3M160",train
"뉴에쿠스,제네시스 타우4.6 GDI",train
뉴에쿠스/오피러스 (6개),train
뉴엑센트 A/C(1W300)공용,train
뉴엑센트 AT (두원)(1R150으로),train
뉴엑센트 DSL,train
뉴엑센트 GSL,train
뉴엑센트 가솔린 (A/T) 앏다,train
뉴엑센트 가솔린 A/C(1R050),train
뉴엑센트 가솔린 A/C(S)(1R050),train
"뉴엑센트(6단),뉴프라이드가솔린",train
"뉴엑센트,뉴프라이가솔린(두껍다",train
"뉴엑센트,뉴프라이드 가솔린 A/T",train
"뉴엑센트,뉴프라이드 디젤 AT",train
뉴이에프/옵티마/리갈 전디스크,train
뉴카렌스 가솔린 (M/T) A/C,train
"뉴카렌스 가솔린, LPG A/C",train
뉴카렌스 디젤 (M/T) A/C,train
뉴카렌스 후 브레이크디스크,train
뉴카렌스(UM) LPG,train
뉴카렌스(UM)가솔린 A/C 1D110공,test
"뉴카렌스(UN)가솔린,LPG AT",train
뉴코란도 00MY 디젤 A/C,train
뉴코란도 01MY 터보 A/C,train
뉴코란도 A/C,test
뉴포타/그레이스 브레이크,test
뉴포터(96)전 대영(OIL),train
뉴포터(96)후쇼바(OIL)대영,train
뉴포터(AU) 디젤 (A/T),train
뉴포터(AU) 디젤 (M/T),train
뉴포터(AU)(MT)-(삼성)(4B000공),train
"뉴포터,스타(T2)(텐션 게이츠)",train
"뉴포터,스타렉스(T2) 타이밍벨트",train
"뉴프라이드 05 1.4,1.6 DO",test
뉴프라이드 05 디젤 SET 6PK1513,train
뉴프라이드 GSL(1G051),test
뉴프라이드 가솔린 A/C,test
뉴프라이드 디젤,train
뉴프라이드 디젤 A/C,train
뉴프라이드 신형 디젤 AT (두원),train
뉴프라이드(1E001으로 통합),train
"뉴프라이드,뉴엑센트가솔린(A/T)",train
뉴프라이드/뉴베르나 후디스크(2005~),train
뉴프라이드/베르나(하이브리드) 전 디스크,train
뉴프린스 브레이크,train
"뉴프린스,레간쟈(DO) 써머스타트",train
"뉴프린스,레간쟈(SO) 써머스타트",train
"뉴프린스1.8,2.0 SO V91 SET",train
"뉴프린스1.8,2.0 SO V96 SET",train
니로 (HEV K1.6) 아이오닉,test
"니로 하이브리드(19~), 아이오닉하이브리드(19~) EPB 후 디스크",train
"니로, 아반떼(AD) 19년~/20년~, 벨로스터 17년~ R/DISC",train
닛산 뒤패드,train
닛산 앞패드,train
다마스 2 (최신)/라보 SET (골),train
다마스 24mm 다마스2(94581908),train
다마스 LPI /라보,train
다마스 신형 (LPI) 96665831 공,test
다마스 후 쇼바(대영),train
"다마스, 라보 릴리스베어링",test
"다마스,라보 27301-DMS01",test
"다마스,라보 전 LH(대영)",train
"다마스,라보 전 RH(대영)",train
다마스1/2(신/2.5열/중국산)라보,train
다마스3 (LPI) 16mm(08~21),train
다보상세 필터,train
대우 25톤 후드럼 285 H10 (15),test
대우 BS106 신형 후드럼(2008년 이전) (H8),train
대우 BS106 전드럼 (H8),train
대우 노부스 5톤 후드럼 (8H),train
대우 더쎈 후드럼 H8 (20),train
대우 레스타 전디스크,train
대우 버스 레스타 R/DRUM (30),train
대우 차세대 울트라 전드럼(H10),test
대우 차세대 울트라 후드럼(H10),test
대우 차세대 후드럼(10H)AL용,train
대우 트럭 신형 후드럼 (H8),test
대우 프리마5T(신형) 5톤(H8) 전/후드럼,train
"대우노부스,이베코5톤",train
대우차량 라디에이터센서볼트,train
"댐퍼 스포티지,쏘렌토,카니발",test
댐퍼-리어,train
댐퍼풀리,test
"댐퍼풀리 코란도C,렉스턴W",train
더 넥스크 스파크,train
더 넥스트 스파크,train
더 넥스트 스파크(SCC) 수입품,train
더 넥스트 스파크(수입품),train
더 넥스트 스파크(에스텍),train
더 뉴 싼타페 TM 전쇼바 LH,test
더 뉴 싼타페 TM 전쇼바 RH,train
더 뉴 싼타페 TM 후쇼바,test
더블 12V 150,train
더블 24V 150,train
더블/12V(21/5W)(Excelite),train
더블/12V(21/5W)(라이닉스수입),train
더블/12V(27/8W)(Excelite),test
더블/24V 21/5W(Excelite),test
더블/24V 27/8W(Excelite),train
더블황색 12V 150,train
더블황색 24V 150,train
더블황색/12V 21/5W(Excelite),train
더블황색/24V 21/5W,train
더스트 커버,train
데이라이트 모듈,train
덴소 플러그,train
도어 스톱,train
도어 액츄레이,test
도어가스켓 후/좌,test
도어락,train
도어락 뒤/좌,train
도어락 전/좌,train
도어락(앞/좌),train
동와샤,train
동와샤 보쉬 F00VC17503,train
두원콤프 투싼ix,train
뒤 도아 좌측 (B),train
뒤 도어 락 우,train
뒤 디스크,train
뒤 범퍼 훼시아,train
뒤 슈라이닝 모닝 11년2월~(TA),train
뒤 슈라이닝 포터2 저상 SM700,train
뒤 우 캘리퍼,train
뒤 우 캘리퍼 재제조,train
뒤 조수석 캘리퍼,train
뒤 좌 캘리퍼,train
뒤 좌우 재제조 캘리퍼,train
뒤 캘리퍼(좌),test
뒤 활대링크,test
뒤 활대링크(좌/우),train
뒤ABS 센서,test
뒤디스크,train
뒤디스크 PAGID,train
뒤디스크 TRW제품,train
뒤로워암,train
뒤링크(우),train
뒤링크(좌),train
뒤링크(좌/우),train
뒤부싱,test
뒤브레이크 호스,test
뒤쇼바,train
뒤쇼바 좌,train
뒤슈라이닝,train
뒤와이퍼,train
뒤우 DOOR LOCK,test
뒤우 도어락,test
뒤우 링크,train
뒤우 유리기어,train
뒤우 재제조 캐리어,train
뒤우 재제조 캘리퍼,test
뒤우 재제조 캘리퍼 캐리어 포함,test
뒤우 캘리퍼,test
뒤우 허브베어링,train
뒤좌 도어락,train
뒤좌 링크,train
뒤좌 재제조 캘리퍼,train
뒤좌도어락,train
뒤좌우 재제조 캘리퍼,test
뒤좌우재제조 캘리퍼,train
뒤캘리퍼 우,train
뒤캘리퍼 우 재제조,train
뒤캘리퍼 좌,train
뒤캘리퍼 좌우,train
뒤캘리퍼 좌우 SET,test
뒤캘리퍼 좌우 셋트,train
뒤캘리퍼 좌우 재제조,train
뒤캘리퍼(우),train
뒤캘리퍼(우) 모터포함,train
뒤캘리퍼(좌),test
뒤캘리퍼(좌/우),train
뒤패드,train
뒤패드 3 SERIES 19~,train
뒤패드 3 Serie 18~,train
뒤패드 308 1.6~2.0 09~,train
뒤패드 500,train
뒤패드 523i(F11) 10~,train
뒤패드 740i(G12),train
"뒤패드 7시리즈(E65,E66)02~08",train
뒤패드 A-Class 18~,train
뒤패드 A1(8X1) 14~,test
뒤패드 A4 (8W2) 15~,train
뒤패드 A8 3.2 FSI 05~10 X,train
뒤패드 BMW 520d,test
뒤패드 BMW 528i,train
뒤패드 CC,train
뒤패드 CHEROKEE(KL) 2.4 14~,train
뒤패드 CHEROKEE(KL)2.414~,train
뒤패드 CLS 18~,train
뒤패드 CLS63AMG 13~,train
뒤패드 COMPASS 18~,train
뒤패드 CR-V,train
뒤패드 CT6 17~,test
뒤패드 CTS 2.8~3.6 08~,train
뒤패드 CTS2.8~3.6 08~,train
"뒤패드 DM,스팅어,G4스포츠",train
뒤패드 E400 18~,train
뒤패드 EF 쏘나타,train
뒤패드 EF 쏘나타 고급형,train
"뒤패드 EF,XG SM117",test
뒤패드 EPB 뉴K5(LF+R/S홀),test
"뒤패드 EPB올뉴투싼,올뉴스포티R",test
뒤패드 EQ900 15.12~,train
뒤패드 EQ900 15.12~고급형,train
뒤패드 EQ900 15~ 하드론,train
뒤패드 EQ900 15~하드론Z,train
"뒤패드 G4,스포츠 칸",train
"뒤패드 G4,스포츠 칸 고급",train
"뒤패드 G4,스포츠 칸 하드론",train
뒤패드 G63AMG 12~,train
뒤패드 G63AMG 12~ X,test
뒤패드 G80 16~스포츠타입,train
뒤패드 G80 하드론(리턴스프링),train
"뒤패드 G80(RG3) 18""19"" 하드론",train
뒤패드 G90 18.11~/K9 (RJ),train
뒤패드 GDB1502,train
뒤패드 GV70,train
뒤패드 GV80 20년~ 고급형,test
뒤패드 GV80 제네시스 20년~,test
뒤패드 GV80(JX) 하드론,train
뒤패드 Ghibli Diesel 14~16,train
뒤패드 HG3.0(EPB) 고급형,train
뒤패드 IS250 13~,train
뒤패드 K5 R 티볼리2WD 고급형,train
뒤패드 K5 티볼리2WD,train
뒤패드 K9,train
뒤패드 K9 R 고급형,test
뒤패드 K9 하드론,train
뒤패드 K9(RJ) 18~ 하드론,train
"뒤패드 K9, G80(홀타입)",train
"뒤패드 K9,올뉴카렌스 SM367",train
뒤패드 LF 쏘나타,train
뒤패드 LF 쏘나타 고급형,train
뒤패드 MINI(F55/F56) 13~X,train
뒤패드 ML55AMG 00~05,test
뒤패드 PT크루저1.6~2.4 00~09,train
뒤패드 QM-5,train
뒤패드 QM-5 고급형,test
뒤패드 QM5 SM507,train
뒤패드 QM6 SM521,test
뒤패드 QM6 하드론,train
뒤패드 QM6(EPB)16.09~,train
뒤패드 QM6(EPB)16.09~고급형,train
뒤패드 RAM 1500 PICKUP,train
뒤패드 S60 19~,train
뒤패드 S65AMG 05~13,train
뒤패드 SM5 02년형(02.07~05.02),test
뒤패드 SM5(518/520/525),train
뒤패드 SM5(신)03년(02.07년),test
뒤패드 SM520/525,test
뒤패드 SM6 (EPB),train
뒤패드 SM6 (EPB) 고급형,test
뒤패드 SM6 16~ EPB XM3 SM522,test
뒤패드 SM6 16~ EPB패드,train
"뒤패드 SM7,뉴SM5(05.02후)",train
뒤패드 S클래스 05~13,train
뒤패드 WOKING P513304,train
뒤패드 XE (X760) 2.0 15~,train
"뒤패드 YF,i30뉴프라이드(05년)",test
뒤패드 고급 트랙스,train
뒤패드 고급형 쏘나타N라인 GV70,train
뒤패드 그랑 콜레오드 AR1,test
뒤패드 그랑 콜레오스,test
뒤패드 그랜드카니발 고급형,test
"뒤패드 그랜드카니발,베라크루즈",train
뒤패드 그랜저HG 3.0 EPB,train
"뒤패드 그랜저IG 16""17""(16.11~)",train
뒤패드 뉴 SM3,train
뒤패드 뉴 SM3 13년형(EPB),train
뒤패드 뉴 SM3 R 고급형,train
뒤패드 뉴 SM5 11년형,train
뒤패드 뉴 SM5 11년형 고급형,train
뒤패드 뉴 그랜저HG 3.0 (EPB),train
뒤패드 뉴 그랜져 2.5,train
뒤패드 뉴 아반떼XD 1.6 R,test
뒤패드 뉴 아반떼XD 1.6 고급형,test
"뒤패드 뉴K5,LF+R/S홀 SP1684",test
뒤패드 뉴SM3 13~ EPB SM515,train
뒤패드 뉴SM3 13~ EPB 하드론,train
뒤패드 뉴SM3 13년(EPB) 고급형,train
뒤패드 뉴SM3 SM505,train
"뒤패드 뉴SM5,SM7(11년)",train
뒤패드 뉴카렌스 06년,test
뒤패드 뉴카렌스 06년 고급형,train
뒤패드 뉴카렌스(06년) SM335,train
뒤패드 닛산 알마다,train
뒤패드 닛산 알티마 X,train
뒤패드 더뉴트랙스 18~,train
뒤패드 더뉴트랙스 18~ 하드론,train
뒤패드 디스커버리,train
뒤패드 디스커버리 99~04,train
뒤패드 디스커버리 99~04 X,train
뒤패드 디올 뉴코나 SX2 23.~,train
뒤패드 라세티 (~06.04),train
뒤패드 라세티 06년형(06.05~),train
뒤패드 라세티 프리미어 R,train
뒤패드 라세티(06년),train
뒤패드 라세티고급형 고급형,test
뒤패드 라세티프리미어 SM430,test
뒤패드 랭글러(TJ) 96~08,test
"뒤패드 레간자,누비라2,DOHC",test
뒤패드 레니게이드 14년~,train
뒤패드 렉서스 GS300,train
뒤패드 렉서스 LS430 00~06,train
뒤패드 렉서스 LS460 06~,train
"뒤패드 로디우스,카이런 고급",train
"뒤패드 로디우스,카이런,액티언",train
뒤패드 르노 마스터 18~SM531,train
뒤패드 르노 마스터 밴 (18.10~),train
뒤패드 링컨 MKX 3.5 06~,train
뒤패드 링컨 MKX X,train
뒤패드 링컨 타운카 4.6 96~02,train
뒤패드 마쯔다 6,train
"뒤패드 말리부 (16"",17"")",train
"뒤패드 말리부 (16"",17"") 고급형",train
"뒤패드 매그너스,토스카",train
"뒤패드 매그너스2.5,L6,토스카",train
뒤패드 머스탱3.7/5.0 11~14,train
뒤패드 모닝,train
뒤패드 모닝 11년형(TA),test
뒤패드 모닝 17년형(JA) 고급형,train
뒤패드 모닝 17년형(JA) 캐스퍼,train
"뒤패드 모닝(11년),레이,코나",train
"뒤패드 모닝11년,코나 프리미엄",test
뒤패드 무쏘(만도),train
뒤패드 무쏘(만도) 고급형,train
"뒤패드 무쏘,렉스턴(만도)신",train
뒤패드 미니 컨트리맨 16~ X,train
뒤패드 미니 쿠퍼,train
"뒤패드 베뉴,셀토스 2WD,EPB아님",test
뒤패드 벤츠 E Class 16~,train
뒤패드 벤츠 E클래스 300,train
뒤패드 벤츠 E클래스300 ~93 X,train
뒤패드 벤츠 S클래스 500,train
뒤패드 벤츠B200,train
뒤패드 벨로스터 SM175,train
뒤패드 볼보 S80,test
뒤패드 볼보 S80(T5) 14~,train
뒤패드 세피아,train
"뒤패드 셀토스 2WD,EPB 19년~",test
뒤패드 셀토스(EPB)2WD(19.07~),train
뒤패드 스타렉스04년 고급형,train
뒤패드 스타렉스04년형,train
"뒤패드 스타렉스04형,뉴싼타페06",train
뒤패드 스타리아 21.04~,train
뒤패드 스타리아 21.04~ 고급형,train
뒤패드 스타리아 21~ 하드론,train
뒤패드 스타리아 EPB 21~ 하드론,train
뒤패드 스타리아(US4) 21~,train
뒤패드 스타리아EPB 21~,test
"뒤패드 스팅어18""(브렘보)17.09~",train
"뒤패드 스팅어18""(브렘보)17~",test
뒤패드 싼타페 18년(EPB)(TM),train
뒤패드 싼타페 18년형 TM R,train
뒤패드 싼타페 18년형(TM) SM196,train
뒤패드 싼타페 TM (18.02~),train
뒤패드 싼타페 TM 고급형,train
뒤패드 싼타페18년TM 고급형,train
뒤패드 쏘나타 DN8 R K8,train
뒤패드 쏘나타 DN8 R 고급형,train
뒤패드 쏘나타(DN8)19~ SM187,train
뒤패드 쏘나타(DN8)19~ 하드론,train
뒤패드 쏘나타N라인(20.11~)GV70,train
뒤패드 쏘렌토,test
뒤패드 쏘렌토 (MQ4) 20~,train
뒤패드 쏘렌토 (MQ4) 고급형,train
뒤패드 쏘렌토 고급형,train
뒤패드 쏘렌토(MQ4) 20~,train
뒤패드 쏠라티,train
뒤패드 쏠라티 15.06~,train
뒤패드 쏠라티 15.06~고급,train
뒤패드 쏠라티(센서포함)15.06~,train
뒤패드 아반떼 (CN7) 20~,train
뒤패드 아반떼 (CN7) 20~(EPB),train
뒤패드 아반떼 11년형 고급형,train
뒤패드 아반떼 11년형 티볼리4WD,train
"뒤패드 아반떼,XD SM120",train
"뒤패드 아반떼AD,스토닉 SM175",train
뒤패드 아반떼CN7 (20.03~),train
뒤패드 아반떼CN7 20~(EPB),train
뒤패드 아반떼CN7 20~(EPB)고급,train
뒤패드 아반떼CN7(20.03~)고급,test
뒤패드 아반테MD.엑센트(11년),train
뒤패드 아이오닉5 전기차,train
뒤패드 아이오닉5 전기차 고급,train
뒤패드 알페온 SM441,train
"뒤패드 에쿠스3.0,3.5,4.5",train
"뒤패드 오피러스(06년),NF트랜폼",train
뒤패드 올 뉴 말리부 R,train
뒤패드 올 뉴 말리부 고급형,train
뒤패드 올 뉴 쏘렌토 R,train
뒤패드 올 뉴 쏘렌토 SM357,train
뒤패드 올 뉴 쏘렌토 고급형,test
뒤패드 올 뉴 쏘렌토 하드론,train
뒤패드 올 뉴 투싼(TL),train
뒤패드 올뉴 K7(16.03~),test
뒤패드 올뉴 말리부 16년형~,train
뒤패드 올뉴모닝 17년형~,train
뒤패드 올뉴투싼(TL) 고급형,train
"뒤패드 올뉴투싼,올뉴스포티지R",test
뒤패드 올뉴트랙스(18.01~),test
뒤패드 윈스톰,train
"뒤패드 윈스톰,캡티바 2.2/2.4",test
"뒤패드 윈스톰,캡티바 고급형",train
"뒤패드 제네시스, 모하비",train
"뒤패드 제네시스,모하비 SM353",train
"뒤패드 제네시스,모하비 고급형",train
뒤패드 지프 그랜드체로키,train
뒤패드 지프 컴패스,test
뒤패드 지프 컴패스 X,train
뒤패드 체로키(KL) 2.4 14~,train
뒤패드 체로키/리버티 01~08,train
뒤패드 체어맨,test
뒤패드 카이엔 3.0~4.8 10~X,train
뒤패드 캐시카이 1.6 Dci 13~,train
뒤패드 코나(SX2) 23년,test
뒤패드 콜로라도,train
뒤패드 콜로라도 4P,train
뒤패드 콜로라도 4P 15~ 하드론,train
"뒤패드 크레도스,카렌스,세피아2",test
뒤패드 테라칸,train
뒤패드 토요타 캠리,test
뒤패드 투아렉 11~,test
뒤패드 트래버스 20~,train
뒤패드 트래버스 20~ 하드론,train
뒤패드 트랙스 크로스오버23.03~,test
뒤패드 트레일블레이저 20~,train
뒤패드 트레일블레이저 하드론,test
뒤패드 퍼시피카 04~08,train
뒤패드 펠리세이드(LX2) 18.11~,train
뒤패드 펠리세이드(LX2) SM194,train
뒤패드 펠리세이드(LX2) 하드론,train
뒤패드 펠리세이드18년 고급형,train
뒤패드 포드 익스페디션,train
뒤패드 포드 익스플로러,train
뒤패드 포드 크라운 빅토리아,test
뒤패드 포드 포커스,train
뒤패드 폭스바겐골프,train
뒤패드 허머 H3 3.7 07~10,test
뒤패드 혼다 ACCORD 17~,test
뒤패드 혼다 CR-V,train
뒤패드디올 뉴코나 SX2 23.~고급,train
뒤패드센서,train
뒤허브베어링,test
뒤활대 부싱,train
뒤활대링크,train
뒤활대부싱,train
뒷바퀴 조명등 12V 400mm,test
뒷바퀴 조명등 12V 600mm,train
뒷바퀴 조명등 24V 400mm,train
뒷바퀴 조명등 24V 600mm,train
드라이브 벨트 아이들 K5,train
드라이브 샤프트 RH,train
드라이브 샤프트 전 RH,train
드라이브벨트 텐셔너 알페온DOHC,train
드라이브샤프 RH,train
드라이브샤프트,test
드라이브샤프트 RH,train
드라이브샤프트 앞우,train
드라이브샤프트 앞좌,train
드라이브샤프트 전/우,train
드라이브샤프트 전좌,test
드라이브샤프트 후/우,train
드라이브샤프트 후/좌,test
드래인플러그,train
드레인 볼트,train
드레인 플러그,train
드레인볼트,train
드레인플러그,train
드레인플러그 ELRING,train
등속 LH,train
등속 RH,train
등속 부트,train
등속 부트 아우터 앞,test
등속 부트 인너,train
등속부트,train
등속조인트,train
등속조인트 우,test
등속조인트 좌,test
등속조인트 좌우공용,test
디스크,train
디스크 뒤,train
디스크 뒤 D6150300,train
디스크 뒤 EF,train
디스크 뒤 G4 렉스턴,test
디스크 뒤 GV80,train
디스크 뒤 HD ABS,test
디스크 뒤 HG 11~,train
"디스크 뒤 IG(-EPB)16""",train
"디스크 뒤 IG(EPB)16""",train
"디스크 뒤 K2 11년,올뉴프라이드",test
"디스크 뒤 NF15""16""",train
디스크 뒤 TG2.7,test
디스크 뒤 XG(신),train
디스크 뒤 i30 07~11/IX/K5,train
디스크 뒤 i40(VF) 12~,test
디스크 뒤 그랜드스타렉스 07~,test
디스크 뒤 그랜드카니발 2.7/2.9,train
디스크 뒤 기아 니로,train
디스크 뒤 뉴SM3(L38),train
디스크 뒤 뉴SM5(L43)/올뉴SM7(L,train
디스크 뒤 뉴SM5/뉴SM7,test
디스크 뒤 뉴카렌스,train
"디스크 뒤 라세티 프리미어16""",train
디스크 뒤 로디우스 2.7 05~,train
디스크 뒤 모닝 04~11,train
디스크 뒤 모하비 09~,test
디스크 뒤 무쏘/뉴코란도/렉스턴,train
디스크 뒤 베라크루즈,test
디스크 뒤 벨로스터 11~/MD,train
디스크 뒤 세피아(주문생산),test
"디스크 뒤 스팅어,G70 브렘보",train
디스크 뒤 싼타페 TM 18년,test
디스크 뒤 싼타페 TM 18년(EPB),train
"디스크 뒤 싼타페 TM 19~,팰리세",train
디스크 뒤 싼타페DM/쏘렌토R 10~,train
디스크 뒤 싼테CM 06~,train
디스크 뒤 쏘나타 DN8,train
디스크 뒤 쏘렌토 MQ4,test
디스크 뒤 쏘렌토(주문생산),train
디스크 뒤 쏠라티 16년,train
디스크 뒤 액티언06~/카이런,train
디스크 뒤 에쿠스(주문생산),train
디스크 뒤 올뉴쏘렌토 15~,test
디스크 뒤 올뉴카니발 14~,train
디스크 뒤 올뉴카렌스 13~(주문,train
"디스크 뒤 제네시스 쿠페(18"")",train
"디스크 뒤 카렌스IV,코나,스토닉",test
디스크 뒤 코란도C(2륜) 11~,train
디스크 뒤 코란도C(4륜) 11~,train
디스크 뒤 투싼TL(-EPB) 15~,train
디스크 뒤 투싼TL(EPB) 15~,train
디스크 뒤 트라제XG/싼타페,train
디스크 뒤 티볼리 (2WD),train
디스크 뒤 파비스 19년,train
디스크 뒤 포터2 04~ (드럼),train
디스크 앞,train
디스크 앞 (그랜드)카니발 09~,train
디스크 앞 (신)포터/프론티어(주,train
"디스크 앞 EF15""/옵티마",train
디스크 앞 EQ900 3.3,train
디스크 앞 EQ900 5.0,train
디스크 앞 EV9,train
디스크 앞 G4 렉스턴,train
"디스크 앞 G4 렉스턴,스포츠칸",train
디스크 앞 G80 20년 더뉴G70,test
디스크 앞 GV80,train
"디스크 앞 HG16"" 11~/K7",test
"디스크 앞 HG17""",train
"디스크 앞 HG17"" (카오스타입)",train
"디스크 앞 I30 (15"")",train
"디스크 앞 IG17""",train
디스크 앞 K5 GT,train
디스크 앞 LF/뉴K5/올뉴투싼,train
"디스크 앞 NF15""(카오스)",train
"디스크 앞 NF15""/로체",test
"디스크 앞 NF16""",test
디스크 앞 QM3,train
디스크 앞 SM3,train
디스크 앞 SM5,train
디스크 앞 SM6,train
디스크 앞 TRW DF4294S,test
디스크 앞 XD(ABS) 99~06)(주문,train
디스크 앞 XG 2.5/3.0(주문생산),train
디스크 앞 그랜드스타렉스 07~,train
"디스크 앞 넥스트 스파크 13""",test
"디스크 앞 뉴EF/옵티마16""",train
디스크 앞 뉴SM3(L38),train
디스크 앞 뉴SM5(L43),train
디스크 앞 뉴SM5(임프레션)/SM7,train
디스크 앞 뉴스포티지/투싼,test
디스크 앞 뉴싼타페07-10,train
디스크 앞 뉴카니발(주문생산),test
디스크 앞 뉴포터/그레이스,train
디스크 앞 뉴프라이드,train
디스크 앞 니로 17~,test
디스크 앞 더 뉴 카니발 19년,train
"디스크 앞 더넥스트스파크14"" 15",test
디스크 앞 더뉴카니발,train
디스크 앞 마티즈/올뉴마티즈,train
디스크 앞 매그너스/라세티/레조,train
디스크 앞 모닝~11/레이,train
디스크 앞 모하비 09~,test
디스크 앞 무쏘/뉴코란도/렉스턴,train
디스크 앞 베라크루즈06-/뉴싼타,train
디스크 앞 베르나(주문생산),train
디스크 앞 벨로스터1.6 11~/MD,train
디스크 앞 봉고 2.5 GRDi,train
디스크 앞 봉고3(신)/포터2(신),test
디스크 앞 봉고3/포터2,train
디스크 앞 스타렉스/리베로(주문,train
"디스크 앞 스팅어,G70 브렘보",train
"디스크 앞 싼타모,카스타",test
디스크 앞 싼타페 DM 13~,train
디스크 앞 싼타페 TM 19~,train
"디스크 앞 쎄라토15""",train
디스크 앞 쏘나타 DN8,train
디스크 앞 쏘렌토 MQ4,train
디스크 앞 쏘렌토(주문생산),test
디스크 앞 쏠라티 16년,train
디스크 앞 아반떼 HD,train
디스크 앞 에쿠스 3.0/3.5(주문,train
"디스크 앞 에쿠스(09~),K9 15년",train
디스크 앞 엑센트/리오(UB) 11~,train
디스크 앞 올뉴SM7(L47),test
디스크 앞 올뉴모닝 JA 20년,train
디스크 앞 올뉴모닝(JA) 17~,test
디스크 앞 올뉴카니발,train
"디스크 앞 올란도,라프16"",크루",train
디스크 앞 이스타나,test
"디스크 앞 제네시스 쿠페(18"")",train
디스크 앞 젠트라/칼로스/스파크,train
디스크 앞 체어맨,train
디스크 앞 카니발 KA4 20년,train
디스크 앞 카렌스2(주문생산),train
"디스크 앞 카이런,액티언",train
"디스크 앞 코란도C,액티언스포츠",train
디스크 앞 테라칸,train
"디스크 앞 트라제XG,싼타페15""",train
디스크 앞 트라제XG2.7/3.0/TG,test
디스크 앞 티볼리 1.6,train
디스크 앞 파비스 19년,train
"디스크 앞 팰리세이드,맥스크루",train
디스크 앞 포터2/뉴스타렉스,test
디스크 앞 현대 E-카운티 EM,train
디스크 앞 현대 i-10,train
디스크 카렌스 06~,train
디스크 프론트 휠 브레이크,train
디스크 후 G80 20년 더뉴G70,train
"디스크(카오스) NF(16""),로체",test
라노스 (A/T),train
라노스 A/T (삼성),test
라노스 DO N/PW SET,test
라노스 SO N/PW SET,train
라노스 SO PW SET,test
"라노스, 누비라 후드럼",train
"라노스,씨에로,칼로스,넥시아 브레이크",train
라디에이터,train
라디에이터 17118509175,test
라디에이터 19010RCAA53,train
라디에이터 19010RZAA51,train
라디에이터 21460EG200,test
라디에이터 21460EH100,train
라디에이터 2305000303,train
라디에이터 4F0121251M,train
라디에이터 VEMO V15606040,train
라디에이터 벤트 파이프,train
라디에이터 팬,train
라디에이터 펜,train
라디에이터 호스,train
라디에이터 휀,test
라디에이터 휀 NISSENS,train
라디에이터캡,train
라디에이터휀,train
라디엥이터 휀,train
라바호스,train
라바호스 상,train
라바호스 정품,train
라보 후 쇼바(대영),train
라보/다마스/티코/마티즈,train
라비타,train
라비타 가솔린 (A/T) 17150공용,test
라비타/아반떼XD 후 드럼,train
라세티,test
라세티 (A/T),train
라세티 A/C,train
라세티 A/T(삼성) 3424/3423공,test
라세티 전 LH (GAS)대영,train
라세티 전 RH (GAS)대영,test
라세티 전 쇼바 LH (OIL),train
라세티 전 쇼바 RH (OIL),train
라세티 전(09년)LH 대영(GAS),train
라세티 전(09년)RH 대영(GAS),train
"라세티 프리미어 / 크루즈 / 올란도 15"" 브레이크",train
"라세티 프리미어 / 크루즈 15"" 브레이크",train
라세티 프리미어 타이밍벨트 KIT,train
라세티 프리미어 후쇼바 (GAS),train
"라세티 프리미어(16 인치)/크루즈,올란도 디젤 전 디스크",test
라세티 후 LH (GAS)대영,train
라세티 후 RH (GAS)대영,train
라세티 후 쇼바 LH (OIL),train
라세티 후 쇼바 RH (OIL),train
라세티(해치팩) 1.6 전디스크,test
라세티/메그너스 ABS 후 브레이크,train
라세티프리미어 1.6 (신)A/C,test
"라세티프리미어 2.0,올란도,크루",train
"라세티프리미어(디젤),올라도",train
라이너-전 휀더 우,test
라이노 써머스타트(78/82 C),train
라이노 전 쇼바,train
라이노 후 쇼바,train
"라이닝 (뉴)QM3,클리오 후",train
라이닝 E-마이티3.5 (앞/뒤),train
"라이닝 QM3 후,클리오",train
라이닝 SM3 후,train
"라이닝 그레이스,갤로퍼 후",test
라이닝 기아5톤(라이노) 앞,train
라이닝 기아5톤(라이노) 후,train
"라이닝 뉴모닝 후(11년형),레이",train
라이닝 다마스 후,train
라이닝 대우 5톤 후,train
라이닝 더 넥스트 스파크 후,train
라이닝 레간자 후,train
라이닝 레스타(LB) (후),test
"라이닝 르망,에스페로(구) 후",train
라이닝 리베로 후,train
"라이닝 마이티2.5톤(앞,뒤)",train
라이닝 매그너스 후,train
라이닝 모닝 후(구형),train
"라이닝 베스타,프레지오,봉고3후",train
"라이닝 스타렉스(구),갤로퍼II후",train
라이닝 스포티지(구) 후,train
"라이닝 아벨라,리오 후",test
"라이닝 아토스,비스토 후",train
라이닝 야무진(삼성1톤) 후,train
라이닝 에어로타운 앞 SA410,train
라이닝 에어로타운 후SA411,train
"라이닝 에어로타운(신)(앞,뒤)",train
"라이닝 엘란트라,아반테,XD 후",test
라이닝 와이드봉고프론티어1.3후,train
라이닝 카니발 (04형) 후,train
라이닝 카니발 (구) 후,train
라이닝 카니발(KD)(구형) 후,train
라이닝 콩코드(자) 후,train
"라이닝 티코,마티즈 후",train
라이닝 포르테 후,test
"라이닝 포터,뉴포터 후",test
라이닝 프린스 후,train
라이닝 현대 5톤 앞,train
라이닝 현대 5톤 후,train
라이닝 현대 QT 고하중 F/R,test
"라이닝 현대5톤,메가트럭QV",train
라이닝 현대메가트럭(QV/신) 5톤,test
라이닝2.5톤저상(후) Pr Auto,train
라이닝2.5톤저상(후) Pr Manu,train
라이닝2.5톤저상(후) Se Auto,train
라이닝2.5톤저상(후) Se Manu,train
"라이닝E-마이티2.5톤고상(앞,뒤)",train
라이닝e마이티2.5톤저상(후)Se-M,train
"라이닝그랜드스타렉스,카니발 후",train
라이닝뉴프라이베르나05년형 후,test
"라이닝스타렉스(03,04형) 후",train
라이닝점보타이탄(트레이드) 전,train
라이닝점보타이탄(트레이드) 후,train
"라이닝칼로스,젠트라,후",train
"라이닝트라제XG,카니발(신) 후",train
"라이닝포터2,봉고3(저상)후SM614",train
라인,train
라인-벤트,train
라지에다 마운팅 플레이트,train
라지에다 상 호스,train
라지에다 캡,train
라지에이터,train
란트라 2 전 브레이크디스크,test
랜드로버 뒤패드,train
랜드로버 앞패드,train
레간자 2.0 SO/레조,train
레간자 DO / 매그너스,train
레간자 SO 브레이크,train
"레간자,누비라2 (A/T)",train
"레간자,매그너DO롤러가이드",train
레간자/레조 휀 아이들,train
레간쟈 A/T (삼성) 96273594,train
레간쟈 LPG SET 6PK1900,train
레간쟈 브레이크,train
레간쟈 써머가스켓트(오링),test
레간쟈1.8 SET 6PK1892,train
레귤레이팅 밸브,train
"레볼루션 TX 14""(350mm) 고급형",train
"레볼루션 TX 16""(400mm) 고급형",train
"레볼루션 TX 18""(450mm) 고급형",test
"레볼루션 TX 20""(500mm) 고급형",train
"레볼루션 TX 22""(550mm) 고급형",train
"레볼루션 TX 24""(600mm) 고급형",train
"레볼루션 TX 26""(650mm) 고급형",test
"레볼루션 TX 28""(700mm) 고급형",train
레이,train
레이 (TAM 12T),train
레이 (가솔린 A/T),test
레이 A/C,train
"레이(가솔린,MPI/LPI)물통O",test
레이(카파1.0 A/T TCI),train
"레이,카파1.0 (A/T)",test
레조 (2P),train
레조 A/T(삼성),train
레조 구형 (4P),train
레조 구형 A/C,train
레조 브레이크,train
레조 신형 (2P),train
레조 신형 A/C,train
레조 전 쇼바 LH (OIL)대영,train
레조 전 쇼바 RH (OIL)대영,test
레조 후 쇼바 (OIL)대영,test
"레조,라노스 릴리스베어링",test
렉스턴 (구형) 2003년 이전(중국,train
렉스턴 4WD 전 디스크,train
렉스턴 CRDI SET 6PK2255,train
렉스턴 W (12~)(SCC),train
렉스턴 구형 A/C,train
렉스턴 구형(03년이전) A/T(120),test
렉스턴 스포츠(칸)G4 오토(SCC),train
렉스턴 스포츠/칸 전디스크,train
렉스턴 신형 A/C 높이49cm,test
렉스턴 중신형(03년~)A/T(SCC),train
렉스턴 후 쇼바(GAS),train
렉스턴(구) 전쇼바(GAS) 좌우공,train
렉스턴(신) 전쇼바 2륜 전(GAS),test
렉스턴(신) 전쇼바 4륜 전(GAS),test
"렉스톤,로디우스,XDi Engine",train
로드 + 엔도,train
"로디,카이런,액티언(수동)아이들",train
로디우스 메인 A/C,train
로디우스 전쇼바(가스),train
"로디우스,카이런,액티언",train
로디우스/코란도 투리스모 전 디스크,train
로워암,train
로워암 FR/LH,test
로워암 FR/RH,train
로워암 RH,train
로워암 링크,test
로워암 볼조인트 좌,train
로워암 부싱,train
로워암 부싱 좌/우 한셋,train
로워암 우,train
로워암 좌,train
로워암(앞/우),train
로워암브라켓 RH,train
로웡암,train
로체,train
로체 가솔린 1.8/2.0/2.4,train
로체 전 쇼바 LH (GAS) 대영,train
로체 전 쇼바 RH (GAS) 대영,train
로체 팽창밸브,train
로체 후 (가스) 대영,train
로커암 커버 가스켓,train
로커암가스켓,train
록 앗세이-크렁크 도어,train
르망 브레이크,train
리데나,train
리베로 A/C (RH),test
리베로(신) 후 드럼,train
"리베로,스타렉스 릴리스베어링",train
리벳(POP-RIVET),train
리어 와이퍼 275A (11),train
리어 와이퍼 275B (11),train
리어 와이퍼 300A (12),train
리어 와이퍼 300B (12),train
리어 와이퍼 300C (12),train
리어 와이퍼 325 (13),train
리어 와이퍼 350 (14),train
리어 와이퍼 블레이드,train
리오 DO/스팩트라 DO,train
리오 DOHC 타이밍벨트 KIT,train
리오 SF (A/T),train
리오 SF 라디에이터 신형,train
리오 SO.DO SET,train
리오 후 드럼,train
"리오,카렌스1.8 써머스타트",train
리오/아벨라 브레이크,train
리오SF(신형) 브레이크,train
리턴호스,train
리페어 키트-터보 액츄에이터,train
릴리스 실린더 쏘렌토,train
"릴리스실린더 EF,투싼,옵티마,XG",train
릴리스실린더 E마이티 NARROW,train
"릴리스실린더 XG,EF,리갈,옵티마",train
릴리스실린더 갤로퍼 인터쿨러,train
릴리스실린더 그랜드스타렉스,train
"릴리스실린더 그레이스,갤로퍼",test
"릴리스실린더 뉴프라이드,HD",train
릴리스실린더 라이노,train
"릴리스실린더 마이티 ,카운티",test
"릴리스실린더 마이티,E마이티",train
릴리스실린더 마이티2.5톤(구형),train
"릴리스실린더 무쏘,뉴코란도",train
릴리스실린더 베르나1.3,train
"릴리스실린더 베스타,와이드봉고",train
"릴리스실린더 복사,타이탄",train
릴리스실린더 봉고3 1톤/1.4톤,test
"릴리스실린더 싼타모,카스타",train
"릴리스실린더 쏘나타I,II,III",train
"릴리스실린더 아베오,칼로스",train
릴리스실린더 엑센트(구형),train
"릴리스실린더 엑셀,엘란트라",train
릴리스실린더 이스타나,train
릴리스실린더 카니발:LPG/가솔린,test
"릴리스실린더 카렌스,뉴세피아",train
릴리스실린더 콤비,train
릴리스실린더 크레도스,train
"릴리스실린더 파워봉고,봉고",train
릴리스실린더 포터(440/구형),test
릴리스실린더 포터2,train
"릴리스실린더 프론티어,베스타",test
릴리스실린더 현대5톤 카고트럭,train
릴리스실린더포터97(뉴포터),train
링컨 뒤패드,train
링크,train
링크 (공용) 뉴 K5(1EA),train
링크 (공용) 뉴 K5(2EA),train
링크 (전) EF 쏘나타(2EA),train
링크 (전) G4 렉스턴 (1EA),train
링크 (전) NF 쏘나타(2EA),train
링크 (전) 넥스트 스파크(1EA),train
링크 (전) 뉴 SM3 (L38)(1EA),train
링크 (전) 뉴 SM3 (L38)(2EA),train
링크 (전) 뉴 SM5(L43)(1EA),train
링크 (전) 뉴 SM5(L43)(2EA),train
링크 (전) 뉴 티볼리 (1EA),train
링크 (전) 로체(1EA),train
링크 (전) 로체(2EA),train
링크 (전) 스토닉 (2EA),train
링크 (전) 스파크(1EA),train
링크 (전) 스파크(2EA),train
링크 (전) 스포티지(2016)(2EA),train
링크 (전) 싼타페 DM(1EA),train
링크 (전) 싼타페 DM(2EA),train
링크 (전) 쏘나타 2(2EA),train
링크 (전) 쏘나타 DN8(2EA),test
링크 (전) 쏘렌토 (2016)(1EA),train
링크 (전) 쏘렌토 (2016)(2EA),train
링크 (전) 쏘렌토(2EA),test
링크 (전) 아반떼 AD(2016)(1EA),train
링크 (전) 아반떼 CN(2EA),test
링크 (전) 아반떼 HD(1EA),train
링크 (전) 아반떼 HD(2EA),train
링크 (전) 올 뉴 카니발(1EA),train
링크 (전) 올 뉴 카니발(2EA),train
링크 (전) 올란도 알페온 (1EA),test
링크 (전) 제네시스 G80 (2EA),train
링크 (전) 코란도 C (1EA),train
링크 (전) 투싼 IX (1EA),test
링크 (전) 투싼 IX (2014) (2EA),train
링크 (전) 투싼 IX(2EA),test
링크 (전) 투싼(1EA),train
링크 (전) 티볼리 (1EA),train
링크 (전) 펠리세이드(2EA),train
링크 (전)QM3 (1EA),test
링크 (전)SM6 (1EA),train
링크 (전)모닝 2017 (2EA),train
"링크 (전)스포티지R,투산IX(2EA)",train
"링크 (전,우) K5(1EA)",train
"링크 (전,우) K5(2EA)",train
"링크 (전,우) LF 쏘나타(1EA)",train
"링크 (전,우) LF 쏘나타(2EA)",train
"링크 (전,우) SM5 (N5)(1EA)",train
"링크 (전,우) SM5 (N5)(2EA)",train
"링크 (전,우) YF 쏘나타(2EA)",test
"링크 (전,우) 그랜드 카니발(2EA",train
"링크 (전,우) 그랜드카니발(1EA)",train
"링크 (전,우) 그랜져 IG (2EA)",test
"링크 (전,우) 뉴 베르나 (2EA)",train
"링크 (전,우) 뉴 싼타페(2EA)",train
"링크 (전,우) 뉴 싼타페/CM(1EA)",test
"링크 (전,우) 뉴 프라이드(2EA)",train
"링크 (전,우) 모닝(1EA)",train
"링크 (전,우) 모닝(2EA)",train
"링크 (전,우) 모하비 (2EA)",train
"링크 (전,우) 윈스톰 (2EA)",train
"링크 (전,우) 제네시스 (2EA)",train
"링크 (전,우)QM5 (2EA)",train
"링크 (전,우)QM6 (1EA)",test
"링크 (전,우)그랜드스타렉스(1EA",train
"링크 (전,우)그랜드스타렉스(2EA",train
"링크 (전,우)올뉴모닝,레이(1EA)",test
"링크 (전,우)제네시스 2016(2EA)",train
"링크 (전,우)제네시스 G70 (2EA)",test
"링크 (전,우)제네시스EQ900(2EA)",train
"링크 (전,좌) K5(1EA)",train
"링크 (전,좌) K5(2EA)",train
"링크 (전,좌) LF 쏘나타(1EA)",test
"링크 (전,좌) LF 쏘나타(2EA)",test
"링크 (전,좌) SM5 (N5)(1EA)",train
"링크 (전,좌) SM5 (N5)(2EA)",train
"링크 (전,좌) YF 쏘나타(2EA)",train
"링크 (전,좌) 그랜드 카니발(2EA",test
"링크 (전,좌) 그랜드카니발(1EA)",test
"링크 (전,좌) 그랜져 IG (2EA)",train
"링크 (전,좌) 뉴 베르나 (2EA)",train
"링크 (전,좌) 뉴 싼타페(2EA)",train
"링크 (전,좌) 뉴 싼타페/CM(1EA)",train
"링크 (전,좌) 뉴 프라이드(2EA)",train
"링크 (전,좌) 모닝(1EA)",train
"링크 (전,좌) 모닝(2EA)",train
"링크 (전,좌) 모하비 (2EA)",test
"링크 (전,좌) 윈스톰 (2EA)",train
"링크 (전,좌) 제네시스 (2EA)",train
"링크 (전,좌)G 스타(13~15)(1EA)",train
"링크 (전,좌)QM5 (2EA)",train
"링크 (전,좌)QM6 (1EA)",test
"링크 (전,좌)그랜드스타렉스(1EA",train
"링크 (전,좌)그랜드스타렉스(2EA",train
"링크 (전,좌)올뉴모닝,레이(1EA)",train
"링크 (전,좌)제네시스 2016(2EA)",train
"링크 (전,좌)제네시스 G70 (2EA)",train
"링크 (전,좌)제네시스EQ900(2EA)",train
"링크 (전,좌,우) 아반떼 MD(1EA)",test
"링크 (전,좌,우) 아반떼 MD(2EA)",train
"링크 (좌,우)G 스타(13~15)(1EA)",test
"링크 (후,우) 제네시스 G70(2EA)",train
"링크 (후,좌) 제네시스 G70(2EA)",train
링크 뒤 우,train
링크 뒤 좌,train
"링크 뒤 좌,우",train
링크 뒤 좌/우,train
링크 앞 우,train
링크 앞 좌,train
링크 앞 좌/우,train
링크 앞/우,train
링크 앞/좌,train
링크 우,train
"링크 전,후 (우) QM-5(CLN35)",train
"링크 전,후 (좌) QM-5(CLN36)",test
링크 전우,train
링크 좌,train
"링크(구형,전,우) K5,HG,YF",test
"링크(구형,전,좌) K5,HG,YF",train
"링크(전) EF,XG,리갈",train
"링크(전) HD,i30,포르테",test
"링크(전) K3,MD",test
"링크(전) NF,TG",train
링크(전) 뉴SM-5(L43),train
링크(전) 뉴투싼IX,test
"링크(전) 레조,칼로스",train
"링크(전) 로체,뉴카렌스",train
"링크(전) 스타랙스,리베로",train
링크(전) 싼타페DM,test
"링크(전) 쏘나타2,XD",test
링크(전) 쏘렌토 0201~0402,train
링크(전) 아반떼,train
링크(전) 에쿠스,train
링크(전) 올뉴쏘렌토,train
링크(전) 올뉴카니발,train
"링크(전) 카니발,카니발2",test
"링크(전) 투싼,뉴스포티지",train
"링크(전) 투싼IX,스포티지R",train
"링크(전,우) LF,K5(2세대),IG,K7",train
"링크(전,우) YF,K7",test
"링크(전,우) 그랜드스타렉스",train
"링크(전,우) 그랜드카니발",test
"링크(전,우) 뉴베르나",train
"링크(전,우) 모닝,뉴모닝",train
"링크(전,우) 모하비",train
"링크(전,우) 베라크루즈",train
"링크(전,우) 싼타페",train
"링크(전,우) 쎄라토,뉴쎄라토",test
"링크(전,우) 쏘렌토 0402~0603",test
"링크(전,우) 쏘울",train
"링크(전,우) 올뉴더뉴카렌스",train
"링크(전,우) 올뉴모닝",train
"링크(전,우) 제네시스,K9",train
"링크(전,우) 카렌스2,엑스트랙",train
"링크(전,우) 트라제XG",train
"링크(전,좌) LF,K5(2세대),IG,K7",train
"링크(전,좌) YF,K7",test
"링크(전,좌) 그랜드스타렉스",test
"링크(전,좌) 그랜드카니발",train
"링크(전,좌) 뉴베르나",train
"링크(전,좌) 모닝,뉴모닝",train
"링크(전,좌) 모하비",train
"링크(전,좌) 싼타페",train
"링크(전,좌) 쎄라토,뉴쎄라토",train
"링크(전,좌) 쏘렌토 0402~0603",test
"링크(전,좌) 쏘울",train
"링크(전,좌) 올뉴더뉴카렌스",test
"링크(전,좌) 올뉴모닝",train
"링크(전,좌) 제네시스,K9",train
"링크(전,좌) 카렌스2,엑스트랙",train
"링크(전,좌) 트라제XG",train
"링크(최신형,전) YF,HG,아슬란",train
"링크(후) EF,XG",train
"링크(후) EF,뉴EF,XG",test
"링크(후) HD,i30",test
"링크(후) NF,TG",train
링크(후) 그랜드카니발,train
"링크(후) 로체,뉴카렌스",train
링크(후) 베라크루즈,test
링크(후) 에쿠스,train
"링크(후) 투싼,뉴스포티지",train
"링크(후,우) 그랜드스타렉스",train
"링크(후,우) 뉴SM5(L43)",train
"링크(후,좌) 그랜드스타렉스",train
"링크(후,좌) 뉴SM5(L43)",train
"링크(후,좌/우) YF,i40,HG,K5,K7",train
링크-프런트 스테빌라이저,test
마세라티 뒤패드,train
마세라티 뒤패드(센서포함),train
마세라티 앞패드,train
마세라티 앞패드(센서포함),train
마운트 베어랑 하부,test
마운트 베어링,train
마운트 베어링 상부,train
마운트 앞 좌/우,train
마운트베어링,train
"마이티 1,2 저상 브레이크",train
마이티 15MY (삼성) (QT/R),train
마이티 19~ 전 드럼(30),test
마이티 19~ 후/드럼(30),train
마이티 릴리스베어링(A-2),test
마이티 써머가스켓트,test
마이티(2-98년) 용 / 경주,train
"마이티(II) 2.5,3.5톤 전 쇼바",train
"마이티(II) 2.5,3.5톤 후 쇼바",train
마이티(신형)마꾸라조인트,test
"마이티1,2(고상)/카운티/파맥스2.5 드럼(전/후)",train
마이티2 (M/T),train
"마이티2 2.5,3.5톤 저상(SUB)",train
마이티2 써머스타트(74.5/82 C),train
마이티2 터보 (M/T),train
"마이티2015 디스크 (2.5카고, 특장)",train
마이티3.5 인터쿨러마꾸라조인트,train
"마이티3.5, 마이티2 터보 공용",train
마쯔다 앞패드,train
마티즈,train
"마티즈 1,2 후 드럼",train
마티즈 2,train
마티즈 3 전쇼바 LH (OIL)(7016),train
마티즈 3 전쇼바 RH (OIL)(7017),train
마티즈 II 전 쇼바 LH (OIL),test
마티즈 II 전 쇼바 RH (OIL),test
마티즈 구형 A/C,train
마티즈 전 디스크 / 올뉴마티즈 전 디스크,train
마티즈 전 쇼바 LH (OIL),train
마티즈 전 쇼바 RH (OIL),test
"마티즈 크리에이티브, 스파크 A/",train
마티즈 후 쇼바 (GAS),test
마티즈 후 쇼바 (OIL),train
"마티즈, 티코, 라보, 다마스",test
마티즈1.2(공용)(구)27301-MTZ02,train
마티즈2 A/C,train
마티즈2 A/T (중국산),train
마티즈2 공용 A/C,train
마티즈2 조이(9647 7777),train
"마티즈2, 조이 신형 A/C",train
"마티즈2,3,올뉴마티즈 SET",train
"마티즈2,조이",train
마티즈3 후 쇼바 (GAS),train
"마티즈4 A/T(스파크,크리에이티)",train
"마티즈4, 스파크",train
마티즈크리에이티,train
마티즈크리에이티브 전 LH(대영),test
마티즈크리에이티브 전 RH(대영),train
"마티즈크리에이티브,스파크 A/C",train
말레 서모스탯,test
말레 연료필터,train
"말리부 16"",알페온 2.4 전디스크",train
"말리부 16"",알페온 2.4 후디스크",train
"말리부 17"",알페온 3.0,임팔라 후디스크",train
"말리부 가솔린 A/C,알페온2.4",train
말리부 구형 디젤(거평)수입품,train
말리부 디젤 타이밍벨트 (단품),train
말리부 디젤 타이밍벨트 KIT,test
"말리부(17"")2.4 / 알페온 3.0 F/DISC",train
"말리부(17"")2.4, 알페온 3.0, 카마로, 임팔라 F/DISC",train
"말리부, 휀 아이들 (게이츠)",train
매그너스 A/C(9640 9127),test
매그너스 A/T-(삼성),train
"매그너스,레죠,라세티 브레이크",train
"매그너스,토스카",train
"매그너스,토스카 (일체형공용)",train
매니폴드 가스켓,train
맥스크루즈 (2016~) R/DISC,train
"맥스크루즈 (2016~), 펠리세이드 F/DISC",train
머플러 너트(대)12mm(머리17mm),train
머플러 너트(소)10mm(머리14mm),train
머플러 볼트(대)12mm(머리17mm),train
머플러 볼트(소)10mm(머리14mm),train
먼지필터 7시리즈(E65) 02~09,train
"먼지필터 7시리즈(E65,E66)02~09",test
먼지필터 E350D 16~,test
먼지필터 활성탄 E350D 16~X,train
"멀티 와이퍼 400/16""",train
"멀티 와이퍼 425/17""",train
"멀티 와이퍼 450/18""",train
"멀티 와이퍼 475/19""",train
"멀티 와이퍼 500/20""",train
"멀티 와이퍼 525/21""",test
"멀티 와이퍼 550/22""",train
"멀티 와이퍼 575/23""",test
"멀티 와이퍼 600/24""",train
"멀티 와이퍼 625/25""",train
"멀티 와이퍼 650/26""",test
"멀티 와이퍼 700/28""",train
메가 5톤 후드럼(H8) T.K,train
메가 트럭 08EM(2010~) 전 드럼 4X2 덤프 D6GB 엔진 (20),test
메가250 용 / 경주,train
메가5톤 (DCC 1120-1311),train
메가5톤(250마력)KOA-001,train
메가트럭,test
메가트럭/현대 5톤 신형 컨덴셔,train
메가트럭4.5 와이드캡(동환),train
메뉴폴드 덥개,train
모닝 (구) SET,train
모닝 (신) SET/뉴모닝,train
모닝 3P,train
모닝 F/L A/C,train
모닝 FL 가솔린 (M/T),train
모닝 TA(11~14') 용 / 인니,test
모닝 가솔린,train
모닝 가솔린 (A/T) 07111공용,train
모닝 가솔린 (물통유),test
모닝 구형,train
모닝 구형(04~11') 용 / 인니,train
모닝 전 쇼바 LH (OIL) 대영사,train
모닝 전 쇼바 RH (OIL) 대영사,train
모닝 타이밍벨트 KIT,train
모닝 후쇼바(GAS) 오일공용,train
모닝(04/08년) 용 / 인니,train
"모닝(11~14'), 레이(11/18/23년) 용 / 인니",test
"모닝(11~14'), 레이(11~17') ISG타입 용 / 인니",train
모닝(11~16') 용 / 인니,train
"모닝(11~16'), 레이(11~17') 용 / 인니",train
모닝(신형) 팽창밸브 (카파1.25),train
"모닝,레이 2011년 휀 아이들",train
"모닝,올 뉴 모닝, 레이 브레이크",test
"모닝,올 뉴 모닝, 레이,캐스퍼 후 브레이크디스크",test
모닝17년 A/T 가솔린,train
모닝2020 전디스크 13인치,train
"모터,팬 어셈블리",test
모터-드라이브 팬,train
모터-쿨링 휀,test
모하비 (구) A/C,test
모하비 (신) A/C,train
모하비 (신) A/C(두원),train
모하비 3.0 A/C,train
모하비 3.0 SET 7PK1968,train
모하비 A/C,train
모하비 구형 디젤 A/T (두원),test
모하비 더 마스터 전디스크,train
모하비 신형 디젤 A/T (두원),test
모하비 전디스크,train
모하비 전쇼바(GAS)좌우공용,train
모하비 최신형 디젤 A/T (두원),train
모하비 팽창밸브,train
모하비 후쇼바(GAS) LH,train
모하비 후쇼바(GAS) RH,test
모하비(2007~) 후디스크,test
모하비2020 후디스크,test
몰딩,train
몰딩-후 휠 아치 우,train
무쏘 230 4기통 SET 6PK2100,test
무쏘 290 5기통 SET 6PK2120,train
무쏘 가열플러그,test
무쏘 구형 터보 A/C,train
무쏘 칼소닉타입(신형) 터보 A/C,train
무쏘 터보(AT),train
"무쏘(스포츠),뉴코란도,렉스턴 전디스크",train
"무쏘(스포츠),코란도,렉스턴 후디스크",test
무쏘(터보)써머스타트(66/80 C),train
"무쏘,뉴코란도 전 쇼바(GAS)대영",train
"무쏘,뉴코란도 후 쇼바(GAS)대영",test
"무쏘,액티언 6PK A/C베어링 (소)",train
"무쏘,이스타나 릴리스베어링",test
"무쏘,이스타나 휀 텐션 렉스턴",train
무쏘터보 A/T(2131005310공용),train
미러(운전석),train
미션 미미,train
미션마운트,train
미션미미,train
미션미미 320d (ED 포함),train
미션미미 520d xDrive (N47),test
미션미미 530D xDrive,test
미션미미 530i M sport,train
미션미미 535d 전기형,train
미션미미 6 GT 620d xDrive luxu,train
미션미미 A-CLASS A180,train
미션미미 C200K 엘레강스 / 아방,train
미션미미 C220 CDI 4MATIC,train
미션미미 C250d 4MATIC (블루텍),test
미션미미 E200 아방가르드,train
미션미미 ML350,train
미션미미 Q5 2.0 35TDI 콰트로,train
미션미미 S CLASS,test
미션미미 S350L d (블루텍),train
미션미미 S350d (블루텍),test
미션미미 S400L,train
미션미미 X2 18D M sport,train
미션미미 X5 3.0d,train
미션오일 필터,train
미션필터,train
미션필터 02E398051,train
미션필터 04864505AB,test
미션필터 05179267AD,train
미션필터 09G325429D,test
미션필터 09L325429,train
미션필터 09M325429,train
미션필터 0AW301463C,train
미션필터 0AW301516H,train
미션필터 0B5325330A,train
미션필터 0B5325429E,test
미션필터 0BH325183A,test
미션필터 0BK398009,train
미션필터 0C8325435,train
미션필터 0CK325121D,train
미션필터 0D5398009,train
미션필터 0GC325183A,train
미션필터 1262770295,train
미션필터 1402770095,train
미션필터 1693771195,train
미션필터 2202770695,test
미션필터 2222772000,test
미션필터 24117522923,train
미션필터 24117536387,train
미션필터 24117624192,test
미션필터 24152333899,train
미션필터 24152361176,test
미션필터 24210956,train
미션필터 24236933,train
미션필터 24252158,train
미션필터 24274402,train
미션필터 24341422513,train
미션필터 24341423376,train
미션필터 2463772300,train
미션필터 2463772400,train
미션필터 24722100,train
미션필터 254205LJ003,train
미션필터 25450P4V013,train
미션필터 28107842828,train
미션필터 28107842840,train
미션필터 31256837,test
미션필터 317263JX0A,train
미션필터 317281XZ0D,train
미션필터 3172828X0A,train
미션필터 3172829X0A,train
미션필터 3533008010,train
미션필터 3533030090,train
미션필터 3533033050,train
미션필터 3533050020,train
미션필터 3533050030,train
미션필터 3533053010,train
미션필터 3533073010,train
미션필터 3W4Z7A098AA,train
미션필터 5191890AA,test
미션필터 7252703203,test
미션필터 7252708804 팬타입,test
미션필터 7L1Z7A098A,train
미션필터 7T4Z7A098B,train
미션필터 97032102500,test
미션필터 9A731718900,train
미션필터 BB5Z7A098B,test
미션필터 BBR,train
미션필터 BL3Z7A098A,train
미션필터 L1MZ7A098A,train
미션필터 MANN H182KIT,test
미션필터 VAICO V202741,train
미션필터 가스켓 포함,train
미션필터 파이프,train
미션필터/가스켓,train
미션필터[인터파트],train
밋션미미,train
발라스터,train
발라스터 LB-18,train
발라스트,train
발라스트 A4 2.0 Tdi 11~15 39,train
발라스트 D1S/R 1 싼타페 06~12,train
발라스트 D1S/R 10 SM5 12~19,train
발라스트 D1S/R 38 K9 12~,train
발라스트 D1S/R 5 K5 10~15,test
발라스트 D1S/R 6 쏘렌토 09~12,train
발라스트 D1S/R 9 알페온,train
발라스트 D2S/R 14 XG 01~05,train
발라스트 D2S/R 20 SM5 04~10,train
발라스트 D3S/R 21 제네시스13~,train
발라스트 D3S/R 37 싼타페 13~,train
발라스트 D3S/R 49 K5 15~18,train
발라스트 D8S 50 아이오닉16~19,train
발라스트 HB-26,train
발라스트 HB-44,train
발라스트 HB-45,train
발라스트 LB-20,train
발라스트 LB-53,train
발라스트 MKS 09~15 48,train
발라스트(LED) A4 07~15 L-2,test
발라스트(LED)A1(8X) 15~17 L-8,train
발라스트(LED)C216 10~13 L-4,train
발라스트(LED)Q5 L-10,train
발라스트(LED)W156 13~16 L-7-2,test
발라스트(LED)W166 11~15 L-6,test
발라스트(LED)W176 12~15 L-7-1,train
발라스트(LED)W221 09~13 L-1,train
발라스트(LED)W221 09~13 L-3,test
발라스트(LED)X5(E70) L-9,train
발전기,train
방진판,train
"배선(EF2.5,XG2.0,2.5,2.7) 6P",train
"배선(EF소나타,옵티마LPG) 5P",train
"배선(EF소나타1.8,2.0,DOHC)2P",train
배선(SM5)DOHC,train
"배선(그랜져XG 3.0,3.5)",train
"배선(그랜져XG3.0신,에쿠스3.0)",train
배선(그레이스.포터LPG)(신형),train
"배선(뉴그랜져,다이너스V6)SOHC",train
"배선(뉴그랜져2.5,3.0)V6 (DOHC)",train
"배선(뉴마티즈,다마,라보(신)3P",train
"배선(라노스1.5,누비라1.5)DOHC",train
"배선(라노스1.5,누비라1.5)SOHC",test
"배선(라보,다마스) 구형",test
배선(라세티)DOHC,test
"배선(레간자,레조)LPG",train
"배선(레간자1.8,2.0)SOHC",train
"배선(레간자1.8,2.0,누비1.)DOHC",test
"배선(리오,스펙트라1.3,1.5)DOHC",train
"배선(리오,스펙트라1.3,1.5)SOHC",train
"배선(마티즈크리에이티브,스파크",train
"배선(세피아,아벨라)DOHC",train
"배선(세피아,프라이드)SOHC",train
"배선(세피아2,슈마)DOHC",test
"배선(소나타2.3,LPG)",train
"배선(소나타2.3,엑셀MPI)SOHC",test
"배선(소나타2.3,엘란트라)DOHC",train
배선(스타렉스2.4)SOHC,train
"배선(스타렉스V6 3.0,리베로LPG)",train
"배선(스포티지2.0,포텐샤)DOHC",train
배선(싼타모LPG),train
"배선(씨에로,르망)SOHC",train
"배선(아반테,구형)2P",train
"배선(아반테1.5,XD,베르나)DOHC",train
"배선(아반테1.8,2.0)DOHC 투스카",train
배선(아벨라)SOHC,train
"배선(아토즈,모닝)신형4P",train
"배선(아토즈,비스토,모닝)구형5P",test
"배선(에스페로1.5,2.0)DOHC",test
배선(에스페로2.0)SOHC,train
"배선(엑센트,베르나)SOHC",train
"배선(엑셀,구형,FBC)",train
배선(카니발V6) LH LPG,test
배선(카니발V6) RH LPG,train
"배선(카렌스,크레도1.8,2.0)LPG",train
배선(칼로스1.2)SOHC,train
"배선(크레도스,스펙트라1.8)DOHC",train
배선(크레도스2.0)DOHC,train
배선(크레도스2.0)SOHC,train
"배선(트라제XG 2.7,싼타페2.7)",train
"배선(티코,마티즈,구형) 4P",test
배터리 AGM105DL/AGM60520,train
배터리 AGM60DL/AGM56020,test
배터리 AGM70DL/AGM57020,train
배터리 AGM80DL/AGM58020,train
배터리 AGM80DR/AGM58021,train
배터리 AGM95DL/AGM59520,train
배터리 AGM95DR/AGM59521,train
배터리 HK 100DL/HK60038,test
배터리 HK 100L,train
배터리 HK 100R,test
배터리 HK 40FL,train
배터리 HK 40L,train
배터리 HK 40R,train
배터리 HK 44DL/HK54459,test
배터리 HK 50DL/HK55054,train
배터리 HK 50L,train
배터리 HK 54DL/HK55459,train
배터리 HK 60L,train
배터리 HK 60R,train
배터리 HK 62DL/HK56219,train
배터리 HK 74DL/HK57412,train
배터리 HK 74DR/HK57413,train
배터리 HK 80DL/HK58043,train
배터리 HK 80L,train
배터리 HK 80R,test
배터리 HK 90DL/HK59043,test
배터리 HK 90DR/HK59044,train
배터리 HK 90L,train
배터리 HK 90R,train
밴틀리 앞패드(센서포함),train
밴티호스,test
밸브,train
밸브-워터,train
밸브커러 가스켓,train
밸브커버 가스켓,train
밸트,train
번호등 12V 10W(Excelite),test
번호등 12V 5W(Excelite),test
번호등 24V 10W(Excelite),train
번호등 24V 5W(Excelite),test
범퍼 REAR,train
범퍼 디퓨저 REAR,test
베라쿠르즈 디젤 3.0 (A/T),train
베라쿠르즈3.0 SET 7PK1929,train
베라크루즈 디젤 09Y A/C,train
베라크루즈 디젤 A/C,train
베라크루즈 전 브레이크디스크,train
베라크루즈 전쇼바 LH,train
베라크루즈 전쇼바 RH,train
베라크루즈 팽창밸브,train
베라크루즈 후 브레이크디스크,train
"베라크루즈EN (06~15'), 모하비HM (07~15') 용 / 인니",train
베르나,train
"베르나 (99~08'), 쏘나타 EF (01~06') 용 / 인니",train
베르나 (A/T) 25100공용,train
베르나 A/T A/C,test
베르나 SO,test
베르나 써머스타트(54 /88 C),train
베르나 전디스크,train
베르나 후 쇼바 LH (OIL),train
베르나1.5 SOHC 타이밍벨트 KIT,test
베르나1.5 디젤 SET 5PK1846,train
"베르나1.5,XD1.5 디젤5PK1814",test
베르나구형(AT) 25150 공용(삼성,train
베스타 써머스타트(54/88~80 C),train
베스타 전쇼바(OIL)L/R,train
베스타 후쇼바(OIL),train
"베스타,봉고 브레이크",train
베스타/하이베스타/프레지오/봉고3(밴) 브레이크,train
베어링 INA제품,train
베터리,train
벤츠 C63AMG 앞패드 X,train
벤츠 W202 연료모타(펌프),train
벤츠 W203 연료모타(펌프),train
벤츠 W220 연료모타(펌프),train
벤츠 뒤패드,train
벤츠 뒤패드 X,train
벤츠 앞패드,test
벤츠 앞패드(센서포함),train
벤츠 전드럼,test
"벤츠 트렉트 디스크 드럼(2008년 이전 1,2,3축 / 2008년 이후 2,3축), 타타대우 프리마 트랙터/카고",train
벤츠 트렉트 디스크 드럼(2008년 이후 1축),train
벤츠 후드럼(만 공용),train
"벤츠W220,W202,W140,W210 연",train
벤트라인,test
벤틀리 앞패드,train
"벨로스터 N 17"" 전디스크",train
"벨로스터 N 17"", I30 전디스크",train
벨로스터 가솔린 A/C,train
벨로스터N 16인치 후디스크,train
벨브,test
벨브 블럭,train
벨브블럭,train
벨브커버 가스켓,train
벨트,train
벨트 텐셔너,train
벨트 텐셔너 로체 뉴스포티지,test
벨트 텐셔너 풀리,train
"벨트오토텐셔너 액티언,카이런",train
보쉬 뒤와이퍼,train
보쉬 리어와이퍼,train
보쉬 블레이드 뒤,train
보쉬 블레이드 세트-와이퍼,test
보쉬 와이퍼,train
보쉬 와이퍼 블레이드,train
보쉬 인젝터,train
보쉬 점화 플러그,test
보쉬 점화코일,train
보쉬 플러그,train
보쉬와이퍼,train
보쉬코일,train
보쉬플러그,train
보조 라디에이터,test
보조 배터리,train
보조 베터리,train
보조물통,train
보조배터리,test
보조베터리,train
보조워터펌프,train
보조탱크,train
본네트 쇼바,test
본넷 쇼바,train
본넷쇼바,train
본넷쇼버,train
볼 조인트 앞/우,test
볼 조인트 앞우,train
볼 조인트 앞좌,train
볼 조인트 앞좌우,train
볼보 440/480/520 3축패드,test
볼보 뒤패드,train
볼보 앞패드,train
볼보 전드럼 (H10),train
볼보 후드럼,train
볼조인트,test
"볼조인트 싼타페,에쿠스",test
볼조인트 앞 좌/우,train
볼조인트 앞우,train
볼조인트 앞좌,train
볼조인트 앞하우,train
볼조인트 앞하좌,train
볼조인트 앞하좌우,train
"볼조인트 엑센트,K3,레이",train
"볼조인트(구형,하) YF,K7,ix",train
"볼조인트(구형,하) YF,K7,ix,스",train
볼조인트(상) 그레이스,train
"볼조인트(신형,하) YF,뉴쏘렌토R",test
"볼조인트(하) NF,TG,뉴오피러스",train
볼조인트(하) 그랜드카니발,train
"볼조인트(하) 뉴EF,XG,리갈,옵티",train
"볼조인트(하) 뉴베르나,뉴프라이",train
"볼조인트(하) 로체,HD,뉴카렌스",train
볼조인트(하) 봉고3(4륜) 포터2,test
"볼조인트(하) 스타렉스,리베로",train
볼조인트(하) 올뉴카니발,train
"볼조인트(하) 투싼,뉴스포티지",train
볼트,test
"봉고(신형),카니발디젤(54/82 C)",train
봉고3 1.2톤 A/C,train
"봉고3 1.2톤, 신형 A/C (GAC)",train
봉고3 1.4 전쇼바 (GAS),train
봉고3 1.4 후쇼바 (GAS),train
"봉고3 1.4TON, J2.9 CRDI (M/T)",train
봉고3 1.4톤 A/C (GAC),train
봉고3 1.4톤 A/C 컨덴셔,train
봉고3 1톤 133PH (M/T),train
봉고3 1톤 13년 133PH (A/T),train
봉고3 1톤 A/C,test
봉고3 1톤 A/C (4E011~2공용),train
봉고3 1톤 A/C (GAC)(4E011~2공,test
봉고3 1톤 전쇼바 (GAS),train
봉고3 1톤 후쇼바 (GAS),train
봉고3 2006~ 4륜 후드럼,test
봉고3 2020 후드럼,train
봉고3 4륜 전쇼바 (GAS),train
봉고3 4륜 후쇼바 (GAS),test
봉고3 A/C 베어링,train
봉고3 CRDI 4WD (M/T),train
봉고3 J2.9 (M/T) 2WD,train
봉고3 J2.9 2륜 CRDI (A/T),train
봉고3 디젤 1.2 (M/T)(4E650 공),test
봉고3 브레이크 (2009년 이전 타입),test
봉고3 인터쿨러 SET(쌍),test
봉고3 전기차 후드럼,test
"봉고3 터보 (4D56, M/T)",train
봉고3 텐션 풀리 베어링,train
봉고3 화물만 사용 가능 A/C,test
봉고3 후 드럼,train
봉고3(17MY) 1.2톤 A/C,train
봉고3(신형) 전디스크,train
"봉고3(최신형), 포터2 20년~ 전디스크",train
"봉고3,카니발2.9,테라칸2.9",train
"봉고3화물,승합커먼 테라칸2.9",train
부동액 캡,train
부동액 탱크,test
부동액통,test
부동액통 호스,train
부동통 캡,train
부싱 앞하우,train
부싱 앞하좌,train
부싱 우,train
부싱 좌,train
뷰티풀 코란도(SCC),train
브라켓,train
브레이크 디스크,train
브레이크 디스크 뒤,test
브레이크 디스크 뒤 (1개),train
브레이크 디스크 뒤 (2개),train
브레이크 디스크 뒤 (2장 한셋),train
브레이크 디스크 뒤 우,test
브레이크 디스크 뒤 좌,train
브레이크 디스크 뒤(타공타입),train
브레이크 디스크 앞,test
브레이크 디스크 앞 (1개),train
브레이크 디스크 앞 (2개),train
브레이크 디스크 앞 (2장한셋),train
브레이크 디스크 앞 우,train
브레이크 디스크 앞 좌,train
브레이크 디스크 앞-우 (1개),train
브레이크 디스크 앞-좌 (1개),test
브레이크 디스크 앞/우,train
브레이크 디스크 앞/좌,train
브레이크 디스크-뒤,train
브레이크 캘리퍼,train
브레이크 패드,train
브레이크 패드 뒤,test
브레이크 패드 센서,test
브레이크 패드 앞,train
브레이크 호스,train
브레이크디스크 뒤,train
브레이크마스 포터2,train
브레이크마스터 봉고3 1톤,train
브레이크마스터 봉고3(1.2),test
브레이크마스터 올뉴마이티,train
브레이크마스터실더 XD(EPS)ABS,train
브레이크마스터실린더 ABS AT,train
브레이크마스터실린더 ABS MT,test
브레이크마스터실린더 CBS AT,train
브레이크마스터실린더 CBS MT,train
브레이크마스터실린더 E-마이티,train
브레이크마스터실린더 ESP AT,train
브레이크마스터실린더 ESP MT,train
브레이크마스터실린더 E마이티08,train
브레이크마스터실린더 HD(ABS),train
브레이크마스터실린더 HD(CBS),test
브레이크마스터실린더 NF(ABS),train
브레이크마스터실린더 NF소나타,train
브레이크마스터실린더 뉴세레스,test
브레이크마스터실린더 뉴프라이,train
브레이크마스터실린더 라이노,train
브레이크마스터실린더 마이티,train
브레이크마스터실린더 모닝,train
브레이크마스터실린더 모닝(ABS),test
브레이크마스터실린더 베르나,train
브레이크마스터실린더 베스타,test
브레이크마스터실린더 복사(구),test
브레이크마스터실린더 봉고,train
브레이크마스터실린더 봉고3 1.2,train
브레이크마스터실린더 봉고3(1.4,train
브레이크마스터실린더 세피아,train
브레이크마스터실린더 스포티지,train
브레이크마스터실린더 아반떼,train
브레이크마스터실린더 올뉴모닝,train
브레이크마스터실린더 타우너,train
브레이크마스터실린더 포터,train
브레이크마스터실린더 포터 ABS,test
브레이크마스터실린더 포터96,train
브레이크마스터실린더 프라이드,train
브레이크마스터실린더 프레지오,train
브레이크마스터실린더 프론티어,train
브레이크마스터실린더 현대5톤,test
브레이크마스터실린더프론티어,train
브레이크호스 앞우,train
블레이드 우,train
블레이드 좌,train
블레이드-리어 와이퍼,train
블레이드-와이퍼,test
블로어 모터 NISSENS 87032,train
블로우 모터,test
블로우모터,train
블로워 모터,train
블로워모터,test
블로워모터 NISSENS 87103,train
사브 9-3,train
사브 앞패드,test
사이드 미러 거울,train
사이드미러,train
사이드미러 거울,train
사이드미러 우측거울,train
산타모/카스타 전디스크,train
산타페 (VGT),train
산타페 16인치 4WD 브레이크,train
산타페 2018 전 디스크,test
산타페 2018 후 디스크,train
"산타페 CM R엔진, 스포티지R 투싼IX",test
산타페 EPB 2018 후 디스크,train
산타페 후 브레이크디스크,train
"산타페(DM/15~),쏘렌토R,맥스크루즈(13~) 후 디스크",train
생산중단 6PK2205 변경,train
샤프트 씰,test
서모스탯,train
서모스탯 K39182,train
세라토 1.5/1.6/2.0 전 브레이크(디젤겸용),train
세라토 1.5/1.6/2.0 후 브레이크디스크,train
세라토 A/C,train
세라토 A/C 디젤,train
세라토 드럼,train
세라토 브레이크,train
세라토 전 LH (GAS) 대영,train
세라토 전 RH (GAS) 대영,train
세라토 후 LH (GAS)대영,train
세라토 후 RH (GAS)대영,test
세렉스 후 쇼바(L/R공용),test
세렉스전쇼바(OIL)(L/R공용),train
세피아 (SO) 27301-SPA01,train
세피아 1/2 DO,train
세피아 DO 1.5 27301-SPA02,test
세피아 SO (신)(구),train
"세피아,스펙트라 DO 텐션( )",train
"세피아,크레도스1.8써머",train
세피아/슈마/리오 브레이크,test
"세피아2 1.5,SO,DO SET",train
세피아2 MT (삼성),train
"세피아2, 카렌스 1.8",train
"세피아2,스펙트라",train
"세피아2,스펙트라(52/82 C)",train
센서 브레이크 패드,test
센서 브레이크 패드 X,train
센서 브레이크 패드X,train
센서-프런트좌측,train
센터 마운트,test
센터베어링,train
셀토스 전쇼바 LH,test
셀토스 전쇼바 RH,train
"소나타 1,2,3/마르샤 브레이크",train
소나타 2.3(Y2) SO 27301-34001,train
소나타 II 써머스타트(52/88 C),test
"소나타(2019), K5(2020), K8 하이브리드 전디스크 16인치",train
"소나타(2019~), 2.5 가솔린 터보 전디스크",train
"소나타(2019~), 2.5 가솔린 터보, K8 후디스크",test
소나타(BB) M/T(삼성),train
"소나타,EF 텐션 베어링(DJ-78)",train
"소나타2,3/마르샤 (REAR/ABS) 브레이크",train
"소나타2019 16인치, K5(2020), 아반떼 2020 후디스크",train
소나타3 A/C베어링(303 4PK),train
소렌토 후 디스크,train
솔레노이드 밸브,test
쇼바,train
쇼바 FR/LH,train
"쇼바 넛트(대) 카니발, 프레지오",train
쇼바 넛트(중) 포터 전,train
쇼바 마운트,train
쇼바 마운트 뒤,train
쇼바 마운트 베어링,train
쇼바 마운트 앞 좌/우,test
쇼바 우,train
쇼바 전 좌/우,train
쇼바 전/우,train
쇼바 전/좌,test
쇼바 좌,train
쇼바 좌측,test
쇼바고무 와샤(대) 카니발 후,train
쇼바고무 와샤(중) 포터 전,train
쇼바고무(대) 카니발 후,train
쇼바뎀퍼,train
쇼바마운트,train
쇼바마운트 베어링,train
쇼바마운트 앞 좌/우,train
쇽 업소버-리어 우측,train
쇽 업소버-리어/좌우공용,test
쇽 업쇼버 앞 좌/우 22230539,test
쇽업쇼바,train
쇽업쇼바 앞 좌우,train
수입차 보조 전구셋트(대),train
쉐보레 트렉스1.8 프론트 디스크,train
슈,train
슈마 후 브레이크,train
"슈퍼 렉스턴,렉스턴W,카이런,엑티언 전 브레이크",train
스라스트베어링 그랜드카니발,test
스바루 앞패드,train
스카니아 24톤 드럼 (H10),train
스카니아 신형 후드럼 (H10),train
스크류,test
스크류 (2번),train
스타렉스 /포터2 (T엔진) 대 T2,train
스타렉스 /포터2 (T엔진) 소 T2,train
스타렉스 2.4 LPG,train
스타렉스 2WD(신형)/포타2(5H) 전디스크,train
"스타렉스 2WD(신형)/포타2(5H), 포터2 전기차 전디스크",train
스타렉스 97년 용 / 경주,train
스타렉스 A/C (SUB),test
스타렉스 A/T,test
스타렉스 LPG V6 (A/T),train
스타렉스 LPG V6 (M/T),test
스타렉스 구형 (LH) A/C,train
스타렉스 구형 (RH) A/C,test
스타렉스 구형 A/C (LH),train
스타렉스 구형 A/C (RH),train
스타렉스 디젤(쌍)/(구),train
스타렉스 디젤TC (M/T),train
스타렉스 리베로 TCI 용 / 경주,train
스타렉스 마꾸라조인트,test
스타렉스 브레이크,train
스타렉스 신형 (LH) A/C,train
스타렉스 신형 (RH) A/C,train
스타렉스 전 쇼바 (GAS)대영,train
"스타렉스 전 쇼바 (GAS,4WD)대영",test
스타렉스 전 쇼바 (OIL),test
"스타렉스 전 쇼바 (OIL,4WD)대영",train
스타렉스 최신형 A/C (LH),train
스타렉스 터보 M/T (중국산),test
"스타렉스 후 (GAS,코일스프)대영",train
"스타렉스 후 (GAS,판스프링)대영",train
스타렉스 후 (GAS.4WD)대영,train
스타렉스 후 (OIL.4WD)대영,train
"스타렉스 후(OIL,판)대영(4A500)",train
"스타렉스 후쇼바(OIL,코일스프)",train
스타렉스(구형) (REAR/ABS) 브레이크,train
스타렉스(구형) 2WD 브레이크(후),train
스타렉스(메인),test
스타렉스(메인) A/C 4A001,train
스타렉스(서브) A/C,train
스타렉스(신형) 2WD 브레이크,train
스타렉스(신형) 4WD 브레이크,train
"스타렉스,그랜드스타렉스,",train
"스타렉스,리베로 디젤TC 센서유(",test
"스타렉스,리베로 터보 A/T (중국",train
스타렉스/리베로(구형) 브레이크,train
스타렉스3.0(LPG) 27301-4A001,train
스타렉스TCI/리베로 인터쿨러(신,train
스타리아(2021~) 17인치 전디스크,train
스타리아(2021~) 18인치 전디스크,train
스타리아(2021~) EPB 후디스크,train
스타리아(2021~) 후디스크,train
스타터,train
스타터 모터,train
스타터 배터리 13AH,train
스타터모터,train
스타트모터,test
스테빌라이저 링크 FR/RH,train
스테빌라이저 링크 앞/우,test
스테빌라이저 링크 앞/좌,train
스테빌라이저 부싱 FR,train
스테빌라이저 부싱 좌/후공용,train
스테빌라이저 앞,train
스테빌라이저링크 FR/LH,train
스테빌라이저부싱 전/우,train
스테빌라이저부싱 전/좌,test
스테빌라이져 바,train
스토닉 2017~ 유로6 15 INCH 전 디스크,train
스트레이너 앗세이,test
스티어링 벨브,train
스파크 가솔린 1.0,train
스파크 플러그,train
스파크 플러그 (ACDELCO제품),train
스파크 플러그 (DF8H-11B),train
스파크 플러그 (DFH6B-11A),train
스파크 플러그 (FRG5KZEO),train
스파크 플러그 (ITR6F13),train
스파크 플러그 (NGK제품),train
스파크 플러그 (보쉬제품) X,train
스파크 플러그 +2 (WRTLTC+),train
스파크 플러그 +51,test
스파크 플러그 300 2.7 09~10,train
스파크 플러그 A/B CLASS,train
스파크 플러그 MKX 3.8 11~18,train
스파크 플러그 S80 2.0 06~,train
스파크 플러그 SMART,train
스파크 플러그 V6SII3328 7434,train
스파크 플러그 X,train
스파크 플러그 [보쉬],train
스파크 플러그 뉴체어맨,test
스파크 플러그 렉서스 RX350 07,train
스파크 플러그(1SET 4EA),train
스파크 플러그(FQR7ME),train
스파크 플러그(HR6DPP33V),train
스파크 플러그(HR8NPP302),test
스파크 플러그(PLATINUM),train
스파크 플러그OE:12681660 X,train
스파크 홀 플러그 가스켓,train
스파크 후쇼바 (GAS),test
스파크(2014),train
"스파크,마티즈 크리에이티브",test
스파크플러그,test
스파크플러그 12120034098,test
스파크플러그 300C 2.7 07~09,test
스파크플러그 523i 09~11,train
스파크플러그 528i 09~11,train
스파크플러그 5시리즈 05~09,train
스파크플러그 5시리즈 05~10,train
스파크플러그 740 09~12,train
스파크플러그 740i 08~15,train
스파크플러그 A6,train
스파크플러그 A6 2.0 TFSi 11~13,test
스파크플러그 C200(W204) 07~14,train
스파크플러그 CTS 3.6 05~,test
스파크플러그 E클래스 11년,train
스파크플러그 G37S 08~13,test
스파크플러그 MK3 06~10,train
스파크플러그 구형 체어맨,test
스파크플러그 몬데오 X,test
스파크플러그 박스터981 12~,train
스파크플러그 알티마 2.5 13~16,train
스파크플러그 어코드2.4 03~08,train
스파크플러그 체어맨/뉴,train
"스파크플러그 체어맨H,W",train
스파크플러그 캠리 11~14,train
스파크플러그 쿠퍼 06~13,train
스파크플러그 토러스 11~,train
스파크플러그[보쉬],train
"스펙트라,슈마1.8,브레이크",train
"스포일러 브러쉬 18""",train
"스포일러 브러쉬 20""",train
"스포일러 브러쉬 22""",train
"스포일러 브러쉬 24""",test
스포티지 TCI 쌍풀리 SET/레토나,train
스포티지 디젤 써머(54/88~80 C,train
스포티지/레토나 브레이크,train
스프링,train
스프링 좌/우공용,train
스프링 패드-상단,train
스프링 후 좌/우 공용,test
스프링 후 좌우공용,test
스프링-코일,train
스프링브래킷,train
스피드 센서 후/,train
슬리브,test
신품 콤프 1시리즈 (E82) 120d,train
신품 콤프 5 (E60) 525i 03~10,train
신품 콤프 5 (E60) 525i 04~09,test
신품 콤프 5 (F10) 528i 09~11,test
신품 콤프 508 2.0HDI 09~,train
신품 콤프 520d xD(F10) 14~16,test
신품 콤프 5시리즈 (F10) 550i,train
"신품 콤프 7 (E65,E66) 01~08",train
신품 콤프 7시리즈 (F01) 740Li,train
신품 콤프 7시리즈 (F01) 740i,train
신품 콤프 A4(B8) 2.0 TDI 07~1,train
신품 콤프 A6(C6) 3.0i qua 08~,train
신품 콤프 B-클래스 W245 B200,test
신품 콤프 C-클래스 W204 C230,train
신품 콤프 CLS-클래스 W219 CLS3,train
신품 콤프 ES300 P-Grade XV30,test
신품 콤프 ES350 06~12,train
신품 콤프 G25 세단 프리미엄,train
신품 콤프 G37 쿠페 어드밴스드,train
신품 콤프 GLK-클래스 X204 GLK2,train
신품 콤프 LS460L 5인승 XF40,train
신품 콤프 M-클래스 W164 ML280,train
신품 콤프 M35 프리미엄 Y50,train
신품 콤프 M37 스탠다드 Y51,train
신품 콤프 MKS 3.7,test
신품 콤프 Q7 4.2 TDI 콰트로 4L,train
신품 콤프 Q7(4L) 3.0 TDI 07~15,train
신품 콤프 S-클래스 W221 S320 C,train
신품 콤프 S-클래스 W221 S350,train
신품 콤프 S350L(W221) 05~13,train
신품 콤프 S80(AS) D5 10~,train
신품 콤프 X3 (F25) xDrive 20d,train
신품 콤프 X5 (E53) 3.0i,train
신품 콤프 X5 (E70) xDrive 30d,train
신품 콤프 X5 (E70) xDrive 40d,train
신품 콤프 XC60 D5 AWD 11~,test
신품 콤프 XF 13~15,test
신품 콤프 뉴 A6 2.0 TDI 다이나,train
신품 콤프 뉴 A6 2.0 TFSI 스포,test
신품 콤프 뉴 A6 3.0 TDI 콰트로,train
신품 콤프 뉴 ES350 이그제큐티,train
신품 콤프 뉴 MKZ 2.0 2세대,train
신품 콤프 뉴 SLK-클래스 200K R,train
신품 콤프 뉴 비틀 DELUXE 2.0 9,train
신품 콤프 디스커버리 4 3.0 SDV,train
신품 콤프 시빅 2.0 판매 중지,train
신품 콤프 알티마 2.5 13~18,train
신품 콤프 알티마 2.5 L32,train
신품 콤프 알티마 3.5 07~13,train
신품 콤프 어코드 2.4 08~12,test
신품 콤프 올뉴어코드 2.4 9세대,test
신품 콤프 익스플로러 2.3 13~,train
신품 콤프 익스플로러 3.5 11~,train
신품 콤프 캠리 2.5 XLE 09~11,train
신품 콤프 쿠퍼D(F56) 13~16,train
"신품 콤프 쿠퍼S(R50,R53) 02~06",train
신품 콤프 큐브 1.8 S Z12,train
신품 콤프 티구안(5N)2.0D 07~11,train
신품 콤프 페이톤 4.2 03~16,test
신품 콤프 페이톤 V6 3.0 TDI VW,train
신품 콤프 포커스 2.0 SEL 해치,train
실내등 전구 31mm(12V5W),train
실내등 전구 36mm(12V10W),train
실내등 전구 43mm(12V10W),train
실리더 헤드커버,train
실리더헤드커버,train
실린더헤드커버 가스켓,train
싱글 12V 150,train
싱글 24V 150,train
싱글/12V 27W (Excelite),train
싱글/24V 21W (Excelite),train
싱글황색 12V 150,train
싱글황색 24V 150,train
싱글황색/12V 21W(Excelite),train
싱글황색/24V 21W (Excelite),train
싼타페 (2018),train
싼타페 2.0 디젤 6PK1510 (VGT),train
싼타페 2.0 디젤 6PK1515 (WGT),test
"싼타페 CM R엔진, 스포티지R 투싼IX, 카니발R 쏘렌토R 용 / 경주",train
싼타페 CM 전 LH (GAS)대영,train
싼타페 CM 전 RH (GAS)대영,train
싼타페 CM/더스타일 09 후 대영,train
싼타페 DM 12MY A/C,train
싼타페 DM 가솔린,train
싼타페 DM 전쇼바 LH,train
싼타페 DM 전쇼바 RH,train
싼타페 DM 후쇼바(2륜),train
싼타페 DM 후쇼바(4륜),train
싼타페 F/DISC,train
싼타페 SM 엔진코일(2.7),test
싼타페 TM 전쇼바 LH(GAS),train
싼타페 TM 전쇼바 RH(GAS),test
싼타페 TM 후쇼바,test
싼타페 가솔린/LPG VG (A/T),test
싼타페 구형 (SM) 후(GAS)대영,train
싼타페 구형 A/C(D는 공용),train
싼타페 구형 VGT,test
싼타페 더스타일 전 LH(09~)대영,train
싼타페 더스타일 전 RH(09~)대영,test
싼타페 디젤 CRDI (A/T),train
싼타페 디젤 타이밍벨트 KIT,train
싼타페 디젤/트라제/투싼,test
싼타페 써머스타트(54/85 C),train
싼타페 최신형 디젤VGT (A/T),train
"싼타페(DM),뉴쏘렌토R(12~),올뉴쏘렌토(14~),0맥스크루즈(13~) 전 디스크",train
싼타페(구형) SM 전 LH(GAS)대영,train
싼타페(구형) SM 전 RH(GAS)대영,train
싼타페(구형) 팽창밸브,train
"싼타페,트라제XG (~ 02.08)",train
"싼타페,트라제XG(02.08후)",train
"싼타페2.0,트라제 아이들(통자)",train
"싼타페2.0,트라제 휀 아이들",train
"싼타페2020 & 하이브리드, 쏘렌토2020 & 하이브리드 전디스크",train
싼타페2020 쏘렌토2020 하이브리드 후디스크,test
"싼타페2020, 쏘렌토2020 후디스크",train
싼타페CM LPG 25310-2B490,train
싼타페CM 디젤 (A/T) 2B110,train
"싼타페CM,NF,투싼 아이들",train
싼타페DM 15년 디젤 (A/T),train
싼타페DM 2.2 09년 (A/T),train
싼타페TM,test
싼타페TM 18.01.16~,train
써머스탯,train
써모,train
써모 스탯,train
써모 하우징,train
써모스,test
써모스탯,train
써모스탯 (오링),train
써모스탯 BBR,train
써모스탯 BIRTH 80440,test
써모스탯 MAHLE TM10297D,test
써모스탯 정품,train
써모스탯 체어맨(500이상),train
써모스탯 하우징,train
써모스탯 하우징 어퍼,train
써모스탯 하우징(써모스탯),train
"써모스탯 하우징(써모스탯,오링)",train
써모스탯 하우징(오링2개),train
써모스탯(오링),test
써모스텟,test
써모하우징,train
써모하우징 BIRTH 80160,train
썸머스타트 가스켓,train
썸머스텟,train
썸머스텟하우징,train
썸머하우징,train
쎄라토 A/C (2F001공용),train
쎄라토 디젤 (A/T),train
쎄라토 써머스타트(54/82 C)오링,train
쎄라토(신)가솔린(810/900공용),train
쎄라토1.6 가솔린 A/T,train
쎄라토신형 (2F900공용),test
쏘나타 2 SO (대),test
"쏘나타 2,3 DO/뉴그랜져2.0(대)",train
"쏘나타 2,3 SO / 싼타모 (소)",train
쏘나타 3 SO/싼타모/카스타(대),train
쏘나타 DN8 가솔린,train
쏘나타 DN8 전쇼바 LH,train
쏘나타 DN8 전쇼바 RH,train
쏘나타 DO (소),train
"쏘나타 EF (01~06'), 그랜저 XG (98~05') 용 / 인니",train
"쏘나타 NF (04~13'), 그랜저 TG (06~10') 용 / 인니",train
"쏘나타 YF (09~16'), 그랜저 HG (10~14') 용 / 인니",test
"쏘나타 YF (09~16'), 투싼 (09~13') 용 / 인니",train
쏘나타(LF-14/17년) 용 / 경주,test
"쏘나타(YF-10년), K5, YF 3P 용 / 경주",train
쏘나타DN8 가솔린 A/T(2019),test
쏘렌토 (2020),train
쏘렌토 (A/T),train
쏘렌토 (신형) 3E600 공용,train
쏘렌토 A/C,train
쏘렌토 A/T (DSL),test
쏘렌토 MQ4 전쇼바 LH,train
쏘렌토 MQ4 전쇼바 RH,test
쏘렌토 R 2.2 (2P000공용),train
쏘렌토 R 2.2 알터네이터(덴소),train
쏘렌토 R 가솔린,test
쏘렌토 R 후 (가스)대영(2009),train
쏘렌토 r 전 LH (GAS)대영(2009),train
쏘렌토 r 전 RH (GAS)대영(2009),train
쏘렌토 구형 A/C,test
쏘렌토 구형 A/C 02~06년(두원),train
쏘렌토 구형 A/C(두원),train
쏘렌토 구형 SET 7PK2284,test
쏘렌토 구형 디젤 AT,train
쏘렌토 신형 SET 7PK2268,train
쏘렌토 전 디스크,train
쏘렌토 후 (가스) 대영,train
쏘렌토 후 (신)06년~(대영),train
쏘렌토 후(ABS) 디스크,train
쏘렌토(02년) 용 / 경주,train
쏘렌토(R-09/12년) 용 / 경주,train
쏘렌토(~06.03) 카드리지,train
쏘렌토(구) 전 LH (GAS)대영,train
쏘렌토(구) 전 RH (GAS)대영,test
쏘렌토(신R2.2) 2020년,test
"쏘렌토,포터II 겉 아이들",train
쏘렌토-R 가솔린 A/C,train
쏘렌토R (A/T) 2P200공용,test
쏘렌토R 2.2 A/C (디젤)HCC,train
쏘렌토R 2.2 디젤(신),test
쏘렌토R 2.2 디젤(신) 두원,train
쏘울 (2010~) F/DISC,test
"쏘울 가솔린,감마 (A/T)2K050",train
"쏘울 가솔린,디젤 ,감마 A/C",train
"쏘울 가솔린,베타 A/C",test
쏘울 전 쇼바 LH (GAS)대영,test
쏘울 전 쇼바 RH (GAS)대영,train
쏘울 후 쇼바 (GAS),test
쏘울(가솔린 2P) 보조탱크X,test
쏘울(신형) 디젤 2014년,train
쏠라티 특장 2016~ 전 디스크,train
쏠라티 특장 2016~ 후 디스크,train
쓰러스트 암,train
"씨에로,라노스SO 텐션베어링",train
씨트로엥 뒤패드,train
씰-워셔 펌프,train
"아반데HD, 포르테, 소울, 세라토, I30 구형",train
아반떼 1.5 DO,train
아반떼 1.8/티뷰론 1.8,train
아반떼 15MY 가솔린,train
아반떼 15MY 가솔린 A/C,train
아반떼 15MY 디젤,train
아반떼 15MY 디젤 A/C,test
아반떼 2020 A/C,train
아반떼 2020 A/T,train
아반떼 2020 A/T(AA150통합),train
아반떼 AD (A/D) 3X151호환,train
아반떼 AD2.0시가(프러그탑),train
아반떼 CN7 전쇼바 LH,train
아반떼 CN7 전쇼바 RH,train
아반떼 CN7 후쇼바,train
아반떼 HD 후 브레이크디스크,train
"아반떼 HD(06~10'), I30(07~11') 용 / 인니",train
"아반떼 HD(06~10'), 아반떼MD(10~13') 용 / 인니",test
아반떼 MD (A/T) 2010년 -(삼성),train
아반떼 MD (A/T) 3X151호환,train
아반떼 MD R/DRUM,train
아반떼 MD 가솔린 A/T,train
아반떼 XD (AT)-(삼성) 가솔린,train
아반떼 XD (두원),train
아반떼 XD A/C (두원),train
아반떼 XD 전 쇼바 LH(대영),train
아반떼 XD 후 쇼바 LH(대영),train
"아반떼 XD(00~06'), 아반떼 HD(06~10') 용 / 인니",train
아반떼 쏘나타 LF 텐션너,train
아반떼(AD-16/19년) 용 / 경주,train
아반떼(HD-06년) 용 / 인니,train
아반떼1.8 텐션베어링(소),train
아반떼2020 전디스크,test
아반떼MD,test
아반떼MD (3X000공용),train
아반떼MD 14MY,train
아반떼MD 15년 (디젤 M/T A/T),train
아반떼MD 2015년 가솔린(F2050),train
아반떼MD A/C,train
"아반떼MD GDI, 벨로스터",train
아반떼MD 가솔린 A/C,test
아반떼N 코나N 17인치 후디스크,train
아반떼N 코나N 전디스크,train
아반테 AD A/T (두원),train
아반테 AD 전 LH (GAS)대영,train
아반테 AD 전 RH (GAS)대영,train
아반테 AD 후(GAS)대영,train
아반테 AD(가솔린 감마(T-GDI),train
아반테 HD 가솔린 (A/T),train
아반테 HD 가솔린 A/C (2H000공,test
아반테 HD 디젤 (2H680공용),train
아반테 HD 시가코일(최신),train
아반테 HD 전 LH(GAS)대영,train
아반테 HD 전 RH(GAS)대영,train
아반테 HD 전 디스크,train
아반테 HD 팽창밸브 (1Y000공용),train
아반테 HD 후 드럼,train
아반테 HD 후 쇼바 (GAS)대영,train
아반테 MD A/T (두원),train
"아반테 MD 후(GAS,2012 ~)대영",train
"아반테 MD,K3,I30(12~/15~),쏘울(13~),벨로스터(11~,14~),코나, 베뉴 후 디스크",train
"아반테 MD/AD, 벨로스터, 코나(15인치) 전 디스크",train
"아반테 MD/AD, 벨로스터, 코나(15인치), 셀토스 베뉴 전 디스크",train
아반테 XD (A/T) 가솔린,train
아반테 XD 1.5 SET,test
아반테 XD 1.5 디젤 SET 5PK1840,train
아반테 XD A/C,train
아반테 XD 라비타 (FRONT/ABS),train
아반테 XD 전 쇼바 RH(대영),train
아반테 XD 티뷰론 (REAR/ABS) 브레이크,test
아반테 XD 후 쇼바 RH(대영),train
아반테 XD(NO ABS) 전디스크,train
"아반테 XD, 투스카니 A/C",train
아반테 구형,train
아반테 구형 A/C,train
아반테 써머가스켓트,train
아반테 전 쇼바 RH (GAS),train
아반테 텐션( ),test
아반테 후 쇼바 LH (GAS),train
아반테 후 쇼바 RH (GAS),train
아반테(XD) 써머 54/82 C),train
"아반테,베르나 1.5 DO 텐션( )",train
아반테/티뷰론/엘란트라 브레이크,test
아반테1.8 릴리스베어링,train
"아반테1.8, EF베타 텐션베어링",train
"아반테1.8,EF베타 텐션 (대)",train
"아반테1.8,티뷰론 SET",train
아반테AD A/T 25310F2150,train
아반테HD 06년형 5PK1801,test
아반테HD 가솔린 (감마)2H020,train
아반테HD 가솔린 (감마)2H050,test
아반테HD 디젤 A/C i30,train
아반테HD 디젤/i30 디젤,train
"아반테MD FL 가솔린 감마,누A/T",train
아반테MD(FL) AT (두원),train
아반테XD 1.5 타이밍벨트 KIT,train
"아반테XD,EF 릴리스베어링",train
"아반테XD,투스카니 A/C(한라타입",train
"아반테XD,투스카니(A/T,M/T)공용",train
아베오 (2011) A/C,train
아베오 1.2/1.4 스파크 1.0/1.2 R/DRUM,train
아베오 전디스크 (4H),test
아베오 전쇼바 LH(GAS) 대영,train
아베오 전쇼바 RH(GAS) 대영,train
아베오 후드럼,train
아베오~15년오토수동공용,train
아벨라/리오 S/T 브레이크,train
아슬란 올뉴 K7,train
아시아 버스(AM939) 전드럼 (H8),train
아시아 버스(그랜버드 ABS) 후드럼 (H8),train
아시아 버스(그랜버드 NEW-ABS) 후드럼 (H8),train
아시아 버스(그랜버드) 후드럼(H8),test
아우디 뒤패드,train
아우디 뒤패드 A1(8X1) 14~,train
아우디 앞패드,train
아이들,train
아이들 베어링,train
아이들 벨어링,train
아이들 풀리,train
아이들러,test
아이들러 풀리 SM3.SM5,test
아이들베어랑,train
아이들베어링,train
아이솔레이터,train
"아이오닉 5, EV6 후디스크",train
아이오닉 팽창밸브,train
아토스 (구형) 27301-02001,train
아토스 (신형) 27301-02002,train
아토스 타이밍벨트 KIT,train
"아토스,비스토 릴리스베어링",test
"아토스,비스토,모닝 텐션베어링",test
아토스/비스토(구),test
아토스/비스토(신)/모닝,train
아토즈,train
아토즈 A/C,test
아토즈 A/T(구형) (중국산),test
아토즈 신형 (A/T),train
아토즈 신형 브레이크,train
아토즈(신) 전 LH 오일(대영),train
아토즈(신) 전 RH 오일(대영),train
"아토즈,비스토 신형 SET",train
"아토즈,비스토 전디스크",train
안개등,train
안개등 링 커버(크롬) 좌,train
안개등 전구(LINICS),train
알터네이터/YF누우/ 12V 120A/(ECU통신,train
"알터풀리 액티언,카이런",train
알페온 가솔린 A/T 수입(SCC),train
알페온 가솔린 A/T(수입),train
"알페온, 말리부 2.0-24",test
"알페온2.4, 말리부2.0/2.4",train
압력벨브,test
압력센서 가열플러그,test
압력컨버터밸브,train
앙들베어링,train
앞 도아 좌측 (B),train
앞 등속 운전석,train
앞 등속조인트,train
앞 등속조인트 좌우공용,train
앞 디스크,train
앞 로워암,train
앞 로워암 좌,train
앞 범퍼 압소바,train
앞 브레이크 패드,train
앞 쇼바,train
앞 쇼바 우,test
앞 우 등속조인트,train
앞 우 재제조 캘리퍼,test
앞 우 캘리퍼,train
앞 우측 등속조인트,train
"앞 제네시스G80 17""/18""",test
"앞 제네시스G80 2WD 16""",train
"앞 제네시스G80 2WD 16"" 하드론",train
앞 좌 등속조인트,train
앞 좌 캘리퍼,train
앞 좌우 재제조 캘리퍼,train
앞 허브 우,train
앞 허브베어링,train
앞 활대,train
앞 활대 부싱,train
앞 활대링크,train
앞 활대링크 우,train
앞 활대링크 좌,train
앞 활대링크 좌우,test
앞 활대부싱,train
앞 휠 스피드 센서,test
앞/뒤패드,train
앞뒤 좌 재제조 캘리퍼,train
앞등속,train
앞등속(우),train
앞등속(조수석),train
앞등속(좌),train
앞등속(좌우공용),train
앞등속조인트,test
앞디스크,train
앞디스크 2장,train
앞디스크 TRW제품,train
앞디스크(좌우공용),train
앞디스크[인터파트],train
앞로워암 우,train
앞로워암 좌,train
앞로워암(우),train
앞로워암(좌),train
앞링크,test
앞링크(우),test
앞링크(좌),test
앞링크(좌우),train
앞링크(좌우공용),test
앞범퍼 커버-우,train
앞부싱,train
앞센서,train
앞쇼바,train
앞쇼바 우,train
앞쇼바 좌,train
앞어퍼암우,train
앞어퍼암좌,train
앞우 도어락,train
앞우 등속조인트,train
앞우 링크,test
앞우 브레이크 호스,train
앞우 쇼바,train
앞우 엔도,train
앞우 재제조 캘리퍼,train
앞우뒤좌 재제조 캘리퍼,train
앞좌 도어락,train
앞좌 등속조인트,train
앞좌 로워암,train
앞좌 링크,test
앞좌 쇼바,train
앞좌 유리기어,test
앞좌 재제조 캘리퍼,train
앞좌 활대링크,test
앞좌우 재제조 캘리퍼,train
앞좌우재제조 캘리퍼,train
앞캘리퍼(RH),train
앞캘리퍼(우),test
앞캘리퍼(조수석),train
앞캘리퍼(좌),train
앞캘리퍼(좌/우),train
앞패 아반떼CN7 N라인(20.06~),test
앞패드,train
앞패드 114D 12~,train
앞패드 1611456580 센서포함,train
앞패드 1634200420,train
앞패드 1시리즈(F20) 10~ X,train
앞패드 1시리즈(F20/F21) 10~X,train
앞패드 2008 1.2~1.6 13~,train
앞패드 300C,test
앞패드 308,train
앞패드 308 1.6~2.0 13~,train
앞패드 308 13~,train
앞패드 5008 1.6 09~,train
앞패드 508 1.6~2.2 10~X,train
앞패드 530d(G30),test
앞패드 530i,train
앞패드 607 2.7HDi 04~11,train
앞패드 750i,test
앞패드 A220 19~,test
"앞패드 A4 (8W2,B9) 15~",train
앞패드 A4 17~,train
"앞패드 A4(8K2,B8) 07~15X",train
앞패드 ACCORD 18~,train
앞패드 BENZ CLS53 19~,train
앞패드 BENZ SL400 15~,test
앞패드 BMW 528I,train
앞패드 BMW 528i,train
앞패드 BMW X6 10~,train
앞패드 C4 Picasso 2.0 13~,train
앞패드 CLA-CLASS(C117) 13~,test
앞패드 CLK시리즈(C209) 02~10,train
앞패드 COOPER S(F55/F56) 13~X,train
앞패드 CR-V,train
앞패드 CTS 08~,train
앞패드 CTS 2.8~3.6 08~,test
앞패드 Cayenne V6 TDI 14년,train
앞패드 C클래스 13~X,train
앞패드 E220d 4MATIC 16~,train
"앞패드 EF 쏘나타(14"")",train
"앞패드 EF 쏘나타(14"") 고급형",test
"앞패드 EF,XG2.0,라비타 SM102",train
"앞패드 EF소나타,라비타 하드론",train
앞패드 EQ900 15~ 하드론,test
앞패드 EQ900 15~하드론Z,test
"앞패드 EQ900 18""19"" 15.12~",test
"앞패드 EQ900 18""19"" 15.12~고급",train
앞패드 EV9 아이오닉9,train
앞패드 EV9 아이오닉9 24년,train
앞패드 F-TYPE 13년,train
앞패드 G-Class 18~,train
"앞패드 G80 17"" 18""",train
"앞패드 G80 17"" 18"" 고급형",train
"앞패드 G80 17"" 18"" 정품형",train
"앞패드 G80 17""/18""",train
"앞패드 G80 19"" 16~ 스포츠타입",test
앞패드 G80 2.2/2.5 20.01,train
"앞패드 G80 2WD 16""",train
"앞패드 G80 2WD 16"" 고급형",train
앞패드 G80 스포츠,test
앞패드 GDB1498,train
앞패드 GOLF 19~,train
앞패드 GS350 05~11,train
"앞패드 GV80 19"",20"" 20~고급형",train
"앞패드 GV80 19"",20"" 20년~",train
"앞패드 GV80 20""(4P) 20~",train
"앞패드 GV80 20""(4P) 20~고급형",train
"앞패드 GV80 20""(4P) 20~정품형",test
"앞패드 GV80 20""(4P) 20년~",train
"앞패드 GV80 JX 20"" (4P)",train
"앞패드 GV80 JX 20"" (4P) 하드론",train
"앞패드 GV80 JX 20""(4P)",train
"앞패드 GV80(JX) 19""20"" 하드론",train
앞패드 HD 06.06~,train
"앞패드 HG / K5 17""",test
"앞패드 HG / K5 17"" 고급형",train
"앞패드 HG 2.4 16"" 고급형",train
"앞패드 HG3.0(17"")K5(17"")",test
"앞패드 HG3.0,K5 17"" 하드론",train
"앞패드 IG(16"",17"") 고급형",train
앞패드 J9D1118,train
앞패드 K3 16~ SM363,train
앞패드 K3 16~ 하드론,train
앞패드 K3 16년형,train
앞패드 K3 16년형 고급형,train
"앞패드 K5 15"" SM361",train
"앞패드 K5 15"" 하드론",train
"앞패드 K5 16"",그랜져HG2.4(16"")",train
"앞패드 K5(15"")",train
"앞패드 K5(15"") 고급형",train
"앞패드 K5(16"")그랜저HG2.4(16"")",train
앞패드 K9 (3.3) 고급형,train
앞패드 K9 3.3 12.05~,train
앞패드 K9 하드론,train
"앞패드 K9,올뉴카렌스 SM359",train
"앞패드 LF 쏘나타(15"")",test
"앞패드 LF 쏘나타(15"") 고급형",train
"앞패드 LF 쏘나타(16"")",train
"앞패드 LF 쏘나타(16"") 고급형",train
앞패드 MINI COOPER 15~16,train
앞패드 MINI(R56) 05~11,train
앞패드 MKX 07~15,train
앞패드 ML55AMG 11~X,train
앞패드 NEW SM7 SM516,test
앞패드 NEW SM7 하드론,train
"앞패드 NF 2.0/2.4 (15"") 고급형",train
"앞패드 NF쏘나타(16"")로체2.4",train
앞패드 Q50/Q60 13~X,train
앞패드 Q7 17~,train
앞패드 Q7 35 TDI QUATTRO,train
앞패드 QM-5,train
앞패드 QM-5 고급형,train
앞패드 QM5 SM510,train
앞패드 QM5 하드론,train
"앞패드 QM6 (가솔린,LPG)",train
앞패드 QM6 (디젤) SM520,train
앞패드 QM6 하드론,train
"앞패드 QM6(가솔린,LPG)18,09~",train
"앞패드 QM6(가솔린,LPG)18.09~",train
앞패드 QM6(디젤)16.09~,train
앞패드 QM6(디젤)16.09~고급형,train
앞패드 RX300 98~03,train
앞패드 S-TYPE 2.5~4.2 99~07,train
앞패드 S320~S400 14~X,train
앞패드 SIENNA 04~09,train
앞패드 SM3,test
앞패드 SM3 SM504,train
앞패드 SM3 고급형,train
앞패드 SM3 하드론,train
앞패드 SM5(510/520/525) 고급형,train
앞패드 SM6,train
앞패드 SM6 16년~ SM518,train
앞패드 SM6 16년~ 하드론,train
앞패드 SM6 고급형,train
"앞패드 SM7, SM5(구,신) 하드론",train
"앞패드 SM7,SM5(구,신)공용",train
앞패드 SM7/SM5 14년 고급형,test
앞패드 SRX 2.8~3.6 09~,train
앞패드 TG 05년 고급형,train
앞패드 X5 M 4.4 09~,train
앞패드 X5(E70) 09~13,test
앞패드 X6(F16) 14~,train
앞패드 XC60 10~,train
앞패드 XC60 16~,test
앞패드 XF(X260) 15~,train
앞패드 XM3 20.03~,train
"앞패드 YF 16"" 09.09~",train
"앞패드 YF(15""),투싼ix(2WD)",test
"앞패드 YF(16""),뉴카렌스(06년)",test
"앞패드 YF(16"")뉴카렌스, 하드론",train
"앞패드 YF15"",투싼ix 2WD 하드론",train
"앞패드 i-30 (PD) (15"")",train
"앞패드 i-30 (PD) (15"") 고급형",train
"앞패드 i30(15"")16년,코나15""",train
앞패드 갤로퍼,test
앞패드 고급 토레스 (22년~),train
앞패드 고급 트랙스,train
앞패드 고급형 모하비(08.01~),train
앞패드 골프 12~,train
앞패드 그XG3.0 하드론,test
앞패드 그랑 콜레오드 AR1 2WD,train
앞패드 그랑 콜레오드 AR1 4WD,train
앞패드 그랑 콜레오스 2륜,train
앞패드 그랑 콜레오스 4륜,train
앞패드 그랜드 스타렉스 16년형,train
앞패드 그랜드스타렉스 16년형,train
앞패드 그랜드스타렉스 SM138,train
앞패드 그랜드스타렉스 하드론,train
앞패드 그랜드스타렉스16 고급형,train
앞패드 그랜드스타렉스16 정품형,test
앞패드 그랜드스타렉스16 하드론,train
앞패드 그랜드체로키 98~05,test
앞패드 그랜드체로키3.0CRD 11~,train
"앞패드 그랜드카니발 17""",train
앞패드 그랜드카니발 하드론,train
"앞패드 그랜드카니발(17"") SM351",train
"앞패드 그랜드카니발17"" 고급형",train
"앞패드 그랜저HG 2.4(16"") 3VA60",test
"앞패드 그랜저IG (16"",17"")",train
앞패드 그랜저TG 05년형,train
앞패드 그랜저XG 3.0,test
"앞패드 넥스트스파크(13"") SM438",train
"앞패드 넥스트스파크(13"")하드론",train
"앞패드 넥스트스파크(14"") SM439",train
"앞패드 넥스트스파크(14"")하드론",test
"앞패드 넥스트스파크13"" 고급형",train
"앞패드 넥스트스파크14"" 고급형",train
앞패드 뉴 SM3,train
앞패드 뉴 SM3 QM3 SM509,test
앞패드 뉴 SM3 고급형,test
앞패드 뉴 SM3 하드론(QM3),train
앞패드 뉴 SM5 11년형,train
앞패드 뉴 SM5 11년형 고급형,train
앞패드 뉴 카렌스06년 고급형,test
"앞패드 뉴 포터, 뉴그레이스",train
"앞패드 뉴EF,NF(15""),로체 SM122",test
"앞패드 뉴K5 15"",LF15"" SM153",train
"앞패드 뉴K5 15"",LF15""+R/S홀",train
"앞패드 뉴K5 16"",LF16""+R/S홀",train
"앞패드 뉴K5 17"",LF17"",코나16""",train
앞패드 뉴SM3 13년형,train
앞패드 뉴SM3 13년형 고급형,train
앞패드 뉴SM3(13년) SM514,test
앞패드 뉴SM3(13년) 하드론,train
앞패드 뉴SM5(11년)하드론,train
앞패드 뉴SM5(11년형) SM513,train
앞패드 뉴그랜저3.5(신) 하드론,train
"앞패드 뉴렉스턴04년,싼타페4WD",test
앞패드 뉴렉스턴04년형 하드론,train
앞패드 뉴아반떼06년형(HD),test
앞패드 뉴아반떼XD 1.6,train
앞패드 뉴에쿠스3.8 11년 고급형,train
"앞패드 뉴프라이드,베르나(05년)",train
앞패드 뉴프라이드05형 하드론,train
앞패드 닛산 알티마,train
앞패드 닛산 알티마 X,train
"앞패드 다마스, 라보",train
"앞패드 더 넥스트 스파크 (13"")",train
"앞패드 더 넥스트 스파크 (14"")",test
앞패드 더 뉴 카니발,test
앞패드 더 뉴 카니발 고급형,train
"앞패드 더뉴카니발,올뉴카니발",train
"앞패드 더뉴트랙스 18년~ 18""",train
앞패드 더뉴트랙스 18년~ 하드론,train
앞패드 디올 뉴 코나(SX2) 23.~,train
"앞패드 라노스,마티즈1,2",train
"앞패드 라노스,마티즈하드론",test
"앞패드 라노스SOHC,마티즈1,2",train
앞패드 라브4 05~,train
앞패드 라브4 2.0D 12~ X,train
앞패드 라비타(신),train
앞패드 라세티,train
앞패드 라세티 프리미어,train
앞패드 라세티 하드론,test
앞패드 라세티고급형 고급형,train
앞패드 라세티프리미어 SM429,test
앞패드 라세티프리미어 하드론,train
앞패드 레니게이드 14년~,train
앞패드 렉서스 GS300,train
앞패드 렉서스 LS430,test
앞패드 렉스턴 하드론,train
앞패드 르노 마스터 18~,train
앞패드 르노 마스터 18~SM530,test
앞패드 르노 마스터 밴 (18.10~),train
앞패드 르노XM3 19.11.01~,test
앞패드 르노XM3 하드론,train
앞패드 마이크라(K12) 02~10,train
앞패드 마이크라(K12) 02~10 X,test
앞패드 마이티 11년형~,train
앞패드 마이티 11년형~ 정품형,train
앞패드 마이티 11년형~ 패드,train
앞패드 마이티 11년형~ 하드론,train
"앞패드 마이티,코러스,3.5톤(구)",train
"앞패드 마이티,코러스06,레스타",train
앞패드 마이티11.07~/e카운티11~,train
앞패드 마쯔다 6,train
앞패드 마티즈 크리에이티브,train
앞패드 마티즈크리에 고급형,train
앞패드 마티즈크리에이티브,train
"앞패드 말리부(16"",17"")(11.10~)",train
앞패드 머스탱3.7/5.0 11~14,train
앞패드 모닝,train
앞패드 모닝 11년형(TA),train
앞패드 모닝 SM325,train
앞패드 모닝 고급형,test
앞패드 모닝 하드론,train
앞패드 모닝11년(TA) 고급형,train
앞패드 모하비 (19.09~)고급형,train
앞패드 모하비 SM349,train
앞패드 모하비 더 마스터 SM374,train
앞패드 모하비 더 마스터 하드론,train
앞패드 모하비 더마스터 19.08~,train
앞패드 모하비 프리미엄,train
앞패드 모하비 하드론,test
앞패드 모하비(08.01~),train
앞패드 몬데오 00~07,train
"앞패드 무쏘, 코란도(신)",train
"앞패드 무쏘,코란도(신) 하드론",train
앞패드 미니 쿠퍼,train
앞패드 미쓰비시 이클립스,train
앞패드 밴틀리,test
"앞패드 베뉴 15"" 19.07~",train
"앞패드 베뉴 15"" 고급형",train
앞패드 베뉴 하드론,train
앞패드 베뉴(QX) 19~ SM189,train
앞패드 베라크루즈,train
앞패드 베라크루즈 SM139,train
앞패드 베라크루즈 고급형,train
앞패드 베라크루즈 하드론,train
앞패드 벤츠 C200,train
앞패드 벤츠 C클래스 13~,train
앞패드 벤츠 C클래스 200,train
앞패드 벤츠 E Class 16-,train
앞패드 벤츠 E350,train
앞패드 벤츠 E클래스 300,train
앞패드 벤츠 E클래스 350 X,train
앞패드 벤츠 ML230(W163) 98~05,train
앞패드 벤츠 S350 X,test
앞패드 벤츠ML230(W163) 98~05,train
"앞패드 벨로스터N, K5 GT 18""",train
"앞패드 벨로스터N,K5 GT 18""",train
앞패드 보이저01~08,train
앞패드 볼보440/480 트럭,train
앞패드 봉고-III (1.4톤),train
앞패드 봉고-III(1.4톤)정품원료,train
"앞패드 봉고1.4톤,파맥스,봉고3",train
앞패드 봉고3(승합),train
앞패드 봉고III(화물)포터2,test
"앞패드 세피아,세피아II, 슈마",test
앞패드 소나타 하드론,train
앞패드 스마트 포투 쿠페 04년~,train
앞패드 스카니아 유로6,train
"앞패드 스카니아,트라고엑시언트",train
"앞패드 스타렉스 03, 04년형",train
"앞패드 스타렉스03,04MY 하드론",train
"앞패드 스타렉스03,04MY,리베로",train
앞패드 스타렉스2WD 하드론,test
"앞패드 스타렉스2WD,리베로",test
앞패드 스타리아 21~ 하드론,train
앞패드 스타리아 21년~,test
앞패드 스타리아 21년~고급형,train
앞패드 스타리아(US4) 21~,test
앞패드 스토닉,train
앞패드 스토닉 17.03~,train
앞패드 스토닉 17.03~ 고급,test
앞패드 스토닉 하드론,train
"앞패드 스팅어 / G70 17""",test
"앞패드 스팅어 / G70 17"" 고급형",train
"앞패드 스팅어 / G70 18""",train
"앞패드 스팅어 / G70 18"" 고급형",train
앞패드 스팅어 브램보 하드론Z,train
앞패드 스팅어 하드론 (17인치),train
앞패드 스팅어 하드론 (18인치),train
앞패드 스팅어 하드론Z(17인치),train
앞패드 스팅어 하드론Z(18인치),train
"앞패드 스팅어18""(브렘보)17.09~",train
"앞패드 스팅어18""(브렘보)17~",test
앞패드 싼타페 프라임(DM)하드론,train
앞패드 싼타페(TM) 18년~,train
앞패드 싼타페(TM) 18년~고급형,train
앞패드 싼타페(TM) 18년~하드론,train
"앞패드 싼타페06년형(CM16"")",test
"앞패드 싼타페2WD (15"")",train
"앞패드 싼타페2WD 15"" 고급형",test
앞패드 싼타페4WD 00~05 고급형,train
"앞패드 싼타페4WD 16"" 00~05",test
"앞패드 싼타페CM 16"" 고급형",train
앞패드 싼타페TM 18.02~,test
"앞패드 싼타페프라임(DM,CM) 칸",train
"앞패드 쎄라토1.5,2.0(15"")",train
앞패드 쏘나타 DN8 19.03~,train
앞패드 쏘나타 DN8 고급형,test
앞패드 쏘나타(DN8)19~ SM188,train
앞패드 쏘나타(DN8)19~ 하드론,train
앞패드 쏘렌토,train
앞패드 쏘렌토 SM320,test
앞패드 쏘렌토 고급형,test
앞패드 쏘렌토 하드론,train
앞패드 쏘렌토(MQ4) 20~,train
앞패드 쏘렌토(MQ4)20.05~고급형,train
앞패드 쏘렌토(MQ4)20~,train
앞패드 쏘렌토MQ4 20.02~,test
앞패드 쏘울 부스터 (하드론),train
앞패드 쏘울 부스터 4S,test
앞패드 쏘울 부스터 고급형,test
앞패드 쏘울부스터 18.12~,train
앞패드 쏠라티,train
앞패드 쏠라티 15.06~고급,train
앞패드 쏠라티(센서) 15.06~,train
앞패드 쏠라티(센서포함)고급,train
앞패드 아반떼 (CN7) 20~,train
앞패드 아반떼 11년형 (MD),train
"앞패드 아반떼(AD)15"" 고급형",train
앞패드 아반떼(CN7) 20.03~,train
앞패드 아반떼(CN7) 20~ 고급형,train
앞패드 아반떼(MD) 고급형,test
"앞패드 아반떼, 엑센트, 베르나",train
앞패드 아반떼06년(HD) 고급형,train
"앞패드 아반떼15년형(AD) 15""",train
"앞패드 아반떼AD (15"") 하드론",train
앞패드 아반떼AD (15인치) SM159,test
앞패드 아반떼XD 1.5,train
앞패드 아반떼XD1.5 하드론,train
"앞패드 아반테MD(11년),벨로스터",train
"앞패드 아베오 14""",train
앞패드 아우디 A3 12~,train
앞패드 아우디 A4,test
앞패드 아우디 A4 11~13,train
앞패드 아우디 A6콰트로,train
앞패드 아우디 A8 4.2 콰트로,train
앞패드 아이오닉5 21~ 하드론,train
"앞패드 아토스,비스토(구)",test
"앞패드 아토스,비스토(신)",train
앞패드 알페온 말리부,train
앞패드 알페온 하드론,test
앞패드 야무진(1톤 트럭),train
"앞패드 에쿠스 3.0/3.5/4.5(17"")",train
앞패드 에쿠스(VI) 3.8 11년형,test
앞패드 에쿠스04년형,train
앞패드 에쿠스04년형 하드론,train
"앞패드 에쿠스3.0~4.5 17"" 고급",train
"앞패드 에쿠스3.5,트라제XG",train
앞패드 에쿠스4.5 고급형,train
"앞패드 에쿠스4.5,오피러스(16"")",train
앞패드 엑센트 11년형(RB),test
앞패드 엑센트(11년형) SM144,train
앞패드 엑센트(11년형)하드론,test
앞패드 엑센트11년(RB) 고급형,train
앞패드 오피러스 / 에쿠스4.5,test
앞패드 올 뉴 SM7,train
앞패드 올 뉴 SM7 14년형~,train
앞패드 올 뉴 SM7 14년형~ SM517,test
앞패드 올 뉴 SM7 고급형,train
앞패드 올 뉴 SM7/SM5 14년형,train
앞패드 올 뉴 말리부,test
앞패드 올 뉴 말리부 16년형~,train
앞패드 올 뉴 말리부 고급형,train
"앞패드 올 뉴 모닝 13"" 고급형",train
"앞패드 올 뉴 모닝 13"" 캐스퍼",test
"앞패드 올 뉴 모닝 14"" 고급형",train
"앞패드 올 뉴 모닝 14"" 캐스퍼",train
앞패드 올 뉴 쏘렌토 (UM),test
앞패드 올 뉴 쏘렌토 SM356,test
앞패드 올 뉴 쏘렌토 하드론,train
앞패드 올 뉴 카니발 SM370,test
"앞패드 올 뉴모닝 14"" 17~ 하드",train
"앞패드 올뉴 K7(16""17"")IG",train
앞패드 올뉴 크루즈(17.01~),train
앞패드 올뉴 투싼 2/4WD (T/L),train
"앞패드 올뉴모닝 13"" 17년형~",train
"앞패드 올뉴모닝 14"" 17~ SM364",train
앞패드 올뉴모닝(11년),test
앞패드 올뉴모닝(11년)Frt 레이,test
앞패드 올뉴쏘렌토(UM) 고급형,train
앞패드 올뉴크루즈 18~,train
앞패드 올뉴크루즈 18~ 하드론,train
앞패드 올뉴투싼(T/L) 고급형,train
"앞패드 올뉴투싼,올뉴스포티지R",train
앞패드 올란도 하드론,train
"앞패드 올란도, 크루즈(""16)",train
"앞패드 올란도,크루즈16""",train
"앞패드 올란도,크루즈16""고급",train
앞패드 윈스톰 SM427,train
앞패드 윈스톰 하드론,train
앞패드 윈스톰(SUV),train
앞패드 윈스톰(SUV) 고급형,train
앞패드 이보크 2.0 11~ X,train
앞패드 이스케이프 08,test
앞패드 이스타나,train
앞패드 익스플로러4.0/4.6 00~10,train
앞패드 인피니티 G35 02~,train
앞패드 재규어 XF 15~,train
앞패드 제네시스,train
"앞패드 제네시스 GV80 JX19""(2P)",train
앞패드 제네시스 하드론,test
앞패드 제네시스(BH) 08.01~,train
앞패드 제네시스(BH) 08.01~고급,train
"앞패드 제네시스쿠페18"" 고급형",train
"앞패드 제네시스쿠페18""(브렘보)",train
앞패드 지프 그랜드체로키 05년,train
앞패드 지프 랭글러 02~07 X,train
앞패드 체로키(KL) 2.0~3.2 13,train
앞패드 체로키(KL) 2.0~3.2 13~,test
앞패드 체로키/리버티(KJ)01~08,train
앞패드 체어맨,train
앞패드 체어맨 하드론,test
앞패드 초저상 버스 전용,test
앞패드 카니발 KA4 20.08~,train
앞패드 카니발 KA4 20.08~고급형,train
앞패드 카니발4세대 20~ 하드론,train
앞패드 카니발II 04년형,test
앞패드 카니발KA4 20~,train
앞패드 카레라911 04~,test
앞패드 카렌스II 하드론,train
앞패드 카운티 뉴브리즈 20~,train
앞패드 카이엔 3.0~4.8 10~ X,train
"앞패드 칼로스,누비라(SOHC)",train
앞패드 캠리 18~,test
앞패드 컨트리맨(F60)16~ X,train
"앞패드 코나(SX2) 16"" 23년",train
앞패드 코롤라 1.3~2.4 06~,test
앞패드 코롤라 1.3~2.4 06~ X,train
앞패드 콜로라도,test
앞패드 콜로라도 (25~),train
앞패드 콜로라도 4P,train
앞패드 콜로라도 4P 15~ 하드론,train
앞패드 크라이슬러 300,train
앞패드 크라이슬러 PT크루저,train
앞패드 크레도스,train
앞패드 클리오,train
"앞패드 타타대우,MAN 신형 13",train
앞패드 테라칸,train
앞패드 토레스 (22년~),train
"앞패드 토스카,매그너스(L6)",test
앞패드 토요타 캠리,train
앞패드 토요타 프리우스,test
앞패드 토요타 프리우스 X,test
앞패드 투싼(NX4) 21~,test
앞패드 투싼(NX4) 21~ 하드론,train
"앞패드 투싼(NX4)17"" 고급형",test
"앞패드 투싼NX4 17"" 20.09~",test
앞패드 투아렉 06~,train
앞패드 트래버스 18~,train
앞패드 트래버스 20~,train
앞패드 트래버스 20~ 콜로라 2P,train
앞패드 트래버스 20~ 하드론,train
"앞패드 트랙스 18"" 고급형",train
"앞패드 트랙스 18""(18.01~)",train
앞패드 트랙스 크로스오버23.03~,train
앞패드 트레일블레이저 20~,test
앞패드 트레일블레이저 하드론,test
앞패드 티볼리 X100 2/4WD 고급,train
앞패드 티볼리 X100 고급형,train
앞패드 티볼리(2WD/4WD) SM436,test
앞패드 티볼리(2WD/4WD) 하드론,train
앞패드 티볼리X100 2/4WD 15.01~,train
앞패드 팰리세이드(LX2)ALCON(6,train
앞패드 팰리세이드(LX2)ALCON(6P,train
앞패드 팰리세이드(LX3),train
앞패드 퍼시피카 04~08,test
앞패드 펠리세이드(LX2) SM193,train
앞패드 펠리세이드(LX2) 하드론,train
앞패드 펠리세이드18년 고급형,test
앞패드 펠리세이드LX2 18.11~,train
앞패드 포드 레인저,test
앞패드 포드 크라운 빅토리아,train
앞패드 포드 크라운 빅토리아 X,test
앞패드 포드 토러스,train
앞패드 포드 토러스 01~07년형,train
앞패드 포드 토러스 12~14,train
앞패드 포드 토러스(노무빙),train
앞패드 포드 트랜짓 컨넥트,train
앞패드 포터 14년형 하드론,train
앞패드 포터2 17년형 SM326,train
앞패드 포터2 17년형 하드론,train
"앞패드 포터2, 봉고3",train
"앞패드 포터2, 봉고3(화물)",train
앞패드 포터2/봉고3,train
앞패드 포터2/봉고3 고급형,train
앞패드 포터2/봉고3 정품재질,train
앞패드 폭스바겐 골프,train
앞패드 폭스바겐 티구안 09~14,test
앞패드 푸조 308 1.6 Ehdi,train
앞패드 프라이드 05년 고급형,test
앞패드 프라이드 05년형,train
"앞패드 프론티어(신),토픽",train
"앞패드 프린스,누비라2,라노스DO",test
앞패드 허머 H3 06~10,train
"앞패드 현대 파비스(QP/신)19.5""",train
앞패드 혼다 시빅,train
앞패드 혼다 시빅 1.8,train
앞패드 혼다 어코드,train
앞패드(센서포함),train
"앞패드NF(16"") TG,로체 하드론",train
앞패드고급 올뉴 크루즈(17.01~),test
"앞패드뉴EF,로체,NF15""하드론",train
앞패드뉴아반떼06년(HD) 하드론,train
앞패드디올 뉴코나(SX2)23.~고급,train
"앞패드레간자(신),매그너스하드",test
앞패드마티즈크리에이티브하드론,train
"앞패드세라토(1.5,2.0)15""하드론",train
앞패드센서,train
"앞패드에쿠스3.5,트라제 하드론",train
앞패드에쿠스4.5오피러스 하드론,train
"앞패드크레도스 ,카렌스 하드론",train
"앞패드토스카,매그너스L6 하드론",train
"앞패드포터(신),그레이 하드론",train
"앞패드프레지오,카니발(신) 하드",train
앞허브베어링,test
앞허브베어링(좌우공용),train
앞활대링그,train
앞활대링크,train
앞활대부싱,train
액츄에이터 씰,train
액티언 스포츠 전(GAS)2륜부싱,train
액티언 스포츠 전(GAS)4륜,train
액티언 스포츠 후(GAS)2륜4륜,test
앤드(우),train
앤드(좌),train
야무진 브레이크,train
어댑터클립,train
어코드3.0 07~ (130A),train
어퍼암,train
어퍼암 FR/LH,test
어퍼암 FR/RH,train
어퍼암 볼조인트,train
어퍼암 앞좌,train
언더커버,train
"에스페,누비라,라노DO 텐션( )",train
"에스페로,누비라DO ( )",train
"에스페로,라노스 브레이크",test
에어 매스센서,train
에어 쇼바,test
에어 스프링,train
에어 플로우 센서,train
에어 플로우센서,test
에어 플로워 센서,train
에어 필터,train
에어 필터 206 1.6 00~04,train
에어 필터 307 1.4~2.0 01~ X,train
에어 필터 520/525i(E34)89~,train
에어 필터 9-3 2.0/2.3 98~0,test
에어 필터 9000 2.0 84~98 X,train
에어 필터 A4 2.0TDI 07~16,train
에어 필터 A6 2.0 TDi 11~,train
"에어 필터 A6(4B,C5)2.8 97~",train
에어 필터 Altima 2.5 13~17,train
에어 필터 C200/C230KOMP 00~07,train
에어 필터 Cooper1.6 01~08X,train
에어 필터 E200~E430 95~03,train
에어 필터 ES300 07~11,train
에어 필터 GS300 05~11 X,train
에어 필터 GS300 05~11X,test
에어 필터 LS430 01~06,test
에어 필터 Q50 2.0T 13~,test
에어 필터 RX300 99~03 단,train
에어로 트위(700/425)XF 2.0 15~,test
에어로 트윈 멀티 AP16U (400),train
에어로 트윈 멀티 AP17U (425),train
에어로 트윈 멀티 AP19U (475),train
에어로 트윈 멀티 AP21U (530),train
에어로 트윈 멀티 AP23U (575),train
에어로 트윈(550/500) A108S,train
에어로 트윈(625/550) A244S,test
"에어로트윈 싱글 450mm(18"")SS",train
에어로트윈/레트로 (550/500),train
에어로트윈/레트로 (600/550),train
에어로트윈/레트로세트(530/500),train
에어매스센서,train
에어매스센서 HELLA,train
에어블로우 센서,train
에어쇼바,test
에어스프링,train
에어컨 콤프,train
에어컨콤프,train
에어콘 휠타 SM520,train
에어텍스 워터펌프 가스켓 포함,train
에어플로우센서,train
에어필터,train
에어필터 0000902651,train
에어필터 03C129620B,train
에어필터 05018777AB,train
에어필터 06F133843B,train
에어필터 10940301,train
에어필터 113129620,train
에어필터 12786800,test
에어필터 13717514832,train
에어필터 13717534845,test
에어필터 13717571355,train
에어필터 13717593250,test
에어필터 13717793647,train
에어필터 13721477840,train
에어필터 13721491749,test
에어필터 13721702907,train
에어필터 13727529261,train
에어필터 1444EH,train
에어필터 1444PR,test
에어필터 15153904,train
에어필터 165467S000,train
에어필터 17801B1010,train
에어필터 180/250 CDI 07~,test
에어필터 180/250 CDI(07~),train
에어필터 190 2.3 82~93 X,train
에어필터 1J0129620A,train
에어필터 1SERIES 3.0,train
에어필터 1SERIES(E81)1.6 X,test
에어필터 2 (DE) 1.3/1.5 07~15,train
에어필터 2003.6 15~17,train
에어필터 206 1.6 00~04,train
에어필터 206CC(2D)1.6 (00-10),train
에어필터 207 1.4 06~,test
에어필터 2071.6HDI 06~,train
에어필터 23323508,test
에어필터 241155 필히 같이판매,train
에어필터 241156 필히 같이판매,test
에어필터 2780940004,train
에어필터 3 Coupe M3(E92) 03~,train
에어필터 3 Coupe M3(E92) 03~X,train
에어필터 3 SERIS 05~13,train
에어필터 3(BL) 2.0~2.5 09~,train
에어필터 3(E46)2.5 ~06 X,train
에어필터 3008 1.6 HDI 10~,test
에어필터 3008 1.6BlueHDI 14~,train
에어필터 3008 1.6THP 07~,train
에어필터 3008 18~,train
에어필터 3008 18~X,train
에어필터 30082.0LHDI 07~,train
에어필터 300C 3.0 CRD 05~,train
에어필터 300C 3.6~6.4 11~,test
에어필터 300M 3.5 99~04 X,train
에어필터 307 2.0 01~,train
에어필터 307 2.0 05~,train
에어필터 30723179,train
에어필터 308 2.0 BlueHDI 14~,train
에어필터 308/508 1.6THP(07~),test
에어필터 316i 98~07,train
에어필터 316i~320i(E90)05~13,train
에어필터 316~328i(F30/F31) 11~,train
에어필터 318/320D 98~07 X,train
에어필터 318/320D(E46) 98~07,test
에어필터 318i(E36)1.8 86-97 X,train
에어필터 318i(E36)1.8 86~97,test
에어필터 320d (G20) 19~,train
에어필터 320~340i 15~,test
에어필터 325d(F30) 13~16,train
에어필터 325d/330d 05~13,test
에어필터 325~330(E90)3.0 06~12,train
에어필터 335i(E90) 3.0 07~11,train
에어필터 335i(F30/F31) 11~,train
에어필터 3528093,train
에어필터 3SER(E90)3.0D 09~11,train
에어필터 3SERIES(E46),train
에어필터 3SERIES(E46)2.5 92~06,train
에어필터 3SERIS 05~13,test
에어필터 3Serie(F30/31) 15~,train
에어필터 4007 2.0 10~,train
에어필터 4008 1.8 HDi 12~X,test
에어필터 406 1.8~3.0 95~04,test
에어필터 407 04~,train
에어필터 407 1.6 HDI 04~X,train
에어필터 407 2.0 04~,test
에어필터 407 3.0 HDI 09~X,test
에어필터 4591100AB,train
에어필터 4E0129620,train
에어필터 4R3Z9601AA,train
에어필터 500 07~,train
에어필터 500 1.4 12~,train
에어필터 500L 0.9 07~,train
에어필터 500L(330) 1.4/1.6 12~,train
에어필터 500X 14~,train
에어필터 5081.6VTi 10~,train
에어필터 518/520D 10~16,train
에어필터 520/525i (E34) 89~96,train
에어필터 520~550i 03~10,train
에어필터 528i(F10) 10~16,train
에어필터 535i 08~ X,train
에어필터 5F9Z9601AA,train
에어필터 5Q0129620C,train
에어필터 5SERIES 16~,train
에어필터 5시리즈 (F10) 10~16,train
에어필터 5시리즈 23~,train
에어필터 5시리즈(E60/61) 03~10,test
에어필터 607 2.7 HDI,train
에어필터 607 2.7L HDI,train
에어필터 6420940204,train
에어필터 718 Boxster2.5GTS 18~,test
에어필터 730 3.0 02~08,train
에어필터 750i (F01) 08~15 [우],train
에어필터 750i (F01) 08~15 [좌],train
에어필터 750i 07~08,test
에어필터 750i/760i 07~08,train
에어필터 760i 08~15 X,train
에어필터 7SERIS 15~ 좌/우 한셋,train
에어필터 807 2.0 HDI 06~,test
에어필터 9-52.3 01~11,train
에어필터 911 3.6 (997) 06~09,train
에어필터 911 3.6GT3(997) 06~09,train
에어필터 911 3.8GT3(991) 13~16,train
에어필터 911 3.8터보(991) 13~,train
에어필터 911 Carrera 3.8 04~08,train
에어필터 911 카레라 08~11,test
에어필터 911카레라 08~11,train
에어필터 940 2.3L(94~98)X,test
에어필터 940II 2.3/2.9(94~98)X,train
에어필터 9454647,train
에어필터 97011022001,train
에어필터 A-CLASS(W168) 97~04,train
에어필터 A150~A200(W169) 04~12,train
에어필터 A160~A200CDI 04~12 X,train
에어필터 A160~A220CDI 12~,train
에어필터 A160~A220CDI 12~ X,test
에어필터 A3(8P)2.0TurboFsi 06~,test
에어필터 A31.4 13~,train
에어필터 A4 1.8/2.0 07~,train
에어필터 A4 2.0(12~),train
에어필터 A4 3.5 TDI (B9) 15~,train
에어필터 A4(8EC)1.8~3.2 04~,test
"에어필터 A4(8K,B8)2.0TDI 07~16",train
에어필터 A5 (F5) 2.0 TFSI 16~,test
에어필터 A6 2.0 TDI 18~,train
에어필터 A6 2.0 TDI 18~ X,train
에어필터 A6 2.0 TFSI 04~11,train
에어필터 A6 2.5 TDI(97-05)X,test
에어필터 A6 2.7~4.2 97~05,train
에어필터 A6 2.7~4.2(97~05),train
에어필터 A6 4.2QUA 94~97,train
에어필터 A6(4F2) 2.4~4.2 04~,train
에어필터 A6(4G2)2.8 FSI 11~,train
에어필터 A6(4G2)2.8 FSI(11~),train
에어필터 A6(4G5) 4.0 TFSI 13~,test
에어필터 A6(4G5)4.0 TFSI 13~,test
에어필터 A6(C5)2.5 TDI 97-05,train
에어필터 A8 3.0 TDi quat 10~,train
에어필터 A8 3.0TDi quat 03~10,train
에어필터 A8 4.2 FSi quat 09~,train
에어필터 A8 4.2 TDi quat 05~10,train
에어필터 A8 4.2TDi quat 05~10,train
에어필터 A8(4E)3.0 TDI(02~10),test
에어필터 A8(4E)6.0 06~10,test
에어필터 A8(4E)6.0(06~10),train
에어필터 A8(4N)50 TDI quat 17~,test
에어필터 ACCORD 1.5 18~,train
에어필터 ACCORD 12~,test
에어필터 ACCORD 2.0 18~,test
에어필터 ACCORD 2.2 (94~98,train
에어필터 ACCORD 2.3 (00~02),train
에어필터 ACCORD 3.0L(06~07),test
에어필터 ACCORD 3.5 (06~07),train
에어필터 ACCORD 3.5 (08~11),train
에어필터 ACCORD 3.5 06~07,train
에어필터 ACURA CL 3.2 01~03,test
에어필터 ACURA MDX 3.5 01~06,train
에어필터 ACURA TSX 2.4 09~14,train
에어필터 AJ5713Z40,train
에어필터 ATS-V 3.6 16~19,train
에어필터 AUDI A6 3.0 TDI (18~),train
에어필터 Accord 2.0/2.4 ~08,train
에어필터 Accord 2.3 98~02,test
에어필터 Accord 2.4 08~11,train
에어필터 Accord 2.4 13~17,train
에어필터 Accord 3.0 03~07,train
에어필터 Accord 3.5 13~17,train
에어필터 Acura RDX 2.3 07-12,train
에어필터 Altima 2.5 07~13,train
에어필터 Altima 2.5(L34) 19~,train
에어필터 Altima2.5 13~17,train
에어필터 Alto Lapin 0.6 08~15,train
에어필터 BJ329601AA,train
에어필터 BMW 3 20~,train
에어필터 BMW 3 20~X,train
에어필터 BMW 3시리 20~,train
에어필터 BMW X5 [18~],train
에어필터 Bentayga 6.0(4V1) 16~,train
에어필터 Boxster3.4(981)14~16,train
에어필터 C-CLASS BlueTEC 14~,train
에어필터 C180(W203) 00-07,train
에어필터 C180(W203)(00-07)X,train
에어필터 C180~C250CGI 07~14,train
에어필터 C200 14~,train
에어필터 C200/230K(W203) 00~07,train
에어필터 C200/C220 CDI 08~,train
에어필터 C230 1.8 03~05,train
에어필터 C32AMG(W203)(02~04),train
에어필터 C32AMG(W203)(02~04)X,train
에어필터 C63AMG 14~,train
에어필터 CAMRY 18~,train
에어필터 CAMRY 18~ X,train
에어필터 CCLASS 07~14,train
에어필터 CELICA 1.6~2.2(00~05),train
에어필터 CHEROKEE 2.4 19~X,train
에어필터 CHEROKEE V 2.0(19~),train
에어필터 CIVIC 12~,train
에어필터 CIVIC HYBRID 12~,train
에어필터 CIVIC8 1.8(07~11),train
에어필터 CIVIC8 1.8(07~11) X,train
에어필터 CLA 19~,train
에어필터 CLA 200D 19~,train
에어필터 CLA 200d 19~,train
에어필터 CLA 200d 19~X,train
에어필터 CLA 220 19~,train
에어필터 CLA 220 19~X,train
에어필터 CLIO 13~,test
에어필터 CLK430(C208)4.3 97~02,test
에어필터 CLK55AMG 02~09,train
에어필터 COMPASS 2.0 11~,test
에어필터 COMPASS 2.0(11~),train
에어필터 COOPER 1.6S 02~14,train
에어필터 COOPER 1.6S(02~14)X,train
에어필터 COROLLA 1.8(09~11,train
에어필터 COROLLA1.8 09~11,test
에어필터 CR-V 1.5 18~,test
에어필터 CR-V 10 ~11,train
에어필터 CR-V 10~11,train
에어필터 CR-V 2.0 95~02,train
에어필터 CR-V 2.0 95~02X,train
에어필터 CR-V 2.4 15~16,test
에어필터 CR-V 2.4 iVTEC 12~,train
에어필터 CR-V 2.4i 07~,test
에어필터 CR-V 2.4i VTEC 12~,test
에어필터 CR-Z 1.5 Hybrid 10~,train
에어필터 CRUISER 4.7(98~07),train
에어필터 CT200H 1.8 (11~),train
에어필터 CT200h 1.8 11~,train
에어필터 CT6 2.0 16~,test
에어필터 CT6 3.6 16~,train
에어필터 CTS 08-14,test
에어필터 CTS 2.0T/3.6 15~,train
에어필터 CTS 2.8~3.6 03~07,train
에어필터 CTS 2.8~3.6(03~07)X,train
에어필터 CTS 6.2L(12~),train
에어필터 CX-5(KE) 2.0/2.5 12~,train
에어필터 Camaro 3.6/6.2 11~,train
에어필터 Camaro 3.6/6.2 11~ X,train
에어필터 Camry 2.4VVTi 06~11,train
에어필터 Camry2.4VVTi 06~11,train
에어필터 Canyon 2.8 04~06,train
에어필터 Cayenne 3.0 (9YA) 18~,train
에어필터 Celica1.6GT 73~05,train
에어필터 Cherokee 2.7CRD 0,train
에어필터 Cherokee CRD 14~,train
에어필터 Cherokee2.0/2.2D 13~,train
에어필터 Cherokee4.0i 87~01,train
에어필터 Civic 1.3i 01~05 X,train
에어필터 Civic 1.6/1.7 12~,train
에어필터 Civic 1.8 06~12,train
에어필터 Civic 2.0 01~05,test
에어필터 Civic 2.0 06~11,train
에어필터 Civic 2.4i 12~X,train
에어필터 Civic1.3i Hyb 06~11,train
에어필터 Clubman 2.0D 11~14,train
에어필터 Colorado 3.6 17~,train
에어필터 Compass 2.0 CRD 06~,train
에어필터 Cooper 1.6 06~,test
에어필터 Cooper 1.6s 06~,train
에어필터 Cooper수동1.6 01~08 X,train
에어필터 Corolla 1.8 01~,train
에어필터 Corolla1.8 01~,train
에어필터 Corvette 6.2 14~19,train
에어필터 Cube 1.6 09~,test
에어필터 DEFENDER 2.0 19~,train
에어필터 DEFENDER 2.2/2.4 02~,train
에어필터 DISCOVERY 14~,train
에어필터 DISCOVERY 14~ X,train
에어필터 DTS 4.6 06~11,train
에어필터 DeVille4.6 00~05,train
에어필터 Discovery 2.5 99~04,test
에어필터 Discovery 3.0 14~,train
에어필터 E CLASS 02~09,train
에어필터 E CLASS 16~,train
에어필터 E-150 4.2~5.4 03~14,train
에어필터 E-ClASS(W124) 93~95,train
에어필터 E-ClASS(W124) E320,test
에어필터 E-ClASS(W210) 95~03,train
에어필터 E180~E250(W212) 09~,train
에어필터 E200 23~,train
에어필터 E200 Komp 00~03 X,train
에어필터 E200E/TE (W124) 92~94,train
에어필터 E200E/TE(W124) 92~94,train
에어필터 E200K(W/S210) 00~03,train
에어필터 E220~E320 CDI 02~09,train
에어필터 E220~E320CDI 02~09,train
에어필터 E280~E320CDI 02~09,train
에어필터 E300E (18~),train
에어필터 E300E (18~)X,train
에어필터 E300E 18~,train
에어필터 ES300(VZV) 01~06,train
에어필터 ES300h 18~,train
에어필터 ES350 07 ~12,train
에어필터 EXPLORER4.0 CID(01~),train
에어필터 Eclipse2.4/3.8 06~12,train
에어필터 Escalade5.3 02~05,train
에어필터 Escape 2.3/2.5 05~11X,train
에어필터 Explorer 2.3 25~,train
에어필터 Explorer 4.0/4.6 02~,train
에어필터 Explorer 4.6 06~10X,train
에어필터 Express1500 01~14,train
에어필터 Express1500 5.7 96~00,train
에어필터 F-150 09~,train
에어필터 F-150 5.4 04~08,train
에어필터 F-1502.7~6.2 09~,train
에어필터 F-350 6.2/7.3 20~,train
에어필터 F-Series 11~16,train
에어필터 F-TYPE14~좌/우,train
에어필터 FJ Cruiser 4.0 10~,train
에어필터 FJ Cruiser4.0 10~,train
에어필터 FUSION 13~,train
에어필터 FUSION 13~ X,train
에어필터 FX45 03~08,train
에어필터 Fit 1.5 09~14,train
에어필터 FreeLander2.2/3.2 06~,train
에어필터 Freelander 2.0 11~,train
에어필터 Freelander 2.0 11~X,train
에어필터 Fusion 2.3 06~09,train
에어필터 Fusion 3.0 06~12X,train
에어필터 G/Cherokee 10~,train
에어필터 G37 08~13,test
에어필터 G37 10~,train
에어필터 GHIBLI 3.0D 250 13~,train
에어필터 GLA180/250(X156)13~,train
에어필터 GLA45 AMG 14~,train
에어필터 GLA45 AMG(X156) 14~,train
에어필터 GRAN TURISMO 4.7 07~,train
에어필터 GRAND VOYAGER 95~,test
에어필터 GRAND VOYAGER 95~01,train
에어필터 GS 11~,train
에어필터 GS250 12~,train
에어필터 GS300 05 ~11,train
에어필터 GS300 98~05,train
에어필터 GS460 4.6L(08~10),train
에어필터 GT-R(R35) 3.8 07~14,test
에어필터 Ghibli 3.0 13~2개출,train
에어필터 Ghibli 3.0 13~2개출고,train
에어필터 Golf 2.0TDI 12~,train
에어필터 H2 6.0/6.2 03~09,test
에어필터 H2 6.0/6.2 03~09 X,train
에어필터 H3 3.7 08~10,train
에어필터 HR-V 1.8 16~,train
에어필터 Hustler 0.6 10~14,train
에어필터 IS250 07~14,train
에어필터 IS250 13~,train
에어필터 IS300 01~05 X,train
에어필터 Insight 1.3 Hyb 10~14,test
에어필터 JAZZ 11~,train
에어필터 JETTA(162)2.5FSI 10~,train
에어필터 Jazz 1.2/1.4 02~08,test
에어필터 Jazz 1.2/1.4 02~08 X,train
에어필터 Jetta 1.4 TSI 19~,train
에어필터 Jetta 1.4 TSI 19~X,train
에어필터 Jimmy 4.3 92~05 X,train
에어필터 Juke1.2~1.6 10~,train
에어필터 KUGA 19~,train
에어필터 LEGEND 04 ~,train
에어필터 LEGEND 04~,train
에어필터 LIBERTY 3.7(08~11),train
에어필터 LS250 2.5 (06~11),train
에어필터 LS430 01~06,train
에어필터 LS460 06~,test
에어필터 LS500h 18~,train
에어필터 Lanser Kombi 03~08,train
에어필터 Legacy 2.5~3.6 05~,train
에어필터 M-CLASS(W163)ML270CDI,train
에어필터 M-Class(W163),train
에어필터 M-Class(W163)(06-09),test
에어필터 M2 (F87) 16~18,train
에어필터 M340i(G20/21) 19~,train
에어필터 M35 06~08,test
에어필터 M35 3.5L(06~10),train
에어필터 M37 11~13,train
에어필터 M45 06~10,train
에어필터 M5 10~16 [좌우셋],test
에어필터 M5(E60)5.0(06~09 X,train
에어필터 M5(E60)5.0(06~09) X,test
에어필터 MARCO POLO (W447) 15~,train
에어필터 MICRA 10~1.4 92~12,test
에어필터 MKZ 2.0~3.7 13~,train
에어필터 ML270CDI 97~05,test
에어필터 ML350 CDI 11~,train
에어필터 ML55AMG (W163) 97~05,train
에어필터 MONDEO 00~07,test
에어필터 MONDEO 1.6~2.0 ~0,train
에어필터 MONDEO 1.8/2.0 00~07,train
에어필터 MX-5 1.8/2.0 05~15,train
에어필터 Macan 3.0 TDi 14~,train
에어필터 Maverick 2.0~3.0 00~,test
에어필터 Micra 1.0~1.4 03~10,train
에어필터 Mulsanne 6.8 09~,train
에어필터 Mustang 11~14,train
에어필터 ODYSSEY 18-,train
에어필터 Odyssey 3.5 11~17,train
에어필터 Odyssey 3.5 99~04,train
에어필터 Odyssey3.5 05~10,test
에어필터 Odyssey3.5 11~17,train
에어필터 PACIFICA 3.5 04-08,test
에어필터 PASSAT2.0 TDI 06~14,train
에어필터 PHAETON 4.2 03~16,train
에어필터 PHE500020,train
에어필터 POLO 09~,train
에어필터 POLO IV 1.2L(01~07)X,train
에어필터 PT CRUISER 00~,train
에어필터 PT CRUISER 2.4 06~1,train
에어필터 PT CRUISER 2.4 06~11,train
에어필터 PT Cruiser 1.6~2.4,train
에어필터 Pajero2.5~3.8 00~,test
에어필터 Panamera 3.6 10~,train
에어필터 Panamera 4.0T(971)17~,train
에어필터 ParkAvenue3.8 91~05,train
에어필터 Passat2.0FSi 05~10,train
에어필터 PassatCC 3.6 FSI 08~,train
에어필터 PassatCC FSI 08~ X,test
에어필터 Phaeton 3.0 TDI 04~,train
에어필터 Phaeton 3.0~6.0 02~,train
에어필터 Phaeton 4.2 03~,train
에어필터 Phaeton4.2 03~,train
에어필터 Pilot 3.5 03~08,test
에어필터 Polo 1.4 TDI 09~,train
에어필터 Polo 1.6 TDi 09~,train
에어필터 Polo(6C)1.4TDI 09~,test
에어필터 Prius 1.5 03~09,train
에어필터 Prius 1.5 03~09 X,train
에어필터 Prius 1.8 12~,train
에어필터 Prius1.8 12~,train
에어필터 Q45 02~06,train
에어필터 Q5 16~,train
에어필터 Q5 2.0 TDI 16~,test
에어필터 Q5(8R)3.0 TDI 08~,train
에어필터 Q5(8R)3.0 TDI(08~),test
에어필터 Q50 2.0T 13~,train
에어필터 Q50(V37) 2.2D 13~,train
에어필터 Q7 15~,train
에어필터 Q7 3.0~4.2TDI 06~15,test
에어필터 Q7(4L)3.0TDI 06~15,test
에어필터 QX50 13~,train
에어필터 QX50 2.0 19~22,test
에어필터 QX56 11~13,train
에어필터 Qashqai 1.6 07~ X,train
에어필터 Qushqai 1.2~2.0 14~,train
에어필터 Qushqai1.2~2.0 14~,train
에어필터 R8 4.2 FSI 07~10,train
에어필터 R8 5.2 FSI 12~,train
에어필터 R8 5.2 FSI quat 07~,train
에어필터 RANGE ROVER 4.4 02~05,train
에어필터 RANGER 18~,train
에어필터 RANGER 2.5TD 00~07 X,train
에어필터 RANGEROVER4.2 06~09,test
에어필터 RANGEROVER4.4 02~05,train
에어필터 RAV4 1.8VVTi 00~06,train
에어필터 RAV4 2.0/2.4 01~05,test
에어필터 RAV4 2.0/2.4(01~05)X,train
에어필터 RS4 4.2L(04~08),train
에어필터 RX300 99~03,test
에어필터 RX350 (10~),train
에어필터 RX400 04~,train
에어필터 RX400h 04~ X,train
에어필터 RX450H 16~,train
에어필터 RX450h 15~,train
에어필터 RX8 2.6 I 03~10,train
에어필터 Ranger 3.0 98~04 X,train
에어필터 S-Type3.0 99~02,train
에어필터 S2000(AP) 2.0 99~,test
에어필터 S250 CDI Blue 06~13,test
에어필터 S250CDI Blue 06~13,train
에어필터 S280~500(W221) 06~13,train
에어필터 S320(W220) CDI X,train
에어필터 S350(W221) 06~13,train
에어필터 S350(W221)(11~),train
에어필터 S40 2.0 07~,test
에어필터 S40 2.0 D3~D5 06~,test
에어필터 S40 2.0 T4 00~04,test
에어필터 S40 2.5T 95~03,train
에어필터 S400(W140) 91~98,test
에어필터 S400(W140) 91~98 X,train
에어필터 S400(W222) 14~,train
에어필터 S420 CDI06~13 X,train
에어필터 S560 (W222) 17~,train
에어필터 S60 1.5~2.4 10 X,test
에어필터 S60 1.5~2.4 10~,train
에어필터 S600 01~04 X,train
에어필터 S600 5.5 05~13,test
에어필터 S600 5.8/6.0 93~98,test
에어필터 S600(W140) 5.8/6.0 X,test
에어필터 S600(W220) 01~04,train
에어필터 S63AMG 06~,train
에어필터 S63AMG 06~13,train
에어필터 S63AMG 06~13 X,train
에어필터 S80 2.5 06~,test
에어필터 S802.0~3.0 98~06,test
에어필터 SEBRING 2.4~3.0 ~05X,train
에어필터 SEBRING 3.6(11~),train
에어필터 SLK 320 96~04,train
에어필터 SLK200~230Komp 96~04,train
에어필터 SLK55 AMG 12~16,train
에어필터 SLS 6.2 AMG 10~14,train
에어필터 SMART FORFOUR 14~,train
에어필터 SMART FORFOUR 14~X,train
에어필터 SRX 3.6 12~16,train
에어필터 STS 3.6/4.6 05~10,train
에어필터 Sebring 2.0 CRD 07~,test
에어필터 Sebring2.0~2.7 01~07,train
에어필터 Smart Fortwo 1.0 07~,test
에어필터 Sprinter 09~16 X,test
에어필터 TT(8J)2.0TDI 06~14,test
에어필터 TT(8N) 1.8TDI 98~06,train
에어필터 TUNDRA 14~,train
에어필터 Taurus 3.5 07~ X,train
에어필터 Transit 3.5 15~21,test
에어필터 Tundra 5.7 07~,test
에어필터 Tundra5.7 07~,train
에어필터 UX250h 2.0 19~21,train
에어필터 V40 12~,train
에어필터 V40 12~ X,train
에어필터 Viano2.0~3.7CDI 03~12,test
에어필터 Volt 1.5 L4 16~19,test
에어필터 WAGON R+ 1.0/1.2 98~X,train
에어필터 WRANGLER 2.4(03~06)X,train
에어필터 WRANGLER 2.5 96~06,train
에어필터 WRANGLER 3.6(07~11),train
에어필터 WRANGLER IV 2.2(17~),train
에어필터 Wrangler 2.8 CRD 07~,test
에어필터 Wrangler 2.8CRD 07~,train
에어필터 Wrangler 3.6/3.8 07~,train
에어필터 X-TYPE 2.0 01~09,train
에어필터 X-Type2.0~3.0 01~09,test
에어필터 X1 16d~25d 15~,train
에어필터 X1 22~,test
에어필터 X1(E84) 2.0L,train
에어필터 X3 11~,train
에어필터 X3 2.0D 07~,train
에어필터 X3(E83)2.0 X,test
에어필터 X3(E83)2.5 07~11,train
에어필터 X3(E83)2.5(07~11),test
에어필터 X3(F25)1.8~3.0d 10~,train
에어필터 X5 (F15) 14~,train
에어필터 X5 14~,train
에어필터 X5 24~,train
에어필터 X5 28i 15~,train
에어필터 X5 3.0D(09~14)X,train
에어필터 X5 3.0Si 07~10,train
에어필터 X5 4.8i 06~13 [우측],test
에어필터 X5 4.8i 06~13 [좌측],train
에어필터 X5(E70) 35i 10~13,test
"에어필터 X6(E71,E72)LH 08~14",train
"에어필터 X6(E71,E72)RH 08~14",test
에어필터 XC40 2.0 T4 19~20,test
에어필터 XC60 3.0/3.2 08~,test
에어필터 XC90 02~14,train
에어필터 XC90 2.0 15~,train
에어필터 XC90 2.0D 14~,train
에어필터 XC90 3.2 07~13,train
에어필터 XC90 D5 2.5 03~06,train
에어필터 XF 15~ 우,train
에어필터 XF 15~ 좌,train
에어필터 XJ 3.0 10~[일부2개],test
에어필터 XJ8/XJR 4.0 98~06 X,train
에어필터 XT5 17~,train
에어필터 XTS 13~,train
에어필터 Yaris 10~,train
에어필터 Z3(E36) 1.9 96~03,train
에어필터 그랜드체로키4.7 02~ X,train
에어필터 닷지램1500 17~,train
에어필터 랜드크루저150 3.0 09~,train
에어필터 랭글러 18~,train
에어필터 링컨타운카4.6 91~11,test
에어필터 만 C3397,test
에어필터 머스탱 15~,test
에어필터 몬데오 2.0 TDCi 07~14,train
에어필터 몬데오2.0 15~,train
에어필터 박스터 987 04~,train
에어필터 베리타스 3.6 08~10,train
에어필터 시빅 해치백 1.8 05~,train
에어필터 우 7SERIS 15~,train
에어필터 우 F-TYPE 14~,train
에어필터 우 G63AMG(W463B) 18~,train
에어필터 우 M5 (F90) 17~,train
에어필터 우 M5 10~16,train
에어필터 우 ML350 CDI 11~,test
에어필터 우 RS5 4.2 FSI 10~16,train
에어필터 우 X5(E70) 4.8i 06~13,train
에어필터 우 X6M (F86) 15~19,train
에어필터 우 컨티넨탈 6.0 03~11,test
에어필터 우 플라잉스퍼 11~19,train
에어필터 익스플로러 3.5 11~,train
에어필터 정품,train
에어필터 좌 7SERIS 15~,train
에어필터 좌 F-TYPE 14~,train
에어필터 좌 G63AMG(W463B) 18~,train
에어필터 좌 M5 (F90) 17~,train
에어필터 좌 M5 10~16,train
에어필터 좌 ML350 CDI 11~,train
에어필터 좌 PHAETON 4.2 03~16,train
에어필터 좌 RS5 4.2 FSI 10~16,test
에어필터 좌 X5(E70) 4.8i 06~13,train
에어필터 좌 X6M (F86) 15~19,train
에어필터 좌 컨티넨탈 6.0 03~11,train
에어필터 좌 플라잉스퍼 11~19,train
에어필터 체로키 18~,train
에어필터 카라반 3.6 08년~,train
에어필터 트래버스 3.5 06~17,train
에어필터 포르쉐 박스터(987)04~,train
에어필터 포르쉐911 20~,train
에어필터 프리몬트 2.0TD 11~,test
에어필터 프리몬트 2.0TD 11~X,test
에어필터307(CC) 2.0 HDi,train
에어필터523~530i(F10/F11)10~16,train
에어필터Escalade5.3 02~05X,train
에어필터H33.708~10,train
에어필터Voyager3.3i 92~95,train
에얼필터 911 3.0 Carrera 15~,train
"에쿠스 3.0,3.5 (A/T)",train
에쿠스 3.0/3.5 전디스크,train
"에쿠스 3.3,3.8 (A/T)",test
에쿠스 3.3/3.8,train
에쿠스 3.3/3.8 람다 (A/T),train
에쿠스 3.3/3.8 전디스크,train
에쿠스 3.3/3.8 후디스크,train
에쿠스 3.5 /오피러스 3.5,train
에쿠스 4.5 (A/T),train
에쿠스 4.5 SET 7PK2060,train
에쿠스 5.0/제네시스 프라다 5.0 F/DISC,train
"에쿠스 VI, 제네시스MPI 6단",train
에쿠스 써머스타트(구)(61/82C),train
에쿠스 써머스타트(신)(61/88C),test
에쿠스(2009~)/K9/제네시스-8SPEED GDI F/DISC,train
"에쿠스3.3,3.8(08년~)6PK2475",train
"에쿠스3.3,3.8(~08년)6PK2480",train
엑센트 (구) 2P,train
엑센트 (신) 1P,train
엑센트 27301-22000,train
엑센트 R/DRUM,train
엑센트 SO / 클릭 SO,train
엑센트 써머스타트(54 /88 C),train
엑센트 후 드럼,train
"엑센트(NEW)/올뉴프라이드, 셀토스 후 디스크",train
엑센트(유로),train
"엑센트,아반테 릴리스베어링",train
엑센트/뉴엑셀/스쿠프 전디스크,train
엑센트/올 뉴 프라이드 (2011~) 전 디스크,test
"엑센트1.3,1.5 SOHC SET",train
엑센트RB 디젤 써머(54/90 C),train
"엑셀,소나타 릴리스베어링",train
엑츄에이터 앗세이,train
엑티언 신형 06년 이후(SCC),train
엑티언 신형 06년 이후(거평),train
엔도,train
엔도 G4렉스턴 (우),train
엔도 G4렉스턴 (좌),train
"엔도 IG,올뉴K7,LF,싼타페TM(우)",test
"엔도 IG,올뉴K7,LF,싼타페TM(좌)",train
엔도 K5 (우),train
엔도 K5 (우) 1EA,train
엔도 K5 (좌),train
엔도 K5 (좌) 1EA,train
"엔도 LF,올뉴투싼,더뉴K5(우)",test
"엔도 LF,올뉴투싼,더뉴K5(좌)",train
"엔도 MD,i30,더뉴쏘울(우)",test
"엔도 MD,i30,더뉴쏘울(좌)",train
엔도 NF (우),train
엔도 NF (좌),train
엔도 SM3,test
엔도 SM5(06-11)(우),test
엔도 SM5(06-11)(좌),train
엔도 SM5(구형),train
엔도 YF (우),train
엔도 YF (좌),train
엔도 YH 뉴 모닝(우),train
엔도 YH 뉴 모닝(좌),train
엔도 그랜드 스타렉스(우),train
엔도 그랜드 스타렉스(좌),test
엔도 그랜드 카니발 (우),train
엔도 그랜드 카니발 (좌),test
엔도 그랜져 HG (우),train
엔도 그랜져 HG (좌),test
엔도 그레이스,test
엔도 넥스트 스파크 (우),test
엔도 넥스트 스파크 (좌),train
엔도 뉴 모닝 (우),train
엔도 뉴 모닝 (좌),test
엔도 뉴 싼타페 (우),train
엔도 뉴 싼타페 (좌),train
엔도 뉴 투싼 IX (우),train
엔도 뉴 투싼 IX (좌),train
엔도 라세티 프리미어,train
엔도 렉스턴 (신)(우),test
엔도 렉스턴 (신)(좌),test
엔도 모닝 (2017),train
엔도 봉고 3,train
엔도 스파크,train
"엔도 싼타페DM, 맥스크루즈(우)",train
"엔도 싼타페DM, 맥스크루즈(좌)",train
엔도 쏘나타 2,train
엔도 아반떼 HD (우),train
엔도 아반떼 HD (좌),test
"엔도 에쿠스,싼타페,뉴클릭",train
엔도 우,train
엔도 윈스톰,test
엔도 좌,train
엔도 투싼 IX (우),train
엔도 투싼 IX (좌),train
"엔도 투싼, 뉴스포티지 (우)",train
"엔도 투싼, 뉴스포티지 (좌)",train
엔도 포터 2,train
"엔도 포터2,리베로,봉고3",train
엔도(신형) 뉴모닝,train
엔도(신형) 무쏘(모두),train
"엔도(신형,우) 렉스턴,뉴렉,렉2",train
"엔도(신형,좌) 렉스턴,뉴렉,렉2",train
"엔도(우) EF,XG",train
"엔도(우) HD,i30,포르테",test
"엔도(우) IG,올뉴K7,LF,싼타페TM",train
엔도(우) K3(YD),train
"엔도(우) LF,올뉴투싼,더뉴K5",train
"엔도(우) MD,i30,더뉴쏘울",train
"엔도(우) NF,TG",train
엔도(우) QM-5,train
"엔도(우) YF,K5 하이브리드",train
"엔도(우) YF,투싼IX",train
엔도(우) 그랜드스타렉스,test
엔도(우) 그랜드카니발,train
"엔도(우) 로체(모두),뉴카렌스",train
"엔도(우) 베라크루즈,쏘렌토R",train
"엔도(우) 베르나,프라이드(신)",test
"엔도(우) 싼타페DM,맥스크루즈",test
엔도(우) 쏘렌토,train
"엔도(우) 엑센트(신형),올뉴프라",train
엔도(우) 올뉴모닝,test
"엔도(우) 제네시스DH,K9",train
"엔도(우) 투싼,뉴스포티지",train
"엔도(좌) EF,XG",train
"엔도(좌) HD,i30,포르테",test
"엔도(좌) IG,올뉴K7,LF,싼타페TM",train
엔도(좌) K3(YD),train
"엔도(좌) LF,올뉴투싼,더뉴K5",train
"엔도(좌) MD,i30,더뉴쏘울",train
"엔도(좌) NF,TG",train
엔도(좌) QM-5,test
"엔도(좌) YF,K5 하이브리드",train
"엔도(좌) YF,투싼IX",train
엔도(좌) 그랜드스타렉스,train
엔도(좌) 그랜드카니발,train
"엔도(좌) 로체(모두),뉴카렌스",train
"엔도(좌) 베라크루즈,쏘렌토R",test
"엔도(좌) 베르나,프라이드(신)",train
"엔도(좌) 싼타페DM,맥스크루즈",train
엔도(좌) 쏘렌토,train
"엔도(좌) 엑센트(신형),올뉴프라",train
엔도(좌) 올뉴모닝,train
"엔도(좌) 제네시스DH,K9",train
"엔도(좌) 투싼,뉴스포티지",train
"엔도(중신형,우) 뉴SM5,SM7",train
"엔도(중신형,좌) 뉴SM5,SM7",train
엔도좌,test
엔드-타이 로드/좌우공용,train
엔드-타이로드/좌우공용,test
엔젤아이 전구,train
엔진 미미,test
엔진마운트,train
엔진마운트 후,test
엔진마운트(좌우공용),train
엔진미미,train
엔진미미 118d,train
엔진미미 320d (ED 포함),train
엔진미미 320d (ED/M스포포함),train
엔진미미 320d (모던/스포츠/럭,train
엔진미미 520d luxury,test
엔진미미 520d xDrive (N47),train
엔진미미 520i,train
엔진미미 528i xDrive,train
엔진미미 530D xDrive,test
엔진미미 A180 CDI 1.5,train
엔진미미 A6 2.0 TDI (35TDI),train
엔진미미 Active Tourer (before,train
엔진미미 B-CLASS,train
엔진미미 C 180,test
엔진미미 C200,train
엔진미미 C200K 엘레강스 / 아방,train
엔진미미 C220 CDI 4MATIC,train
엔진미미 CORTECO제품,train
엔진미미 E300 4MATIC,train
엔진미미 E350 4MATIC,test
엔진미미 LH,train
엔진미미 RH,test
엔진미미 S350L d (블루텍),test
엔진미미 S400L 4Matic,train
엔진미미 S500,train
엔진미미 SLK200,test
엔진미미 X5 3.0d,train
엔진미미 X5 30d,train
엔진미미 우,train
엔진미미 좌,test
엔진미미(우),train
엔진미미(좌),test
엔진오일 쿨러 하우징,train
엔진오일코크,train
엔진오일코크와셔,train
엔진오일쿨러,test
엔진오일필터,train
엔진오일필터 캡,test
엔터프라이즈 2.5 GDI SET,train
엔터프라이즈 엔진코일,train
"엔터프라이즈3.0,3.6 SET",train
엘란트라 98 후 드럼,test
"엘란트라,아반테(구형) 브레이크",test
연료 공급 라인,train
연료 도어 액추레이터,train
연료 필터 CLK (C208) 00~03,test
연료 필터 POLO 1.6 TDI 09~14,train
연료 필터 S600(W220) 02~05,train
연료모타(망) 세피아,train
연료모터,test
연료모터 (망) 전차종,train
"연료모터 아반떼,쏘나타",train
연료펌프,train
연료펌프 모듈,test
연료펌프 올뉴마티즈 (JOY),train
연료필터,train
연료필터 04726067AA,train
연료필터 1K0127434,train
연료필터 3 SERIES 10~13,train
연료필터 3 SERIES(E36),train
연료필터 3 SERIES(E46),train
연료필터 3SERIES(F30/F31) 11~,train
연료필터 407 1.8~3.0,train
연료필터 5 SERIES(E39)X,train
연료필터 5SERIES(E39)95~04,test
연료필터 6070901352,train
연료필터 7 SERIES(E65),train
연료필터 7 SERIES(E65~E67),test
연료필터 7P6127177,train
연료필터 A3(8P)1.9/2.0TDI,train
연료필터 A3(8P)1.9/2.0TDI 03~,train
연료필터 A4 2.0~3.0TDI 07~16,test
"연료필터 A4(8EC,8ED)2.0~4.2Fsi",train
연료필터 A6 TDI QUATTRO,train
연료필터 A8(4E)3.0~4.2 TDI,train
"연료필터 ASSY (LPI) TG,NF",train
연료필터 C SERIES(W202),train
연료필터 C SERIES(W204) X,test
연료필터 CAYENNE(958)3.0TD X,train
연료필터 CHEROKEE(KJ)2.7CRD,train
연료필터 CLA200CDI 1.8/2.1,train
연료필터 CLK270CDI(C209),train
연료필터 CLS220CDI(C218) 10~,train
연료필터 COOPER1.6/2.0D 06~,train
연료필터 CSERIES(W204) 07~14,test
연료필터 E SERIES(W212),train
연료필터 E-마이티(2015),train
연료필터 ESERIES(W212) 09~,train
연료필터 E마이티 08~10,train
연료필터 E마이티 11~14,train
연료필터 G CHEROKEE 3.0 05~10,train
연료필터 GLK SERIES(X204),train
연료필터 JETTA(1K2)1.4~2.0 X,train
연료필터 LR009705,train
연료필터 M3 3.2(E46),train
연료필터 MANN,train
연료필터 MONDEO 1.6 TDCi,train
연료필터 MONDEO 2.0 X,test
연료필터 MONDEO2.0TDCi 07~10,train
연료필터 M마이티 14~,train
연료필터 ONE 1.2/1.5,test
연료필터 PASSAT(3B3/6)1.6~2.3,train
연료필터 Q3(8U)2.0TD 11~,train
연료필터 Q5 (8R) 2.0/3.0TDI X,train
연료필터 RANGE ROVER 3.0D X,train
연료필터 S60 2.0~2.5,train
연료필터 S60 2.0~3.0T,train
연료필터 SU001A0684,train
연료필터 TIGUAN(AD1)1.6/2.0TDI,train
연료필터 TT (8J) 2.0 TDI,train
연료필터 TT (8J) 3.2,train
연료필터 TT 2.0 TDI 08~14,test
연료필터 WRANGLER(JK)2.8CRD,train
연료필터 X5 SERIES(E53),train
연료필터 XC70 2.4T,train
연료필터 XF3.0~5.0 08~,train
"연료필터 XJ(X350,X358)2.7D 05~",train
연료필터 e마이티(04.7~08.11),test
연료필터 e카운티(02.4~10.11),train
연료필터 그랜드스타렉스,train
연료필터 그랜드카니발R(구),train
"연료필터 뉴 프레지오,스포티지",train
연료필터 뉴 프론티어,train
연료필터 뉴그랜드스타4H002호환,train
연료필터 뉴그랜드스타렉(12년),test
연료필터 뉴그랜드스타렉(14년),train
연료필터 뉴그랜드스타렉스(17년,train
연료필터 뉴스타렉스(네모짹),train
연료필터 뉴스타렉스(타원형짹),train
연료필터 뉴쏘렌토,train
연료필터 뉴프라이드/베르나,train
연료필터 레니게이드 14~20,test
"연료필터 렉스턴,로디우스",test
연료필터 모하비,train
연료필터 몬데오 2.0 TDCi 14~,train
연료필터 몬데오 2.0 TDCi 14~ X,test
연료필터 베라크루즈(12년),train
연료필터 베라크루즈(구),test
연료필터 베라크루즈(신),train
연료필터 봉고3 열선,train
연료필터 봉고3(12년형)/4E200,train
연료필터 봉고3(15년형),train
연료필터 봉고3(2017년),train
연료필터 스타렉스(구)CRDI,train
"연료필터 스타렉스,리베로",train
연료필터 스타리아(CG950),train
"연료필터 싼타페,트라제(VGT)",train
연료필터 싼타페CM (뉴싼타페),train
연료필터 싼타페DM 15년형,train
"연료필터 싼타페DM,쏘렌토R(516",train
연료필터 쏘렌토(구형),train
연료필터 쏘렌토(구형) 카트리지,train
연료필터 쏘렌토R(11.5~12.12),train
연료필터 쏘렌토R(2013.03.28~),test
"연료필터 쏘렌토R,싼타페스타일",test
연료필터 쏠라티(2015.10.19~),train
"연료필터 아반테HD,I30",train
연료필터 아반테XD(2D600),train
연료필터 아베오(13년~),train
연료필터 올뉴스포티지R/투싼2.0,train
연료필터 올뉴쏘렌토(구형),train
연료필터 올뉴쏘렌토(신형),train
연료필터 올뉴카니발 14년형,test
연료필터 올뉴카니발 15년형,train
연료필터 올뉴카니발 16년형,test
연료필터 올뉴투싼 TL,train
"연료필터 올란도,크루즈,말리부",test
연료필터 와이드봉고 (J2),train
"연료필터 윈스톰,토스카,라세티",train
연료필터 재규어 XJ,test
연료필터 카니발 열선,train
"연료필터 카니발,봉고3",test
"연료필터 카니발,프레지오",train
"연료필터 카렌스2,X트랙",train
연료필터 카트리지 쏘렌토18.01~,train
연료필터 카트리지 쏘렌토MQ4,test
"연료필터 카트리지(LPI)TG,NF",train
"연료필터 캡티바(12,12,18~)",test
연료필터 캡티바(~12.12.17)구,train
"연료필터 코란도C,투리스모,",test
"연료필터 코란도C,투리스모,G4",train
"연료필터 투싼,뉴스포티지(VGT)",train
"연료필터 투싼,뉴스포티지(WGT)",test
"연료필터 투싼,스포티지R",train
연료필터 투싼IX(14년),train
"연료필터 투싼IX,스포티지 R",test
"연료필터 트라제XG,싼타페(WGT)",train
연료필터 티구안(AD1) TDI X,test
연료필터 티볼리 15~,test
"연료필터 포터,뉴포터,스타렉스",train
연료필터 포터2 (12년형),train
연료필터 포터2 (17년형),test
연료필터 포터2 CRDI,train
연료필터 포터2 열선,test
연료필터 포터2 열선 인터쿨러,train
연료필터 프런티어(구형),train
연료필터 프론티어 열선,test
연료필터 프리랜더 2.0 98~06,test
연료필터 하이베스타,train
"연료필터,싼타페,트라제XG,포터2",train
연료필터A6 2.7/3.0TDI 04~11,train
연료필터TIGUAN(AD1)1.6/2.0TDI,test
연료필터TOUAREG(7L)3.0TDI 04~1,train
연료호스,train
예열 플러그,train
예열 플러그 X,train
예열 플러그 골프2.0 TDi,train
예열플러그,train
예열플러그 몬데오 14~,test
예열플러그모듈,train
오딧세이3.5 11~13(130A),test
오링 ELRING,train
오링-써모스탯 체어맨(500이상),train
오일 필터,test
오일 필터 190(W201) 82~93,train
오일 필터 320~328i 90~00,train
오일 필터 330d(E46) 99~03,train
오일 필터 3series(E30) 82~,train
오일 필터 409 1.6~1.9 95~9,test
오일 필터 518i(E34) 89~95,train
오일 필터 730~750i(E38) ~0,train
오일 필터 A4 2.0TDI 07~16 X,train
오일 필터 A6(4A) 2.0 01~05,train
오일 필터 C220,train
오일 필터 C220(08-14) X,train
오일 필터 DISCOVERY 2.0 98,train
오일 필터 GS 300(05~) X,train
오일 필터 MICRA 03~10,test
오일 필터 PEUGEOT 407 (08~),test
오일 필터 POLO V(6R6C) 09~,train
오일 필터 S500 94~99 X,train
오일 필터 X-Type 2.0~3.0 01~09,train
오일가스켓 셋트,train
오일드레인볼트,train
오일드레인플러그,test
오일코크씰,train
오일쿨러 가스켓,train
오일쿨러 호스,train
오일쿨러커넥터,train
오일필터,train
오일필터 03C115561B,train
오일필터 0415203002,test
오일필터 078115561D,train
오일필터 107580 X,test
오일필터 1109A9,test
오일필터 14145,train
오일필터 1520800Q0D,train
오일필터 1520831U00,train
오일필터 15208AA080,train
오일필터 15208HC400,test
오일필터 1E0514302,train
오일필터 206 00~04,train
오일필터 206 00~04 X,train
오일필터 206 CC(2D) 1.6L X,train
오일필터 207 CC 1.6 HDI,test
오일필터 207 CC(WD.) 1.6L HDI,train
오일필터 208 12~,train
오일필터 3008 18~,train
오일필터 300C 3.0 11~,train
오일필터 300C 3.0 CRD 11~15,train
오일필터 300C2.7 09~10,test
오일필터 300C3.5 04~,train
오일필터 300C5.7 11~,train
오일필터 307(3E) 2.0HDI 03~08,train
오일필터 316i 1.6 13~,train
오일필터 330d(E46) 99~03,train
오일필터 3SERIES(E46) 318I,train
오일필터 3SERIES(F10) 14~,train
오일필터 407 08~,train
오일필터 407 3.0 09~,train
오일필터 5(E60) 2.5 05~ X,train
오일필터 518i(E34) 89~95,train
오일필터 520d (E60/E61) 07~10,train
오일필터 520d(E39) 00~02,train
"오일필터 520d(E60,E61) 05~07",train
"오일필터 520i(E60,E61) 07~10",train
오일필터 530I (03-10),train
오일필터 535i(F10) 12~,train
오일필터 55594651,train
오일필터 5SERIES (F10) 10~14,train
오일필터 5SERIES(E60)2.5 05~,train
오일필터 5SERIES(F10) 10~16,train
"오일필터 5SERIES(F10,F11)10~16",train
오일필터 68031597AB,train
오일필터 718 Boxster 2.5S 16~,train
오일필터 730i~750i(E38) 94~01,train
오일필터 730i~750i(E38) 94~01X,train
오일필터 745i(E65) 4.4 02-08,test
오일필터 750i(E65) 4.8 06~10,test
오일필터 750i(E65) 4.8(06~10),test
오일필터 750i/760i(F01) 08~15,test
오일필터 A140~160(W168)97~,test
오일필터 A140~160(W168)97~04,train
오일필터 A180 CDI 04~12,test
오일필터 A4 2.0 TFSI 13~16,train
오일필터 A4 2.7/3.0 TDI 05~08,train
오일필터 A4 3.0 TDI 11~,train
오일필터 A4 3.0 TDI 12~16,train
오일필터 A4(8K2)2.0TFSI 04~11,test
오일필터 A42.0TDI 07~16,train
오일필터 A43.0TFSI 12~15,train
오일필터 A6 2.0 TDI 11~,train
오일필터 A6 2.5 TDI(97~05),train
오일필터 A6 3.0 TDI 04~11,train
오일필터 A6 3.0L 14~,train
오일필터 A6 4.2 04~06,train
오일필터 A6(4A) 18~,train
오일필터 A6(4G2) 3.0 TDI(11~)X,train
오일필터 A62.0TFSI (05~11),train
오일필터 A7 3.0 TFSI 10~,train
오일필터 A7 3.0TFSI 10~,train
오일필터 A8 4.2 FSI 09~,train
오일필터 A8 6.0 (W12) 04~10,test
오일필터 A8 Quattro 6.3 13~,train
오일필터 ASTRAF 1.7D 91~99,train
오일필터 AUDIQ73.6FSI (06~15),test
오일필터 B200 (W245) 05~,train
오일필터 B200 (W245) 05~X,train
오일필터 BLS 2.0T 06~,train
오일필터 Bentayga 6.0(4V1) 16~,train
오일필터 C200 07~,train
오일필터 C200K(W203),test
오일필터 C200K(W203) 00~02,test
오일필터 C220 (08-14),train
오일필터 C220 07~,test
오일필터 C220(08-14)HENGST타입,train
오일필터 C300 08-12,train
오일필터 C300 3.5 11~,train
오일필터 C300(W205) 15~,train
오일필터 C320 (07-14),train
오일필터 C320 07-14,train
오일필터 C320 07~14 X,train
오일필터 CAYENNE(955)4.5 02~07,train
오일필터 CAYMAN 2.7~3.8 09~,test
오일필터 CC 3.6 FSI 11~,train
오일필터 CHEROKEE 2.0D 13~,train
오일필터 CHEROKEE 3.7i 01~,train
오일필터 CHEROKEE II 2.5(01~),train
오일필터 CHEROKEE3.7i 01~,train
오일필터 CIVIC1.3i~2.0 06~,test
오일필터 CLA 19~,train
오일필터 CLA 19~X,train
오일필터 CLS 17~,train
오일필터 COOPER 1.6 01~08,test
오일필터 COOPER 1.6 01~08 X,test
오일필터 COOPER 14~,train
오일필터 COOPER1.6 06~,train
오일필터 COROLLA 1.5 Hyb 13~,train
오일필터 CTS 3.2 03~,train
오일필터 CTS 5.7/6.0 04~06,train
오일필터 Camry 2.5 18~,test
오일필터 DISCOVERY 09~X,test
오일필터 DISCOVERY 16~,train
오일필터 DISCOVERY 2.0 98~04,train
오일필터 DISCOVERY 3.0/5.0 09~,train
오일필터 DTS 4.6 08~11,train
오일필터 E 200 [23~],train
오일필터 E200 11~,train
오일필터 E220D 16~,train
오일필터 E350(W211) 04~09,train
오일필터 ES300 96~06,train
오일필터 ES350 06~12,train
오일필터 EVOQUE(11~),train
오일필터 FORTWO 0.8CDI 07~,train
오일필터 FORTWO 14~X,train
오일필터 FUSION 17~,train
오일필터 FX35 03~,test
오일필터 GHIBLI 3.0D 250 13~,train
오일필터 GL450 09~X,train
오일필터 GOLF 1.4 12~,train
오일필터 GOLF 1.4 TSI 11~,train
오일필터 GOLF VI 1.4TSI (11~),train
오일필터 GOLF(1J1) 1.9TDI,train
오일필터 GOLF(5K1)1.6 08~,train
오일필터 GOLF[1K1] 1.4LFSI,train
오일필터 GS300 05~,test
오일필터 Gallardo Spyder 04~08,train
오일필터 Ghibli 3.0 13~,test
오일필터 Insignia 2.0L(08~),test
오일필터 Jetta 1.4TSI(BU3) 20~,train
오일필터 LANDCRUISER 08~11,train
오일필터 M3 3.2-CSL(E46) 0,train
오일필터 M3(E90~93)4.0 07~13,test
오일필터 M303.0D 06~,test
오일필터 M5 4-10,train
오일필터 M6 (E63/E64) 05~11,test
오일필터 MD136466,train
오일필터 MICRA 03~10,train
오일필터 MINI COOPER 13~,train
오일필터 ML400 CDI 01~05,train
오일필터 MONDEO 07~,train
오일필터 MONDEO1.8/2.0 00~,train
오일필터 PASSAT 2.0L(05~)X,train
오일필터 PRIUS 1.8 Hybrid 09~,test
오일필터 PRIUS1.8 Hybrid 09~,train
오일필터 Panamera 4.0 터보 17~,train
오일필터 Passat 1.8T 00~05,train
오일필터 Polo 1.4 TDI 14~17,train
오일필터 Q52.0TDI (09~),train
오일필터 QASHQAI 1.6 DCI 11~,train
오일필터 QASHQAI 18~,train
오일필터 QASHQAI 2.0 DCI 07~,train
오일필터 Quattroporte 3.8 13~,train
오일필터 RANGEROVER 02~12,train
오일필터 RAV42.0(4WD) 00~,train
오일필터 RENEGADE1.4Mair 14~16,test
오일필터 S500 10~,train
오일필터 S500 13~,train
오일필터 S60 1.5/2.0 13~,train
오일필터 S60 10~15,train
오일필터 S60 2.4T 04~,test
오일필터 S600 06~,test
오일필터 S602.0T (13~),train
오일필터 S603.0 (14~),train
오일필터 S63AMG (W221) 06~,train
오일필터 SLK55AMG 05~10,train
오일필터 SMARTFORTWO1.0 07~,test
오일필터 STS3.6 05~,train
오일필터 Taurus3.5 09~,train
오일필터 Touareg 4.2(7L) 03~10,train
오일필터 Touareg 5.0 TDI 02~10,train
오일필터 VOYAGER 3.6 14~,train
오일필터 W140 DIESELX,train
오일필터 WRANGLER 2.8 10~,test
오일필터 WRANGLER 2.8(10~),train
오일필터 X,train
오일필터 X-TYPE(CF1) 2.0D,train
오일필터 X-TYPE(CF1) 2.0D X,test
오일필터 X3 17~,test
오일필터 X5(E53)3.0D 03~06,test
오일필터 X5(F15/F85) 15~,train
오일필터 가스켓,train
오일필터 디스커버리 2.5 99~04,train
오일필터 마세라티 X,train
오일필터 만 HU7025Z,train
오일필터 앗세이,train
오일필터 어셈블리,train
오일필터 정품,train
오일필터 캐딜락,train
오일필터 캡,train
오일필터 하우징 가스켓,train
오일필터 하우징 씰,train
오일필터 하우징 캡,train
오일필터300C 3.0CRD 11~,train
오일필터캡,train
오일필터커버,train
오피러스 신형 -(삼성),train
오피러스 신형 A/C,train
오피러스 신형 A/T 3F700 3F800,train
오피러스('06) 전 브레이크디스크,train
오피러스(구형) 후디스크,test
올 뉴 K-5 전쇼바 LH (GAS),train
올 뉴 K-5 전쇼바 RH (GAS),test
올 뉴 K3 BD 전쇼바 LH (대영),train
올 뉴 K3 BD 전쇼바 RH (대영),train
올 뉴 K3 후쇼바,train
"올 뉴 SM7, SM5(L43)TCE 전 디스크",train
올 뉴 모닝 (2015~)/레이 F/DISC,train
올 뉴 모닝 R/DRUM,train
올 뉴 모닝 후쇼바 (GAS)2017,train
"올 뉴 모닝(JA 2017~) 14인치, 피칸토, 캐스퍼 전 디스크",train
올 뉴 쏘렌토 후쇼바 (GAS),test
올 뉴 쏘렌토(2014~) R/DISC,train
올 뉴 카니발 15~(R엔진)A/T,train
올 뉴 카니발 후쇼바,train
올 뉴 카니발(15년) YP 가솔린,train
"올 뉴 카니발(2015~) ,카니발 2018 F/DISC",train
올 뉴 카렌스 후 (GAS),train
올 뉴 크루즈 전디스크,test
올 뉴 크루즈 후디스크,train
올 뉴 프라이드 F/DISC,train
올 뉴/ 더뉴 말리부 후 디스크,test
"올 뉴/ 더뉴 말리부, 트레블레이져 전디스크, 이쿼녹스 전디스크",train
올 뉴마이티 15년 (QT/R),train
올 뉴모닝 17MY,train
올 뉴쏘렌토 가솔린 (A/T),train
올 뉴쏘렌토 디젤,train
올 뉴쏘렌토 디젤 A/T(한라),train
올 뉴쏘렌토 전쇼바 LH (GAS),train
올 뉴쏘렌토 전쇼바 RH (GAS),train
올 뉴쏘렌토(UM) 디젤 AT(C5170),test
올 뉴카니발 (15MY) 팽창밸브(전,train
"올뉴 마이티 2.5톤(앞,뒤)",train
"올뉴 마이티 3.5톤(앞,뒤)",train
올뉴 카니발 전쇼바 LH (GAS),train
올뉴 카니발 전쇼바 RH (GAS),train
올뉴 카렌스 전쇼바 LH (GAS),train
올뉴 카렌스 전쇼바 RH (GAS),train
올뉴 크루즈 콘덴샤,train
"올뉴 투산 후쇼바,올뉴스포티지",test
올뉴 투싼 LH (GAS),test
올뉴 투싼 RH (GAS),train
"올뉴말리부 1.5 터보,더뉴크루즈",train
올뉴말리부 2.0 터보(Hyb) 16~,train
올뉴말리부 가솔린 (신)A/T,train
올뉴모닝 11MY A/C,train
올뉴모닝 17MY 가솔린 A/C,train
올뉴모닝 가솔린,train
올뉴모닝(JA) 전쇼바 LH 17(GAS),train
올뉴모닝(JA) 전쇼바 RH 17(GAS),train
올뉴모닝(JA)(17.1~20.5),train
올뉴모닝(TA) 전 쇼바 LH (GAS),test
올뉴모닝(TA) 전 쇼바 RH (GAS),test
올뉴카니발 18년~,train
올뉴카니발 2018~ 후 디스크,test
올뉴카렌스,test
올뉴카렌스 A4000같이사용,train
올뉴카렌스 A4010같이사용,train
올뉴투싼,train
올뉴투싼 A/C TL전용,test
올뉴투싼 A/C(D3000),test
올뉴투싼 A/C) 스포티지17,train
"올뉴투싼(QL), 17년 스포티 A/T",train
"올뉴투싼,스포티지R 가솔린2.0",train
"올란도 가솔린,디젤(SCC)수입품",test
"올란도 가솔린,디젤(거평)수입품",test
옵티마 (2P),train
옵티마 (2P) A/C,train
옵티마 (4P),train
옵티마 (4P) A/C,train
옵티마 (A/T),train
옵티마 (AT)-(삼성),test
와셔,train
와셔액 탱크 펌프,train
와이퍼,train
와이퍼 뒤,train
"와이퍼 멀티클립 16""",train
"와이퍼 멀티클립 18""",train
"와이퍼 멀티클립 20""",train
"와이퍼 멀티클립 22""",train
"와이퍼 멀티클립 24""",train
"와이퍼 멀티클립 26""",train
와이퍼 모터,train
와이퍼 보쉬 3397014313,train
와이퍼 블레이드,train
와이퍼 블레이드 (550/550) X,train
와이퍼 블레이드 2228201145,train
와이퍼 블레이드 후방,train
와이퍼 블레이드(530/530),train
와이퍼 블레이드(550/450),train
와이퍼 블레이드(550/500),train
와이퍼 블레이드(550/525),train
와이퍼 블레이드(550/550),test
와이퍼 블레이드(555/555),train
와이퍼 블레이드(600/400),train
와이퍼 블레이드(600/450),train
와이퍼 블레이드(600/475),train
와이퍼 블레이드(600/500),test
와이퍼 블레이드(600/530),test
와이퍼 블레이드(600/550) A242S,train
와이퍼 블레이드(600/550)X,train
와이퍼 블레이드(600/575),train
와이퍼 블레이드(600/600),train
와이퍼 블레이드(650/400),train
와이퍼 블레이드(650/425),train
와이퍼 블레이드(650/450),train
와이퍼 블레이드(650/475),train
와이퍼 블레이드(650/500),train
와이퍼 블레이드(650/530),train
와이퍼 블레이드(650/550),train
와이퍼 블레이드(650/575),test
와이퍼 블레이드(650/650),train
와이퍼 블레이드(675/675),train
와이퍼 블레이드(680/515),train
와이퍼 블레이드(700/530),train
와이퍼 블레이드(700/700),train
와이퍼 후,train
와이퍼블레이드 (700/530) A093S,train
와이퍼블레이드(600/475)A204S,train
와이퍼암,test
와이퍼암 우,train
외부벨트,train
외부벨트 7PK2020,train
외부벨트 CONTI,train
우측 엔도,train
워셔 리저버,train
워셔 펌프,train
워셔노즐커버,train
워셔레벨센서,train
워셔액 모터,train
워셔액 탱크,train
워셔액 펌프,train
워셔액탱크,train
워셔액펌프,train
워셔펌프 그로밋,train
워터 인렛 서브 앗세이,train
워터 호스,train
워터/히트 호스,train
"워터센서 (924용) 카니발,봉고3",train
"워터센서 (925용) 렉스턴,액티언",train
"워터센서-뉴싼타페2.0( 07.03~),",train
"워터센서-스타렉스,리베로",train
"워터센서-쌍용 렉스턴, 로디우스",train
"워터센서-쏘렌토 (~ 06.03),카렌",train
워터자켓,test
워터펌프,train
워터펌프 (1.5/1.6DOHC)라세티,train
워터펌프 (1.6/1.8DOHC) 크루즈,train
워터펌프 (1.8 베타엔진) 티뷰론,train
"워터펌프 (3기통)올뉴,더뉴모닝",train
워터펌프 (4D56TCI엔진)포터2,train
워터펌프 (A2엔진)봉고3 11~15,train
"워터펌프 (A2엔진)봉고3,포터2",train
워터펌프 (A2엔진)포터2 15.09~,train
워터펌프 (D4BA엔진전용) 포터91,train
워터펌프 (J3엔진)봉고3 2.9,train
"워터펌프 (L6)매그너스,토스카",train
워터펌프 (LPG2.4)그랜드스타렉,test
"워터펌프 (NU엔진전용) i30,i40",train
"워터펌프 (R엔진)쏘렌토R,투싼Ix",test
워터펌프 (TCI VGT)싼타페CM,train
워터펌프 (가솔린1.4터보)트랙스,test
워터펌프 (감마가솔린)i30(신형),train
"워터펌프 (감마엔진)HD,뉴쎄라토",train
"워터펌프 (구형TCI)싼타페,투싼",train
워터펌프 (디젤전용)올란도2.0,train
워터펌프 (베타엔진) 뉴EF,train
"워터펌프 (세타,2엔진)YF",train
워터펌프 (카파)엑센트(신형)1.4,test
워터펌프 1시리즈 쿠페 E82,train
워터펌프 2.7 (07년),test
워터펌프 2.7 (08~10년),train
워터펌프 206CC 1.6 00~,train
워터펌프 300C 2.7 (05~06년),train
워터펌프 318i(E46) 98~01,train
워터펌프 607,train
워터펌프 740Li(E65) 05~08,train
워터펌프 A2엔진 그랜드스타렉스,test
워터펌프 A4 3.0,train
워터펌프 A6,test
워터펌프 A6 2.0TFSI 05~11,train
워터펌프 A8 6.0 QUATTRO 03~10,train
워터펌프 AIRTEX,test
워터펌프 BMW740LI,test
워터펌프 CIVIC 1.3 (06-12),train
"워터펌프 COOPER(R50,53) 01~06",train
워터펌프 CR-V 2.4 (02~06년),train
워터펌프 CR-Z (11-14),train
"워터펌프 D4AF,D4AE,D4AL엔진",train
워터펌프 EF쏘나타,train
워터펌프 ES300(MCV) 96~08,train
워터펌프 ESCAPE 3.0 (03-06),test
워터펌프 EXPLORER 4.0(06-10),test
워터펌프 F150 5.4(05-10),train
워터펌프 GM(G04),train
워터펌프 GRAND CHEROKEE 11~,train
워터펌프 GS35/FX35 03~08,train
워터펌프 LS 3.0 (01-07),train
워터펌프 MKS3.7/TAURUS 3.5(11-,test
"워터펌프 NF 쏘나타(로체,TG2.4",train
"워터펌프 NF2.0/2.4,뉴카렌스",train
워터펌프 PASSAT 2.0 FSI 05~10,train
워터펌프 SALERI제품,train
워터펌프 SLK-200 (00-04),train
"워터펌프 TG,에쿠스3.3/3.8",train
워터펌프 TG2.7,train
워터펌프 X6 3.0d,train
"워터펌프 XD 1.5/1.6,라비타",test
"워터펌프 XG2.5,트라제LPG2.7",train
워터펌프 XJ 2.7D,train
"워터펌프 i30(쎄라토1.6 DO,",train
워터펌프 가스켓,train
워터펌프 골프 1.6/2.0 TDI 13~,train
워터펌프 그랜드카니발 2.9,train
워터펌프 나사구멍 6개,train
워터펌프 나사구멍 7개,test
"워터펌프 다마스,라보 ~97",train
"워터펌프 다마스,라보(신형)",train
워터펌프 더뉴스파크,train
워터펌프 말리부 가솔린2.0/2.4,test
"워터펌프 모닝,뉴모닝",train
워터펌프 봉고 3 (4X500),train
"워터펌프 봉고2.7,프레지오",train
워터펌프 솔레노이드 밸브포함,test
워터펌프 수리킷,train
워터펌프 스타렉스 뉴포터T2,train
"워터펌프 스테이츠맨,베리타스",train
워터펌프 스파크 1.2(S) 5PK,train
"워터펌프 스파크,마티즈크리",train
"워터펌프 쏘나타2,3,카스타SOHC",test
"워터펌프 쏘렌토CRDI,스타렉스",train
워터펌프 쏘렌토R,train
"워터펌프 아토스,비스토",train
워터펌프 알티마 2.5 10~12,train
워터펌프 액티언 파이프 ~07.11,train
워터펌프 어셈블리,train
"워터펌프 엑센트,베르나,클릭",train
"워터펌프 엑티언,카이런",train
"워터펌프 윈스톰,토스(25183429)",test
"워터펌프 윈스톰,토스카",train
워터펌프 짚 랭글러 2.8,train
워터펌프 카니발2.9TCI,test
워터펌프 캠퍼스 2.4 07~13,train
워터펌프 커넥터,train
"워터펌프 코란도C,G4렉스턴",train
워터펌프 큐브 1.8 (09~14년),test
"워터펌프 테라칸,쏘렌토 구형3.5",train
워터펌프 테라칸2.9,train
워터펌프 테라칸2.9 (신),train
워터펌프 토스카1.8 DOHC,train
"워터펌프(96프린,레조,레간자DO)",train
"워터펌프(96프린,레조,레간자SO)",train
워터펌프(르망),train
"워터펌프(리오,스펙트라,슈마)DO",train
"워터펌프(리오,스펙트라,슈마)SO",train
워터펌프(마이티구형)41000,test
"워터펌프(무쏘일반,이스타나)",train
"워터펌프(무쏘터보,렉스턴,)",train
워터펌프(소나타2.3)DOHC,test
워터펌프(쏘렌토) VGT,train
"워터펌프(씨에로,칼로스,라노)SO",test
"워터펌프(아반테1.8,2.0)",train
"워터펌프(아토즈,비스토)",train
"워터펌프(점보타이탄1.4,토픽)",test
워터펌프(카니발디젤),train
워터펌프(카렌스2.0)뉴EF베타,train
"워터펌프(크레도스,카렌스1.8)",train
워터펌프(테라칸CRDI),test
"워터펌프(프라이드,세피아,아벨)",train
워터펌프(프린스V91),train
워터하우징,train
워터호스,train
워터호스 캡,train
윈도우 리프터,test
윈스톰 가솔린 6PK1894,train
윈스톰 디젤 6PK2066(T벨트타입),train
윈스톰 디젤 A/T 캡티바,train
윈스톰 디젤 휀아이들532057810,test
윈스톰 디젤 휀텐션(GAT32490),train
"윈스톰 디젤,캡티바 2.0 디젤",train
윈스톰 전 쇼바 LH (GAS)대영,train
윈스톰 전 쇼바 RH (GAS)대영,test
"윈스톰, 캡티바 2.0",train
"윈스톰, 캡티바 R/DISC",train
"윈스톰,캡티바 디젤(수입)~12년",train
"윈스톰,토스카 타이밍텐셔너",test
유니온 실링 워셔,test
유리기어,train
유리기어 후/우,train
유리기어 후/좌,train
육각 콜러 너트 셀프 록킹,train
육각너트,train
이그니션 코일,train
이그니션코일,train
이리듐플러그,train
이리듐플러그 0031596703,train
이리듐플러그 0031598003,train
이리듐플러그 0041590903 X,train
이리듐플러그 0041591303,train
이리듐플러그 0041596803,train
이리듐플러그 06K905601D,train
이리듐플러그 079905626B,train
이리듐플러그 101000062AB,train
이리듐플러그 101905606A,train
이리듐플러그 101905615A,test
이리듐플러그 101905621,test
이리듐플러그 101905622,train
이리듐플러그 12120032135,train
이리듐플러그 12290RMX003,train
이리듐플러그 12625058,train
이리듐플러그 1315691,train
이리듐플러그 1822A086,train
이리듐플러그 224011KC1C,train
이리듐플러그 4606823AB,train
이리듐플러그 528i(F10) 10~16,train
이리듐플러그 55247744,train
이리듐플러그 5시리즈 05~10,train
이리듐플러그 9091901233,train
이리듐플러그 A6 2.0 TFSi 11~13,test
이리듐플러그 AGSF22FM1,train
이리듐플러그 ES350 06~08,train
이리듐플러그 E시리즈(W212) 11~,train
이리듐플러그 G37S 08~13,test
이리듐플러그 IS250 05~13,train
이리듐플러그 SP148183AB,train
"이리듐플러그 뉴SM3,SM5,QM5임프",test
이리듐플러그 알티마 2.5 13~16,test
이리듐플러그 어코드2.4 03~08,test
이리듐플러그 어코드3.5 08~15,train
이리듐플러그 토러스 11~,test
이마이티 WIDE -(삼성),train
이베코 전드럼,test
이베코 후드럼,train
이스케이프 09~,test
이스타나 M/T(삼성),train
이스타나 메인 A/C(GAC)(3470),train
이스타나 전디스크,train
이스타나 후 드럼,train
이스타나 후 쇼바 (L/R공용),train
이에프 소나타/옵티마/라비타 15인치 (REAR/ABS) 브레이크,train
"이에프,옵티마,터뷸런스 브레이크",train
익스펜션 탱크-쿨런트,train
인슐레이터-엔진 마운팅,train
인슐레이터-엔진 마운팅 리어,train
인슐레이터-엔진 마운팅 프론트,train
인젝터,train
인젝터 동와샤,train
인젝터 오링,test
인젝터동와샤,train
인젝터오링,train
인젝터와셔,train
인터쿨러,test
인터쿨러 호스,train
인터쿨러호스,test
인터파트 등속(앞/좌),train
인터파트 앞로워암(우),train
인터파트 앞로워암(좌),test
인터파트 앞링크(우),train
인터파트 앞링크(좌),train
인터파트 제품으로,train
인터파트 콘덴서,train
인테이크 메니폴드,train
인테이크 호스,train
인피니티 뒤패드,train
"일반 와이퍼 12""(300mm)",train
"일반 와이퍼 20""(500mm)예약상품",train
"일반 와이퍼350mm/14""",train
"일반 와이퍼400mm/16""",test
"일반 와이퍼450mm/18""",test
"일반 와이퍼500mm/20""",train
"일반 와이퍼550mm/22""",train
"일반 와이퍼600mm/24""",train
"일반 와이퍼650mm/26""",train
"일반와이퍼 12""(300mm)",train
"일반와이퍼 14""(350mm)",train
"일반와이퍼 16""(400mm)",train
"일반와이퍼 18""(450mm)",train
"일반와이퍼 20""(500mm)",train
"일반와이퍼 22""(550mm)",train
"일반와이퍼 24""(600mm)",train
"일반와이퍼 26""(650mm)",train
"일반와이퍼 28""(700mm)",train
잠바 가스켓,train
잠바가스캣,train
잠바가스켓,test
잠바가스켓 우,test
잠바가스켓 좌,train
잠바카바,train
잠바커버,test
잡마가스켓,train
재규어 뒤패드,test
재규어 앞패드,train
재제조 뒤우 캘리퍼,train
재제조 발전기,train
재제조 스타터,train
재제조 캘리,train
재제조 캘리퍼,train
재제조 캘리퍼 뒤 우,train
재제조 캘리퍼 뒤 좌우,train
재제조 캘리퍼 뒤/우,train
재제조 캘리퍼 뒤우,train
재제조 캘리퍼 뒤좌,train
재제조 캘리퍼 뒤좌우,test
재제조 캘리퍼 모터포함,train
재제조 캘리퍼 앞 우,train
재제조 캘리퍼 앞/좌,train
재제조 캘리퍼 앞좌,train
재제조 캘리퍼 앞좌우,train
재제조 캘리퍼 전/우,train
재제조 캘리퍼 캐리어 포함,test
재제조 캘리퍼 캐리어포함,train
재제조 캘리퍼(앞/좌),train
재제조 캘리퍼[후/우],test
재제조 켈리퍼,test
재제조 후켈리퍼 좌우셋트,train
재제조(앞/우),train
재제조캘리퍼,train
재제조캘리퍼 브라켓포함,train
전 도어락 좌,train
전 로워암 부싱,train
전 로워암 우,test
전 링크 우,test
전 링크 좌,train
전 쇼바,train
전 우 활대링크,test
전 운전석 캘리퍼,train
전 윈도우리프터 좌,train
전 조수석 켈리퍼,train
전 좌 활대링크,train
전 허브 베어링,train
전 허브베어링,train
전 허브베어링 좌우,train
전 활대 부싱,train
전 활대링크,train
전 활대부싱,train
전 휠스피드센서,train
전구,train
전도어락 RH,train
전등속조인트,test
전로워암 볼조인트 우,train
전링크,train
전링크 우,train
전링크 좌,train
전방 와이퍼 QM3 13.09~16.02,train
전방 와이퍼 QM3 16.02.25~,train
전쇼바,train
전쇼바 BMW RH,train
전쇼바 LH,test
전쇼바 RH,train
전쇼바 마운트,train
전쇼바 좌,train
전쇼바 좌/우공용,train
전쇼바(좌우공용),train
전쇼바마운트 좌/우공용,test
전조등 장식링 좌,train
전크랑크리데나,test
전패드,train
전패드 BENZ,train
전허브 베어링,train
전허브베어링,train
전활대 부싱,test
전활대링크,test
전활대부싱,train
"점보,프론티어 릴리스베어링",train
점보타이탄 마꾸라조인트,train
점화 올란도/말리부2.0LPG11~16,train
점화 코일 300C 3.5 04~11,train
점화 코일 807 02~,test
"점화 코일 A4(8EC,B7) 04~08",train
"점화 코일 A6(4F2,C6) 04~11",train
"점화 코일 A6(4F2,C6) 04~11 X",train
점화 코일 C-CLASS(W203) 00~07,train
점화 코일 C-CLASS(W204) 07~14,train
점화 코일 COMMANDER 4.7 05~10,train
점화 코일 E-350 5.4 13~,train
점화 코일 FREELANDER 2.5 98~06,train
점화 코일 FUSION 2.5 10~,train
점화 코일 FX35 03~08,train
점화 코일 G25 11~,train
점화 코일 LS 3.0 00~05,train
점화 코일 RX300 00~08,train
점화 코일 S80 06~,train
점화 코일 TT(8J3) 06~14,train
점화 코일 X5(E53) 00~06,train
점화 코일 XC90 02~14,test
점화 코일 XC90 3.2 06~12,train
점화 코일 XF 3.0 08~15,train
점화 코일 ZS-K 1X1 (IC023),test
점화 코일 ZS-K 1X1 (IC024),train
점화 코일 ZS-K 1X1 (IC050),train
점화 코일 ZS-K 1X1 (IC051),train
점화 코일 ZS-K 1X1 (IC052),train
점화 코일 ZS-K 1X1 (IC056),test
점화 코일 ZS-K 1X1 (IC2429,train
점화 코일 ZS-K 1X1 (IC2433,train
점화 코일 ZS-K 1X1(IC040),train
점화 코일 ZS-K 1X2 (IC5437,train
점화 코일 ZS-K 2X2 (IC048),train
점화 코일 ZS-K 4X1 (IC049),test
점화 코일 세블링 2.7 01~07,train
점화코일,train
점화코일 (1.4터보전용) 트랙스,train
점화코일 (1.6)LF/올뉴K5(4개),train
"점화코일 (CVVT전용)XD,쎄라토",train
"점화코일 (LPG전용) 뉴EF,카렌스",test
점화코일 (체결부위 치우친제품),train
점화코일 0001501980,train
점화코일 0001587303,train
점화코일 04606869AA,train
점화코일 06D905115,train
점화코일 06H905110D,train
점화코일 12131712219,train
점화코일 2749060600,train
점화코일 2769060501,train
점화코일 30520PRAA01,train
점화코일 30713416,train
"점화코일 4기 스파크,마티즈크리",train
점화코일 523~530i(E60) 05~10,train
점화코일 56028138,train
점화코일 68242286AA,train
점화코일 9008019025,test
점화코일 9091902216,train
점화코일 9091902257,train
점화코일 90919A2002,train
점화코일 94810514600,train
점화코일 A-class(W168),train
점화코일 A4 3.0~3.2(8KB.B8)07~,test
"점화코일 AD,포르테(09MY)(4개)",test
점화코일 AJ810445,train
점화코일 BL3Z12029A,train
점화코일 CTS 3.6 07~09,train
"점화코일 EF시리우스,옵티마리갈",train
"점화코일 EQ900,G70 2.0,G90 5.0",train
점화코일 EXPLORER 2.3 15~,train
점화코일 FX35 03~08,train
점화코일 HG/K7 3.0 LPI,train
"점화코일 LF,YF,K5,i40",test
"점화코일 LF1.6터보,올뉴K5",test
"점화코일 MD,i30,벨로스터 4개",train
"점화코일 NF,로체(2.0,2.4세타)",test
점화코일 NF/YF/K5,train
점화코일 SM3 02.07~,train
점화코일 SM5 03.02~,train
"점화코일 SM5 03.07~택시,뉴SM5",train
점화코일 SM5 98~ (대),train
점화코일 SM5 98~ (소),train
점화코일 SM6 TCE엔진1.6,train
점화코일 SM6 TCE엔진1.6(L43),test
점화코일 TG/K7/뉴오피러스,train
점화코일 XG 3.5/ 에쿠스,train
"점화코일 YF,K5 2.0 11~14",train
"점화코일 그랜져XG,에쿠스",train
점화코일 뉴SM3(L38)1.6/2.0 09.,test
점화코일 뉴SM5V/SM7 VQ엔진전용,train
점화코일 뉴SM5플래티넘LPG2.0,train
점화코일 뉴모닝 가솔린전용,test
점화코일 뉴에쿠스/오피러스( ),train
점화코일 뉴체어맨/W(3.2:3.6)6,train
점화코일 더넥스트/뉴스파크,train
점화코일 라세티프리미어1.6/1.8,train
점화코일 람다2(3.0~3.8)EQ900,train
"점화코일 리오,스펙트라(DOHC)",train
"점화코일 리오,스펙트라(SOHC)",train
"점화코일 말리부,크루즈 1.4/1.5",test
점화코일 말리부2.0/2.4 (4개),train
"점화코일 매그너스 L6 2.0,2.5",test
점화코일 모닝,train
점화코일 모닝LPI(2011년이전),train
"점화코일 베르나(SOHC),클릭1.3",train
"점화코일 스토닉,엑센트1.4",train
점화코일 스파크 (15~)M/T,train
점화코일 스파크S 4기통 13~15,train
점화코일 아반떼XD 1.5(중신형),train
"점화코일 아반테1.8,티뷰론",train
점화코일 아반테HD (06MY) (4개),test
"점화코일 아반테XD2.0,뉴EF1.8",train
점화코일 알페온 3.0,train
"점화코일 올뉴마티즈,다마스,라",test
점화코일 올뉴말리부 2.0,train
점화코일 올뉴말리부1.5터보,train
점화코일 올뉴엑센트(1.4VVT),train
점화코일 카니발 LPG,test
"점화코일 카렌스,카렌스2 1.8",train
점화코일 커플링 뉴체어맨(W/H),test
점화코일 크루즈1.6/1.8 12~,train
점화코일 토스카L6 2.0/2.5,test
점화코일 트라제/그랜저 XG 2.7,train
점화코일 티볼리 가솔린 1.6,train
점화코일 티볼리1.6 15~19,train
점화플러그,train
정품 6각 볼트와샤포함,test
정품 O링,train
정품 WASHER,test
정품 가스켓-워터펌프,train
정품 가열 플러그 압력센서타입,train
정품 겉벨트 아이들러 풀리,test
정품 냉각수 호스,train
정품 냉각수통,train
정품 냉각수파이프,test
정품 댐퍼-벨트 텐셔너,train
정품 뒤패드,train
정품 드레인 플러그,train
정품 라지에다 상호스,train
정품 레귤레이팅 밸브,train
정품 로커암 커버 가스켓,train
정품 링크-앞,train
정품 밋션미미,train
정품 밸브-워터,train
정품 부쉬-스테빌라이져 리어,train
정품 블레이드 앞우,train
정품 블레이드 앞좌,train
정품 센서-휠스피드,test
정품 소켓 헤드 볼트,train
정품 스로틀바디 가스켓,train
정품 씰,train
정품 씰서포트 흡기플랩,train
정품 앞패드,train
정품 에어필터,train
정품 엔진 드레인코크 와샤,test
정품 오일 쿨러 씰,train
정품 오일캡뚜껑 고무오링,train
정품 오일쿨러 가스켓,test
정품 오일필터 하우징 O링,train
정품 오일필터하우징 가스켓,train
정품 와이퍼,train
정품 워터 커넥터,train
정품 워터자켓 오링,train
정품 워터파이프,test
정품 워터펌프 하우징 가스켓,train
정품 워터호스,train
정품 퀵 커플링 피스,test
정품 파이프 소켓,train
정품 펌프-윈드스크린 와셔,train
정품 플랜치 오링,train
정품 호스 O링,train
정품 호스 클램프,train
정품 휀아이들,train
정품 흡기 매니폴더 오링,train
정품 흡기매니폴드가스켓,train
제네시스 14MY 가솔린 람다,train
제네시스 14년 가솔린 람다 3.3,train
제네시스 3.3 브레이크,test
"제네시스 3.3,3.8 (A/T)",train
"제네시스 3.3,3.8 6PK1935",train
제네시스 3.3/3.8,train
제네시스 3.8 전 디스크,test
제네시스 EQ900 A/C,train
제네시스 EQ900 가솔린 A/T,test
"제네시스 EQ900 람다3.8, 타우",test
제네시스 G80,train
제네시스 가솔린 14MY A/C,train
"제네시스 람다 3.3,3.8 (A/T)",test
제네시스 전쇼바 LH,train
제네시스 전쇼바 RH,train
제네시스 쿠페 2.0 A/T(두원),train
제네시스 쿠페 2.0(2008~) F/DISC,train
제네시스 쿠페 3.8 A/T(두원),train
제네시스 쿠페(08~12') 용 / 인니,train
"제네시스 쿠페(17"") R/DISC",train
"제네시스 쿠페(18"") F/DISC",train
"제네시스 쿠페(18"") R/DISC",test
제네시스 팽창밸브,train
제네시스 프라다,train
"제네시스(2013~),G80,K9(3.3/3.8) R/DISC",test
"제네시스,신형 에쿠스,K9 3.8 F/DISC",train
"제네시스/K9 3.3 3.8, G70(21~) R/DISC",train
제네시스/K9/에쿠스-8SPEED GDI 전디스크,train
"제네시스EQ900,가솔린 타우(A/T)",train
제네시스쿠페 2.0 A/C,train
제네시스쿠페 3.8 A/C,train
제네시스쿠페(2.0),train
제네시스쿠페(3.8/람다),train
제논전구,train
젠트라 가솔린 (A/T) 1.6,train
젠트라 가솔린 09MY A/C,train
젠트라 전쇼바 LH(GAS),train
젠트라 전쇼바 RH(GAS),train
젠트라/칼로스,train
좌측 트렁크쇼바,train
주유구캡,train
진동 댐퍼,train
진동댐퍼,train
진동뎀퍼,train
체어맨 (구형) A/C 5~600시리즈,test
체어맨 400 2.3 SET 6PK2155,train
체어맨 W (GP033),test
체어맨 W 거평(수입),test
체어맨 W 전 2륜 전 디스크,train
체어맨 W 전 4륜 전 디스크,train
체어맨 브러쉬(600mm) 낱개,train
체어맨 엔진미미,train
체어맨 전 브레이크,train
"체어맨(구) 500,600 (중국산)",train
체어맨(구형) 17 INCH 후 디스크,test
체어맨(신형) 거평,train
체어맨500(2.8)600(3.2)6PK2225,train
카니발 (1.2 공용),train
카니발 1 디젤,train
카니발 1.2 공용 A/C,train
카니발 15년 디젤 (R-eng)280W,train
카니발 2 디젤 / CRDI,train
카니발 2018~ 18 INCH 전 디스크,train
카니발 II 텐션(700)NSK,train
카니발 LPG (대),train
카니발 LPG (소),train
카니발 V6 LPG SET 6PK1580,train
카니발 디젤 A/T(삼성),train
카니발 써머스타트ASSY,test
카니발 전쇼바 LH(GAS) 대영,test
카니발 전쇼바 RH(GAS) 대영,train
카니발 후 쇼바 (GAS)대영,train
카니발(05년) 용 / 경주,train
카니발(1.2공용) A/C (GAC) 두,train
카니발(18~) 그랜져(15년~) 용 / 경주,train
카니발(730)베어링(NSK-B696),test
카니발(구형) 브레이크,train
"카니발,테라칸2.9 텃취(750)",test
"카니발,테라칸2.9(740)",test
"카니발,테라칸2.9(983)휀아이들",train
카니발/엔터프라이즈 브레이크,test
카니발1.2 커먼레일 SET,test
카니발2(신형) 브레이크,train
"카니발2, 테라칸 CRDI 타이밍KIT",train
"카니발2,테라칸(타이밍벨트)",train
"카니발2,테라칸CRDI 타이밍KIT",train
카니발2/엔터프라이즈 브레이크,train
카니발2019 전디스크,train
"카니발구형 LPG,GSL A/T(삼성",train
카렌스 '06 전 브레이크,test
카렌스 (2016~) R/DISC,train
카렌스 2.0,train
카렌스 LPG 2.0 A/T (삼성),train
카렌스 구형 A/C,train
카렌스 신형 1.8 (AT)-(삼성),train
카렌스1 (2.0) A/C,test
카렌스1 2.0 (베타)SET LPG,train
카렌스2 1.8 LPG SET,train
카렌스2 LPG 1.8 (AT)-(삼성),train
카렌스2 LPG 2.0 AT (두원),train
카렌스2 LPG A/C,train
"카렌스2 LPG,가솔린 A/C",train
카렌스2 디젤 (AT) -(삼성),train
카렌스2 디젤 A/C,test
카렌스2 디젤 AT (두원),train
카렌스2 브레이크,train
카스타 SUBCOOL A/C,train
카스타 구형 A/C,train
카운티(신형) 드럼(전/후),train
카운티/파맥스/마이티2 브레이크,train
카이런 전쇼바 (GAS)4륜,train
"카이런,액티언,렉스턴2/렉스턴W(멀티링크) R/DISC",train
"카이런,액티언,코란도스포츠 브레이크",test
"카이런,엑티언",train
카이런/액티언 구형 (SCC),train
카이런/액티언 구형 (중국산),train
카이런/액티언 신형(중국산),test
카이런/엑티언/렉스턴2/렉스턴W 후 디스크(5링크),train
카이엔957 4.8 08~10(2.0KW),train
"카포스 일반와이퍼 14""(350mm)",train
"카포스 일반와이퍼 16""(400mm)",train
"카포스 일반와이퍼 18""(450mm)",test
"카포스 일반와이퍼 20""(500mm)",train
"카포스 일반와이퍼 22""(550mm)",train
"카포스 일반와이퍼 24""(600mm)",train
"카포스 일반와이퍼 26""(650mm)",test
카풀링,train
칼로스,train
칼로스 1.2 A/C(D),test
"칼로스 1.2, 젠트라 1.2",test
칼로스 1.5 (A/T),train
칼로스 1.5 A/C,test
칼로스/마티즈 크리에이티브/스파크 전 디스크,train
칼로스1.2 (A/T) 96536524공용,train
"칼로스1.2,젠트라X 릴리스베어링",test
캐딜락 뒤패드,train
캐딜락 앞패드,train
캐딜락 앞패드 19122384,train
캐리어,train
캐스퍼 13인치 전디스크,train
캐스퍼 후드럼,test
캘리퍼,train
캘리퍼 RR 재제조,train
캘리퍼 뒤 우 재제조,train
캘리퍼 뒤 우 재제조품,train
캘리퍼 뒤 우측,test
캘리퍼 뒤 좌,train
캘리퍼 뒤/좌,train
캘리퍼 뒤좌,test
캘리퍼 앞 우 재제조,test
캘리퍼 앞 좌,train
캘리퍼 앞 좌 재제조,train
캘리퍼 앞 좌/우,test
캘리퍼 앞 좌우 재제조,train
캘리퍼 앞/우,train
캘리퍼 앞/좌,train
캘리퍼 재제조,train
캘리퍼 재제조 뒤 우,train
캘리퍼 재제조 뒤좌,train
캘리퍼 재제조 뒤좌우,train
캘리퍼 재제조 앞 좌측,train
캘리퍼 재제조 전 좌/우,train
캘리퍼 재제조 전/우,train
캘리퍼 재제조 후 좌/우,test
캘리퍼 전/좌,test
캘리퍼 전/좌 재제조,train
캘리퍼 좌/우,test
캘리퍼 좌우세트,train
캘리퍼 캐리어,train
"캘리퍼 키트-프론트 브레이크,우측 (전방)",train
"캘리퍼 키트-프론트 브레이크,좌측 (전방)",train
캘리퍼 후 우,train
캘리퍼 후 좌/우,train
캘리퍼 후/우,train
캘리퍼 후/우 재제조,train
캘리퍼(뒤/좌),train
캘리퍼(앞우/뒤우),test
캠 샤프트 마그넷,train
캡티바 디젤(신)(수입)12년~,test
캡티바 중신형 (수입)(GP025),train
"캡티바,올란도 휀아이들(상부)",train
"캡티바,올란도 휀아이들(하부)",train
커넥션,train
커넥터-예열 플러그,train
커넥터-히터,train
컨버터,train
컨트롤 암 뒤상우,test
컨트롤 암 뒤상좌,test
컨트롤 암 뒤하우,train
컨트롤 암 뒤하좌,test
컨트롤 암 뒤하좌우,test
컨트롤 암 앞상우,train
컨트롤 암 앞상좌,train
컨트롤 암 앞상좌우,train
컨트롤 암 앞우,train
컨트롤 암 앞좌,train
컨트롤 암 앞좌우,train
컨트롤 암 앞하우,train
컨트롤 암 앞하좌,train
컨트롤 암 앞하좌우,train
컨트롤 암 좌우공용,test
컨트롤암 RH BENZ,train
컨트롤암[인터파트],test
컴패스2.0/2.4 10~15 (115A),test
컴프레서,train
컴프레셔,train
"컴프레셔 텐셔너 레조LPG,레간자",train
코나,test
"코나 2017~, 셀토스 2019 ABS 4륜 후 디스크",train
"코나, 셀토스 2륜 후 디스크",train
코란도 C (에스텍),train
코란도 C 2륜 후디스크,train
"코란도 C 4륜,뷰티풀코란도, 티볼리 4륜, 토레스, 액티언(2024~) 후디스크",train
코란도 C 전 브레이크,train
코란도 C 전쇼바 LH,train
코란도 C 전쇼바 RH,train
코란도 C 팽창벨브(중국산),train
"코란도 C,뷰티풀 코란도, 토레스, 액티언(2024~) 전 브레이크",train
코란도 투리스모 2륜 후디스크,train
코란도 투리스모 전쇼바(GAS),train
코란도 투리스모 후디스크 4륜,test
코란도C 신/구형(SCC) 수입품,train
코란도C 아이들(SIB-P010)골,train
코란도C 아이들(SIB-P025)민,train
"코란도C(스포츠),렉스턴W",train
"코란도C2.0, 로디우스 오토풀리 4P",train
코란도스포츠 신형(SCC)수입품,train
코일,train
"코일 QM5,뉴QM5,올 뉴SM7(대각)",train
"코일 SM5임프,뉴QM5,뉴SM5(L43)",train
"코일 더뉴레이,올뉴모닝(JA 17~)",test
코일 보쉬 0221604067,train
"코일 올뉴모닝(TA),레이",train
"코일 올뉴모닝,더뉴모닝,레이",train
코일스프링-리어,test
콘덴,train
콘덴사,train
콘덴샤 BMW MINI,train
콘덴서,train
콘덴서 MAHLE,train
콘덴셔,train
콘트롤 모듈-라디에이터 휀,train
콘티 벨트,train
콘티 타이밍벨트&워터펌프,train
콘티넨탈 겉벨트,train
콘티벨트,train
콤푸 스파크(마/크)와샤(수입품),train
콤푸 쏘렌토R 2.2(수입품),train
콤푸신품 올 뉴 마이티 (CSP-15),test
"콤푸신품 포터2, 봉고3 (수입)",train
콤프,train
콤프 K5 6PK(2016)(수입품),test
콤프 K5 6PK(2016)(수입품)X,train
콤프 MD1.6 10~13(AT에어(수입),train
콤프 MD1.6 10~13(MT에어(수입),train
콤프 스파크(마/크)오링(수입품),train
콤프 싼타페 2.0/2.2R (수입품)X,train
콤프레셔,train
콤프신품 QM3디젤 13~(수입품),train
콤프신품 QM5 07~(수입품)X,train
콤프신품 QM6 7PK(07~)(수입),train
콤프신품 YF 삼점식 6PK(수입)X,train
"콤프신품 YF,K5,K7,HG (수입)X",train
"콤프신품 그,스타렉스 07~15(매",train
"콤프신품 그,스타렉스(수입)",test
콤프신품 노부스,train
콤프신품 뉴파워트럭 04~(매뉴X),train
콤프신품 대우차세대,train
콤프신품 대우차세대트럭,test
"콤프신품 대우차세대트럭,노부스",train
콤프신품 더 뉴모닝(5P)(수입품),train
콤프신품 더 뉴모닝(6P)(수입품),train
콤프신품 렉스턴 G4 (17~)(수입),train
콤프신품 렉스턴/무쏘,train
콤프신품 마이티 02~07,train
콤프신품 메가트럭(매뉴X),train
콤프신품 메가트럭07~13(매뉴O),train
콤프신품 모닝 04~07(수입품)X,train
콤프신품 모닝 07~11(수입품)X,train
콤프신품 봉고3 1.4톤 2.9 06~11,train
콤프신품 봉고3 2.5 04~07(매뉴O,train
콤프신품 봉고3 2.5 12~17(매뉴O,test
콤프신품 봉고3 2.8 04~11(매뉴O,train
"콤프신품 봉고3,포터2 17년~",train
콤프신품 스타렉스 02~06(매뉴O),train
콤프신품 스타렉스 02~06(매뉴X),test
콤프신품 올뉴모닝(11~15)수입,train
콤프신품 올뉴모닝(6P)(수입품),train
콤프신품 올뉴모닝11~15(5PK),test
콤프신품 올뉴모닝11~15(6PK),train
콤프신품 올뉴카니발(수입품)X,train
"콤프신품 젠트라,칼로스",train
콤프신품 토스카,train
콤프신품 투싼 TL (6PK)(수입품),test
콤프신품 투싼IX 2.0R (수입품),train
콤프신품 티볼리 1.6 (수입),train
콤프신품 포터2 03~07(매뉴O),train
콤프신품 포터2 03~11(매뉴O),test
콤프신품 포터2 11~16 (수입),test
콤프신품 포터2 11~16(매뉴O),test
"콤프신품 포터2, 봉고3 (수입)",train
콤프쏘렌토R 2.0/2.2 12~17(수입,train
쿨러,train
쿨러 커넥터,test
쿨런트 호스,train
쿨런트파이프,train
쿨링 파이프-오링포함,test
크라이슬러 뒤패드,train
크라이슬러 뒤패드(센서포함),train
크라이슬러 앞패드,train
크랑크 각센서,train
크랑크 샤프트 씰,train
크랑크 포지션 센서,test
크랑크각센서,train
크랑크샤프트 씰,train
크랭크 각센서,test
크랭크 샤프트 풀리,train
크랭크각센서,train
크랭크리데나,train
크랭크샤프트포지션센서,train
크랭크샤프트풀리,train
크랭크케이스 배기밸브 라인,test
크랭크포지션센서,train
크랭킄 각센서,test
크렁크락,train
크레도스 (REAR/ABS) 브레이크,test
크레도스 1.8 / 카렌스 1.8,test
크레도스 1.8 AT SET,train
크레도스 1.8 LPG 27301-CRD00,test
크레도스 1.8(파랑)27301-CRD01,train
크레도스 2.0 27301-CRD03,train
크레도스 2.0 DO / 포텐샤 2.0,train
크레도스 2.0 SO,test
"크레도스,카렌스 브레이크",test
크루즈 / 올란도 16 INCH R/DISC,train
크루즈 1.6/1.8 가솔린,train
크루즈 [12V ALT 100A/OAP INA풀리 AL000319R],train
크루즈 가솔린 1.6/1.8,train
크루즈 가솔린 2.0 (거평)수입품,test
"크루즈,아베오,트랙스,올란도 R/DISC",train
크루즈가솔린1.8/2.0 (SCC)수입,train
클러치 플라이휠 센터베어링,train
클러치릴리즈베어링 DJ 3400 B-03,train
클러치릴리즈베어링 DJ 3400 BS A-2,train
클러치릴리즈베어링 DJ 34302-11,train
클러치릴리즈베어링 DJ 34302-17,train
클러치릴리즈베어링 DJ 34302-18,test
클러치릴리즈베어링 DJ 34302-19,train
클러치릴리즈베어링 DJ 34302-20,train
클러치릴리즈베어링 DJ 34302-29,train
클러치릴리즈베어링 DJ 34302-31,train
클러치릴리즈베어링 DJ 34302-38,train
클러치릴리즈베어링 DJ 34302-40,test
클러치릴리즈베어링 DJ 34302-42,train
클러치릴리즈베어링 DJ 34302-45,train
클러치릴리즈베어링 DJ 34302-46,train
클러치릴리즈베어링 DJ 34302-47,train
클러치릴리즈베어링 DJ 34302-48,train
클러치릴리즈베어링 DJ 34302-56,train
클러치릴리즈베어링 DJ 34302-6,train
클러치릴리즈베어링 DJ 34302-70,train
클러치릴리즈베어링 DJ 34302-9,test
클러치릴리즈베어링 DJ 34302-96,train
클러치릴리즈베어링 DJ 34302-B02,test
클러치마스터 포터97 (AU) T2,test
클러치마스터/뉴라이노,train
클러치마스터실린더 4.5톤/5톤,train
클러치마스터실린더 E 마이티,test
클러치마스터실린더 EF쏘나타,train
클러치마스터실린더 EG5톤(구형),train
클러치마스터실린더 E에어로타운,train
클러치마스터실린더 NF쏘나타,test
클러치마스터실린더 XD(AL),train
클러치마스터실린더 XD(PVC),train
클러치마스터실린더 갤로퍼,train
클러치마스터실린더 그랜드스타,train
클러치마스터실린더 그랜드카니,train
클러치마스터실린더 뉴베르나,test
클러치마스터실린더 뉴세피아,train
클러치마스터실린더 뉴코란도,train
클러치마스터실린더 뉴포터/,train
클러치마스터실린더 뉴프라이드,train
클러치마스터실린더 라비타,train
클러치마스터실린더 라세티,train
클러치마스터실린더 라이노,train
클러치마스터실린더 레간자,train
클러치마스터실린더 레조,test
클러치마스터실린더 르망,train
클러치마스터실린더 마이티/2,train
클러치마스터실린더 무쏘,train
클러치마스터실린더 복사,train
클러치마스터실린더 봉고3,test
클러치마스터실린더 세피아:주철,test
클러치마스터실린더 스타렉스,train
클러치마스터실린더 스포티지,train
클러치마스터실린더 싼타페(AL),train
클러치마스터실린더 싼타페(PVC),train
클러치마스터실린더 쎄라토:디젤,train
클러치마스터실린더 쏘렌토(AL),train
클러치마스터실린더 쏘울,train
클러치마스터실린더 아반떼(신),train
클러치마스터실린더 아반떼HD:AL,train
클러치마스터실린더 액티언,train
클러치마스터실린더 엑센트 RB,train
클러치마스터실린더 이스타나,train
클러치마스터실린더 카니발,test
클러치마스터실린더 코란도C,train
클러치마스터실린더 투싼(AL),test
클러치마스터실린더 투싼(PVC),train
클러치마스터실린더 포터(구형),train
클러치마스터실린더 프론티어,train
클리오 전디스크,train
클릭 1.3 전디스크,train
"클릭 A/C (두원,한라공용)",train
클릭 가솔린 A/T (삼성제품),train
클릭 가솔린 A/T(1C050공용),test
클릭 디젤 SET 5PK1848,test
클릭 브레이크,train
타우너,test
타우너 써머가스켓트,test
타우너 엔진코일,train
타이로드,train
타이로드 +엔도,train
타이로드 +엔드 우,train
타이로드 BIRTH제품,train
타이로드 액슬조인트 앞 좌/우,train
타이로드 앤드 우,train
타이로드 앤드 좌,train
타이로드 앤드 좌우,train
타이로드 어셈블리,train
타이로드 엔드 앞/우,train
타이로드 엔드 좌/우,train
타이로드 엔드 좌우,test
타이로드 좌/우,train
타이로드 좌/우공용,train
타이로드 좌우공용,train
타이로드+엔드 좌,train
타이로드엔드 RH,train
타이로드엔드 우,train
타이로드엔드 좌,train
타이밍 셋트 워터펌프 포함,train
타이밍 아이들 베어링-우 토스카,train
타이밍 아이들 베어링-좌 토스카,train
타이밍 오토텐셔너 TG 2.7,train
타이밍 워터펌프 킷,train
타이밍 워터펌프 킷 이보크,train
타이밍 워터펌프킷,test
타이밍 워터펌프킷 206 CC,train
타이밍 워터펌프킷 307,train
타이밍 워터펌프킷 308,train
타이밍 워터펌프킷 ACCORD 3.5,train
타이밍 워터펌프킷 C30,train
타이밍 워터펌프킷 ES300,train
타이밍 워터펌프킷 GOLF,test
타이밍 워터펌프킷 GS430,train
타이밍 워터펌프킷 RX300,train
타이밍 킷 3008,train
타이밍 킷 607,train
타이밍 킷 Q7 3.0 (03-10),test
타이밍 킷 S80 2.9,train
타이밍 킷 TOUAREG,train
타이밍 킷 Wrangler 2.8,train
타이밍 킷 골프 1.6/2.0 TDI 13~,train
타이밍 텐셔너,test
타이밍 텐션 크루즈 1.6/1.8,train
타이밍벨트,train
타이밍벨트 텐셔너 크루즈,test
타이밍벨트 텐셔너 크루즈(삼일),train
타이밍벨트 텐셔너 크루즈(인아),train
타이밍벨트 텐셔너 토스카,train
타이밍아이들,train
타이밍워터펌프킷,train
타이밍워터펌프킷 CT1203WP1,train
타이밍워터펌프킷 GOLF,test
타이밍킷,train
타이밍킷 308(워터펌프미포함),test
타이밍킷(워터펌프 포함),train
타이밍킷-전방 XJ 2.7D,train
타이킹 킷(워터펌프미포함),train
터보액츄레이터,train
테라칸 (REAR/ABS) 브레이크,train
테라칸 2.5 수동A/C V벨트 TCI,train
테라칸 2.5 오토 A/C SET,train
테라칸 2.5디젤터보 (A/T),train
테라칸 A/C (LH),train
테라칸 A/C (RH),train
테라칸 브레이크,train
테라칸 전쇼바(GAS)(L/R공용),test
테라칸 후쇼바(GAS) L/R공용,train
테라칸(신형) 브레이크,train
테라칸2.9디젤 CRDI (A/T),train
테스라 항균필터 110768100A,train
텐셔나,train
텐셔너,train
텐셔너 Assy YF쏘나타 2.0(GMB),test
"텐셔너 Assy싼타페CM,DM,2F001/2",train
텐셔너 INA 제품,train
텐셔너 INA제품,train
텐셔너 TG 2.7 Assy (인아),test
"텐셔너 XG, 싼타페LPG,트라제LPG",train
텐셔너 그랜져 11~(인아),train
텐셔너 봉고3 카니발,train
"텐셔너 암 TG,그랜드 카니발 K7",test
"텐셔너 앗세이 NF,K5(11-14년)",train
텐셔너 앗세이 포터 (CRDI차량),train
텐셔너베어링 DJ 34302- 88,train
텐셔너베어링 DJ 34302- 90,train
텐셔너베어링 DJ 34302-1,train
텐셔너베어링 DJ 34302-10,train
텐셔너베어링 DJ 34302-100,train
텐셔너베어링 DJ 34302-101,train
텐셔너베어링 DJ 34302-102,test
텐셔너베어링 DJ 34302-103,train
텐셔너베어링 DJ 34302-104,test
텐셔너베어링 DJ 34302-105,train
텐셔너베어링 DJ 34302-106,train
텐셔너베어링 DJ 34302-107,train
텐셔너베어링 DJ 34302-108,test
텐셔너베어링 DJ 34302-109,train
텐셔너베어링 DJ 34302-110,train
텐셔너베어링 DJ 34302-111,train
텐셔너베어링 DJ 34302-112,train
텐셔너베어링 DJ 34302-113,train
텐셔너베어링 DJ 34302-114,train
텐셔너베어링 DJ 34302-115,train
텐셔너베어링 DJ 34302-116,test
텐셔너베어링 DJ 34302-117,test
텐셔너베어링 DJ 34302-118,train
텐셔너베어링 DJ 34302-119,train
텐셔너베어링 DJ 34302-12,train
텐셔너베어링 DJ 34302-120,train
텐셔너베어링 DJ 34302-122,test
텐셔너베어링 DJ 34302-123,train
텐셔너베어링 DJ 34302-13,train
텐셔너베어링 DJ 34302-131,train
텐셔너베어링 DJ 34302-132,train
텐셔너베어링 DJ 34302-133,train
텐셔너베어링 DJ 34302-134,train
텐셔너베어링 DJ 34302-14,train
텐셔너베어링 DJ 34302-15,train
텐셔너베어링 DJ 34302-16,train
텐셔너베어링 DJ 34302-2,train
텐셔너베어링 DJ 34302-21,train
텐셔너베어링 DJ 34302-22,train
텐셔너베어링 DJ 34302-23,train
텐셔너베어링 DJ 34302-24,train
텐셔너베어링 DJ 34302-25,train
텐셔너베어링 DJ 34302-26,train
텐셔너베어링 DJ 34302-27,train
텐셔너베어링 DJ 34302-28,train
텐셔너베어링 DJ 34302-3,train
텐셔너베어링 DJ 34302-30,train
텐셔너베어링 DJ 34302-32,train
텐셔너베어링 DJ 34302-33,train
텐셔너베어링 DJ 34302-34,train
텐셔너베어링 DJ 34302-35,test
텐셔너베어링 DJ 34302-36,train
텐셔너베어링 DJ 34302-37,train
텐셔너베어링 DJ 34302-39,train
텐셔너베어링 DJ 34302-4,train
텐셔너베어링 DJ 34302-41,train
텐셔너베어링 DJ 34302-43,train
텐셔너베어링 DJ 34302-44,test
텐셔너베어링 DJ 34302-49,test
텐셔너베어링 DJ 34302-5,train
텐셔너베어링 DJ 34302-50,train
텐셔너베어링 DJ 34302-51,train
텐셔너베어링 DJ 34302-52,train
텐셔너베어링 DJ 34302-53,test
텐셔너베어링 DJ 34302-54,train
텐셔너베어링 DJ 34302-55,train
텐셔너베어링 DJ 34302-57,train
텐셔너베어링 DJ 34302-58,train
텐셔너베어링 DJ 34302-59,train
텐셔너베어링 DJ 34302-60,train
텐셔너베어링 DJ 34302-605,train
텐셔너베어링 DJ 34302-61,test
텐셔너베어링 DJ 34302-62,train
텐셔너베어링 DJ 34302-63,train
텐셔너베어링 DJ 34302-64,train
텐셔너베어링 DJ 34302-65,train
텐셔너베어링 DJ 34302-66,train
텐셔너베어링 DJ 34302-67,test
텐셔너베어링 DJ 34302-68,train
텐셔너베어링 DJ 34302-69,train
텐셔너베어링 DJ 34302-7,test
텐셔너베어링 DJ 34302-71,train
텐셔너베어링 DJ 34302-72,train
"텐셔너베어링 DJ 34302-73 ,",train
텐셔너베어링 DJ 34302-74,train
텐셔너베어링 DJ 34302-75,train
텐셔너베어링 DJ 34302-76,train
텐셔너베어링 DJ 34302-77,train
텐셔너베어링 DJ 34302-78,test
텐셔너베어링 DJ 34302-79,train
텐셔너베어링 DJ 34302-8,train
텐셔너베어링 DJ 34302-80,train
텐셔너베어링 DJ 34302-81,train
텐셔너베어링 DJ 34302-82,test
텐셔너베어링 DJ 34302-83,train
텐셔너베어링 DJ 34302-84,test
텐셔너베어링 DJ 34302-85,train
텐셔너베어링 DJ 34302-86,train
텐셔너베어링 DJ 34302-87,train
텐셔너베어링 DJ 34302-89,train
텐셔너베어링 DJ 34302-91,train
텐셔너베어링 DJ 34302-92,train
텐셔너베어링 DJ 34302-93,test
텐셔너베어링 DJ 34302-94,test
텐셔너베어링 DJ 34302-95,test
텐셔너베어링 DJ 34302-97,test
텐셔너베어링 DJ 34302-98,test
텐셔너베어링 DJ 34302-99,train
텐셔너베어링 DJ34302-121,train
텐션베어링,train
"텐션베어링 NF,YF,K5",train
텐션스프링 BBR 0011026768,test
텐션스프링 BBR 0011030271,train
템퍼풀리,train
토스카 (A/T),train
토스카 A/T(삼성) 96887352공,train
토스카 L6 2.5 SET 6PK1835,train
토스카 가솔린 A/C,train
토스카 전 브레이크,train
토스카 후 브레이크,train
"토스카,매그너스 L6 2.0 SET",train
토요타 뒤패드,train
토요타 뒤패드 X,train
토요타 뒤패드 캠리,test
토요타 뒤패드 하이랜더,train
토요타 앞패드,train
토요타 앞패드/렉서스IS250,train
토요타 앞패드/렉서스LS460,train
토요타 앞패드/렉서스RX330,train
투리스모(디젤)드라이유(GP045),train
"투리스모, 코란도C 스포츠",train
투스카니,train
투싼 (2015~) R/DISC,test
"투싼 (2015~), 스포티지(2016~) EPB타입 R/DISC",test
투싼 (구)27301-2E000,train
"투싼 2021 & 하이브리드, 스포티지(2022) & 하이브리드, K8 & 하이브리드 후디스크",test
"투싼 2021 & 하이브리드, 스포티지(2022) & 하이브리드, K8 전디스크",train
"투싼 IX 2.0,2.4 가솔린 A/C",test
투싼 IX A/C,train
투싼 IX 스포티지R 디젤(두원),train
투싼 NX 4 전쇼바 LH,train
투싼 NX 4 전쇼바 RH,train
투싼 NX 4 후쇼바,train
투싼 R/DRUM,train
투싼 디젤 A/T (한온),train
투싼 디젤 A/T 물캡뚜껑이X타입,train
투싼 디젤 A/T(2E710),train
투싼 릴리스베어링,train
투싼 신형 A/T (두원),test
투싼 팽창밸브 (두원),train
투싼 후 LH (GAS) 대영,train
투싼 후 RH (GAS) 대영,train
투싼(15/18년) 용 / 경주,train
투싼(LM) DSL 디젤,train
투싼(LM) DSL(두원) 디젤,train
"투싼,뉴스포티지",test
"투싼,뉴스포티지 (1F251/262)",train
"투싼,뉴스포티지 A/C(D공용)",train
"투싼,뉴스포티지 디젤 (외장형)",test
"투싼,뉴스포티지 전 LH (대영)",train
"투싼,뉴스포티지 전 RH (대영)",test
"투싼,뉴스포티지(가솔린)",train
"투싼,뉴스포티지(두원)1F250H",train
"투싼,뉴스포티지가솔린 (내장형)",train
"투싼,뉴스포티지가솔린 (외장형)",train
투싼IX 디젤 2.0 A/T (두원),train
투싼ix 가솔린 (A/T),train
투싼ix 가솔린 (A/T) -(삼성),train
투싼ix 디젤 2.0 (M/T),train
투싼ix 후 2WD(대영),test
투싼ix 후 4WD(대영),train
투싼ix(스포r)전 LH(GAS)대영,train
투싼ix(스포r)전 RH(GAS)대영,train
"투싼ix, 뉴스포티지 가솔린 A/C",train
"투싼ix, 뉴스포티지 디젤 A/C",train
"투싼ix, 스포티지R 가솔린 A/C",train
"투싼ix, 스포티지R 디젤 A/C",test
"투싼ix,스포티지R 디젤2.0 (A/T)",train
튜브,test
튜브-쿨런트,train
튜브어셈블리,train
트라고 25.5톤 후드럼 (H10),train
트라고 엑시언트 R/DRUM (15),train
트라고 트랙터 2축,train
트라제 XG (A/T),train
"트라제,싼타페(15인치),투싼,투싼ix(4wd) 브레이크",test
트라제/XG/TG/오피러스 브레이크,train
트라제XG (2P) A/C,train
트라제XG 전 LH (GAS)대영,train
트라제XG 전 RH (GAS)대영,train
트라제XG 후 (GAS)대영,train
"트라제XG,뉴EF(2P)(H)",train
트라제XG/산타페 15인치 브레이크,train
트라제XG써머스타트2.7(64/82 C),train
트라젯 XG (AT),train
트랙스,train
트랙스 1.4 가솔린(SCC),train
"트럭(4.5톤,5톤/EG) KK엔진 용 / 경주",train
"트럭(4.5톤,5톤/EG), 메가(235HP) 용 / 경주",test
트럭(5톤/메가-08년) 용 / 경주,train
트렁크 도어락,train
트렁크 락,test
트렁크 리드 버튼,train
트렁크 쇼바,test
트렁크락,train
트렁크리드로크,train
트렁크쇼,test
트렁크쇼바,train
트렁크쇼바 우,train
트렁크쇼바 좌,train
트렁크스위치,train
트레버스 전디스크,test
트레일러 로베드-SP(H8) DRUM 22,test
트레일러 로베드-SP(H8) 신형 DRUM 24,train
트레일러 로베드-STD(H8) DRUM 24,train
트레일러-SW285 엑슬 후드럼 (진도 H8),train
트레일러-SW335 엑슬 후드럼 (진도 H10),test
트레일러-욕크 엑슬 후드럼 (요크 H10),train
트레일블레이져,train
트윈 스포일러(530/500),train
트윈 스포일러(530/530),train
트윈 스포일러(550/550),train
트윈 스포일러(640),train
트윈 스포일러(650/550) 539,train
트윈 스포일러(680/680),test
티볼리 가열플러그,train
"티볼리 디젤, 가솔린 A/T",train
"티볼리 디젤,가솔린 A/C",train
티볼리 아이들(SIB-P026),train
티볼리 아이들(SIB-P027),train
티볼리 전디스크,train
티볼리 전쇼바 LH,train
티볼리 전쇼바 RH,train
티볼리 후 2륜 후 디스크,train
티지그렌져 2.7 후디스크,train
"티코,다마스 브레이크",train
"티코,마티즈 릴리스베어링",train
"티코,마티즈,텐션베어링",test
"파비스2019 전디스크 4X2, 6X2",train
"파비스2019 후디스크 4X2, 6X2",train
파이프 어셈블리-에어,train
파이프 유니언,train
파이프-아웃렛,test
판매중지(뉴그랜저용으로 보임),train
패드 세트-리어 브레이크,test
패드세트-프런트브레이크,train
패드센서,train
패드센서 0005400217,train
패드센서 1645401017,train
패드센서 1695401617,train
패드센서 1715400617,train
패드센서 34216890792,train
패드센서 34351163065,train
패드센서 34351163066,train
패드센서 34351164371,train
패드센서 34351164372,train
패드센서 34351182064,train
패드센서 34351182065,train
패드센서 34351543830,train
패드센서 34353411756,train
패드센서 34353411757,test
패드센서 34356751311,train
패드센서 34356755266,train
패드센서 34356755267,train
패드센서 34356759917,train
패드센서 34356759918,train
패드센서 34356762252,train
패드센서 34356762253,train
패드센서 34356771766,train
패드센서 34356773018,test
패드센서 34356775850,train
패드센서 34356775858,test
패드센서 34356778175,train
패드센서 34356789329,train
패드센서 34356789501,train
패드센서 34356790303,train
패드센서 34356790304,train
패드센서 34356791958,train
패드센서 34356791960,train
패드센서 34356791961,train
패드센서 34356791962,train
패드센서 34356792289,train
패드센서 34356792292,train
패드센서 34356792559,test
패드센서 34356792560,train
패드센서 34356792561,train
패드센서 34356792564,test
패드센서 34356792565,train
패드센서 34356792567,test
패드센서 34356792572,train
패드센서 34356792573,train
패드센서 34356799735,test
패드센서 34356860181,test
패드센서 34356861807,train
패드센서 34356861808,train
패드센서 34356865612,train
패드센서 34356870350,train
패드센서 34356870351,train
패드센서 34356870352,train
패드센서 34356870353,train
패드센서 34356870354,train
패드센서 34356880543,train
패드센서 34359804833,train
패드센서 34359804834,train
패드센서 4777050050,train
패드센서 4777050070,test
패드센서 4777050080,train
패드센서 4779050040,train
패드센서 4G0615121,train
패드센서 4G0615121C,train
패드센서 4G0615121D,train
패드센서 4G0615121E,train
패드센서 4M0615121P,train
패드센서 4M0615121R,test
패드센서 7001110,test
패드센서 7L0907637,train
패드센서 7L0907637C,train
패드센서 7P0907637,test
패드센서 7P0907637A,train
패드센서 7P0907637C,train
패드센서 8V0615437,train
패드센서 8W0615121E,test
패드센서 8W0615121H,train
패드센서 9065401417,test
패드센서 95B907253,train
패드센서 98160916300,train
패드센서 99160916100,train
패드센서 99160918100,train
패드센서 C2D2976,train
패드센서 C2P12722,test
패드센서 C2P17004,train
패드센서 C2Z16061,train
패드센서 LR012824,train
패드센서 LR033275,train
패드센서 LR033295,train
패드센서 LR045959,train
패드센서 LR061365,train
패드센서 LR072017,train
패드센서 LR072544,test
패드센서 LR084048,test
패드센서 LR084071,train
패드센서 LR092060,train
패드센서 SEM000024,test
패드센서 SEM500070,train
패드센서 SEM500080,train
패드센서 SOE000025,train
패드센서 SOE500030,train
패드센서 T2H2091,train
패드센서 T2H2092,train
패드센서 T2H23971,train
패드센서 T4A13370,test
패드센서 정품,test
팬,train
팬-플로어 스플래쉬 쉴드,test
펌프-워터,train
펌프-워터 GK,train
펌프-워터(단품),train
펠리세이드 전쇼바 LH,test
펠리세이드 전쇼바 RH,train
펠리세이드 후쇼바,train
펠리세이드(1234yf)DSL A/C,train
펠리세이드2019 후디스크 17인치,test
포드 뒤패드,train
포드 앞패드,test
포드 앞패드 X,train
포르쉐 뒤패드,train
포르쉐 앞패드,train
포르테 1M020,train
포르테 1M020 (두원),test
포르테 A/C,train
포르테 A/C (GAC),train
포르테 가솔린 (A/T) 1M350공용,test
포르테 가솔린 A/C,test
포르테 가솔린 A/T,train
포르테 가솔린 A/T(두원)1M300공,train
포르테 가솔린 AT (두원),train
포르테 전 쇼바 LH (GAS)대영,test
포르테 전 쇼바 RH (GAS)대영,train
포르테 후(GAS) 대영,train
포르테(ABS) 후디스크,train
"포르테, 소울(2008), 올뉴프라이드(2012)",train
"포르테, 쏘울 브레이크",train
포타(96) 드럼(후),test
포타(96) 브레이크,train
포타1.25T 브레이크,train
포터 (96),train
포터 (구) 대,train
포터 (구) 소,train
포터 96~98MY A/C,test
포터 릴리스 베어링(만도타입),train
포터 써머스타트(54/82 C) T1,train
포터 텐션베어링( ),train
"포터,그레이스 릴리스베어링",train
"포터,그레이스 쌍풀리 SET T2",test
"포터,그레이스(구형) 타이밍 KIT",train
"포터,그레이스외풀리SET(구포터)",train
"포터,스타렉스,테라칸2.5 텐션",train
"포터2 (A-ENG)4F200,4F210-(삼성",train
포터2 4WD 디젤 (M/T),train
"포터2 6단 133PH,12년식 (A/T)",train
포터2 A/C,train
포터2 A/C (4F101공용),test
포터2 A/C 4F100공용,test
포터2 A/C Assy (4F150/100/공),train
포터2 A/C(4F101공용),train
"포터2 A2-eng,12년식 (A/T)",train
포터2 CRDI,train
포터2 CRDI (A/T) 4F150,train
포터2 CRDI (M/T)(4F120 공용),train
포터2 CRDI (M/T)(한온제품),train
포터2 CRDI(04/17/20년) 용 / 경주,test
포터2 EV A/C,train
포터2 TCI (04/17/20년) 용 / 경주,train
포터2 인터쿨러 (쌍) TCI (디젤),train
포터2 전 쇼바 (GAS) 대영,test
포터2 커먼레일 7PK2208,test
포터2 터보 4D56 (M/T)200/210,train
포터2 텐셔너 어셈블리(게이츠),test
"포터2 특장 2006~ 4륜덤프, 포터2 2016~ 후 드럼",train
포터2 팽창벨브,train
포터2 풀리 아이들러,train
포터2 풀리-드라이브 벨트,train
포터2 후 쇼바 (GAS)대영,train
포터2 후 쇼바 (OIL)대영,train
포터2/ 봉고3 6단 신형,train
포터2/ 봉고3(16-22) 6단 신형 용 / 경주,train
포터2/봉고3 6단 133마력,train
포터2/봉고3(06~16') 용 / 인니,test
포텐샤 3.0 SET (PK 벨트),train
포텐샤 3.0 SET (V벨트),train
포텐샤 브레이크,train
포텐샤2.0 27301-PTN01,train
폭스바겐 뒤패드,train
폭스바겐 뒤패드(센서포함),train
폭스바겐 앞패드,train
폭스바겐 앞패드(센서포함),train
푸조 뒤패드,train
푸조 앞패드,train
푸조 앞패드(센서포함),test
풀리-크랭크샤프트,test
프라이드 R/DRUM,test
프라이드 브레이크,test
프라이드 써머스타트(52/82 C),train
"프라이드(11~14'), 엑센트(11~15') 용 / 인니",train
"프라이드,세피아, 릴리스베어링",train
"프라이드,아벨라 텐션베어링",train
프런티어 / 하이베스타,train
프런티어 전 쇼바(1톤) 대영사,train
프런티어후쇼바(OIL)(L/R)공용,train
프레지오 브레이크,train
프레지오 전쇼바 (GAS),train
프레지오 후 쇼바 (COACH) 짧음,train
프레지오 후 쇼바 (밴) 대영사,test
프레지오/봉고3 브레이크,train
프로펠라 샤프트,train
프로펠러 샤프트,train
프론티어 (4WD) F/DISC,train
프론티어 1.4톤 (삼성),train
프론티어 1톤 A/C (동환),test
프론티어 1톤 후 드럼,train
"프론티어 1톤,1.4톤 SET",test
프론티어 4륜 전 쇼바(4X4),train
프론티어 4륜 후 쇼바(4X4),train
"프론티어 전쇼바(1.3,1.4/2.5톤)",train
"프론티어 후 쇼바(1.3,1.4)",train
프론티어(4X4) M/T (삼성),train
프론티어(신형) (ABS) 브레이크,train
"프론티어1.3t/1.4t, 봉고3 1.4톤 (2020) 전디스크",test
"프론티어1.3톤,1.4톤/와이드로 브레이크",train
프리랜더2.0TD4 01~06(150A),train
프리랜더2.2TD 06~15(2.0KW),train
프릭션휠 APV3628(DAYCO),train
프린스 SO(3),train
프린스 브레이크,test
"프린스,레간자 DO 텐션 (대)",train
"프린스,레조,레간자, SO텐션",train
플래시블 조인트,train
플래시블 커플링,train
플랙시블 조인트,train
플랜지,train
플랜치,train
"플랫(에어로트윈) 와이퍼350/14""",train
"플랫(에어로트윈) 와이퍼400/16""",train
"플랫(에어로트윈) 와이퍼450/18""",train
"플랫(에어로트윈) 와이퍼500/20""",train
"플랫(에어로트윈) 와이퍼550/22""",train
"플랫(에어로트윈) 와이퍼600/24""",train
"플랫(에어로트윈) 와이퍼650/26""",train
플러그 0242129529,train
플러그 마티즈~올뉴마티즈,test
"플러그 매그너스2.0,레간자DO",train
플러그 보쉬 0242240635,train
플러그 시빅 2.0 가솔린 06~,train
플러그 시빅 2.0 가솔린 06~11,train
플러그 알페온 3.0,train
"플러그 에스페로,프린스,브로엄",train
"플러그 트랙스,아베오1.4 터보",train
"플러그 포텐샤,엔터프라이즈",train
플러그 홀 가스켓,train
플러그파이프,train
플러그홀가스켓,test
플런지플러그,train
플레시볼 조인트,train
플렉서블 조인트,train
플렉스 조인트,train
플렉시볼조인트,train
플렉시블 조인트,test
플렉시블 커플링,train
피아트 뒤패드,train
피아트 앞패드,train
핀,train
필립스 전구,train
필터,train
필터 캡,train
필터-에코 오일,train
필터-연료,train
하라바호스,train
하우징,test
하우징-서모스탯,train
하우징-트랜스미션 필터,train
하우징-휠 베어링 리어 우측,train
하우징-휠 베어링 프런트(좌),train
"하이베스타,프론티어(구) 브레이크",test
"하이브리드 와이퍼350mm/14""",train
"하이브리드 와이퍼400mm/16""",train
"하이브리드 와이퍼450mm/18""",test
"하이브리드 와이퍼500mm/20""",test
"하이브리드 와이퍼550mm/22""",test
"하이브리드 와이퍼600mm/24""",train
"하이브리드 와이퍼650mm/26""",train
한온콤프 AD1.6 가솔린,test
한온콤프 YF 가솔린,train
한온콤프 YF(6단) 가솔린,train
한온콤프 그랜드스타렉스 12인승,train
한온콤프 뉴싼타페 F/L 디젤,train
한온콤프 레이,train
한온콤프 레이 가솔린,train
한온콤프 메가트럭 07.10~16.02,test
한온콤프 모닝 11MY 가솔린,train
한온콤프 봉고3 2.9 1.4톤 06~11,test
한온콤프 쏘울 감마엔진,test
한온콤프 올뉴카니발2.2 15MY,train
한온콤프 포터2 12MY,train
항균 필터,train
항균 필터 CTS 15~,train
항균 필터 활성탄 A6 11~,train
항균 필터 활성탄 JUKE 10~,train
항균필터,test
항균필터 (활성탄) 500 1.4 07~,test
항균필터 (활성탄)328i(14-17),train
항균필터 (활성탄)X3 04~10,train
항균필터 05013595AB,train
항균필터 1315686,train
항균필터 2008 13~,train
항균필터 206 98~,train
항균필터 22808781,train
항균필터 272472Y000,test
항균필터 300 11~17,train
항균필터 3008 06~,test
항균필터 300C 04~10,train
항균필터 30662349,train
항균필터 308 07~,test
항균필터 308 13~,train
항균필터 328i 07~13,train
항균필터 370Z 13~,test
항균필터 370Z(13~),train
항균필터 3SERIES(E90)M3 07~,train
항균필터 407 04~,train
항균필터 407SW (6E) 04~,test
항균필터 4E0819439A,train
항균필터 500 1.4 08~11,train
항균필터 500 1.4 11~17,test
항균필터 508 1.6~2.2 HDI 10~,train
항균필터 508 1.6~2.2HDI 10~,test
항균필터 52485513,train
항균필터 528i 12-16,train
항균필터 530i 01~03,test
항균필터 530i 04~07,test
항균필터 5SERIES 16~,train
항균필터 5시리즈 23~,train
항균필터 607 (9D/9U) 00~,train
항균필터 64111393489,train
항균필터 64116996200,test
항균필터 64316946628,train
항균필터 64319127516,train
항균필터 68033193AA,train
항균필터 68164981AA,train
항균필터 68223044AA,train
항균필터 68318365AA,train
항균필터 718 Cayman (982C) 16~,train
항균필터 725~740D 96~01,train
항균필터 745i 01~08,train
항균필터 80290SDAA01,train
항균필터 80291S84A01,train
항균필터 807 06~,train
항균필터 8KD819441,train
항균필터 9-3 1.8~2.8 02,train
항균필터 9-5 00~07,train
항균필터 911 97~12,train
항균필터 91712968,train
항균필터 A CLASS 04~12,train
항균필터 A3 12~,train
항균필터 A3 2.0 TDI 03~,test
항균필터 A3 96-03,train
항균필터 A4 02-08,test
항균필터 A4 2.0 TDI 07~,train
항균필터 A6 (4B2/C5) 97~05,train
항균필터 A6 04~11,train
항균필터 A6 2.0 18~,train
항균필터 A8 (4D2) 94~02,train
항균필터 ACCORD 2.4 03~,train
항균필터 ACCORD 98~02,train
항균필터 ALTIMA 13~,train
항균필터 AMG 65 15~,test
항균필터 BMW 3 18~,train
항균필터 C CLASS 03~05,train
항균필터 C CLASS 94~10,test
항균필터 C-CLASS(W204) 07~14,train
항균필터 C-CLASS(W206) 21~,train
항균필터 C200 KOMP 02~09,test
항균필터 CAMARO 10~13,train
항균필터 CAMARO(10~13),train
항균필터 CAMARO(10~13)X,train
항균필터 CAMMRY 02~06,train
항균필터 CAMMRY(02~06),train
항균필터 CAMRY 07-17,train
항균필터 CHEROKEE 14~,train
항균필터 CLA 13~,train
항균필터 CLA 19~,train
항균필터 COMPASS 07~,train
항균필터 COOPER 1.5 07~15,train
항균필터 COOPER 1.6 02-08,test
항균필터 COOPER 1.6 02~08,train
항균필터 CR~V 02~06,train
항균필터 CUBE 1.4,train
항균필터 CUBE 1.8 10~,train
항균필터 Clubman2.0(F54) 15~,train
항균필터 Cruiser 01~10,train
항균필터 DTS4.6 06~11,test
항균필터 DiscoverySport 20~,train
항균필터 E CLASS 16~,test
항균필터 E-CLASS(W124)(93~97)X,train
항균필터 E-CLASS(W211) 05~09,train
항균필터 E350 06~11,train
항균필터 ES350 19~,train
항균필터 ESCALADE 00~02,train
항균필터 ESCAPE 01~04,test
항균필터 ESCAPE 07~12,train
항균필터 Escalade 6.2 15~20,train
항균필터 Explorer 2.3 20~,train
항균필터 F-TYPE 12~,test
항균필터 F150 15~,train
항균필터 FOCUS 04~,train
항균필터 FORESTER 09~,train
항균필터 FORTWO 07~17,train
항균필터 FREELANDER 98~,train
항균필터 FUSION 10~12,train
항균필터 FUSION 2.0 17~,train
항균필터 G CHEROKEE 11~,train
항균필터 G37 08~13,test
항균필터 G550 09~13,train
항균필터 GL 시리즈 12~,train
항균필터 GRANDCHEROKEE(99~10)X,train
항균필터 GS300 01~05,train
항균필터 Ghibli 3.0 13~,test
항균필터 HUMMER H2 6.0 03~07,train
항균필터 INSIGHT 10~,test
항균필터 IS250 13~,train
항균필터 LS 00~02 X,train
항균필터 LS460 07~08,train
항균필터 LS500 3.5 18~,train
항균필터 Lancer2.0 02~07,train
항균필터 M-CLASS 03~05,train
항균필터 M37/M56 11~,train
항균필터 MKS 08~11,train
항균필터 MONDEO 00~07,test
항균필터 MONDEO 2.0 14~,train
항균필터 MUSTANG 15~17,test
항균필터 PANAMERA 11~,test
항균필터 PHAETON 3.0 11~,train
항균필터 POLO 1.0~2.0 09~,test
항균필터 PRIUS 00~04,test
항균필터 Panamera (971) 17~,train
항균필터 Q4 E-TRON 21~,train
항균필터 Q7 06~,train
항균필터 RANGER 20~,train
항균필터 RANGEROVER 05~13,train
항균필터 ROGUE 07~11,train
항균필터 RX300 99~05,train
항균필터 RX300 99~05 X,train
항균필터 RX330 04~06,train
항균필터 S-CLASS (W140) 91~98,test
항균필터 S-CLASS 07-13,train
항균필터 S-CLASS(W220)02~05,train
항균필터 S-TYPE 02~,train
항균필터 S500 00~06,test
항균필터 S550 15~,train
항균필터 S60 01~14,test
항균필터 S60 15~17,train
항균필터 SLK 04~11,train
항균필터 SRX 10~16,train
항균필터 Sprinter (W906) 09~18,test
항균필터 TAURUS (05~08),test
항균필터 TAURUS (05~08)X,train
항균필터 TAURUS 10~,train
항균필터 TUAREG 10~,train
항균필터 V40 2.0 D4 14~,train
항균필터 VOYAGER 01~06,train
항균필터 Versa 1.8 07~12,train
항균필터 WRANGLER 2.8 11~14,train
항균필터 WRANGLER 2.8L 11~14,test
항균필터 X1 22~,test
항균필터 X3 04~10,train
항균필터 X3 10~14,train
항균필터 X3 12~,train
항균필터 X5 00~06,train
항균필터 X5 07~17,test
항균필터 X5 10~,train
항균필터 XC40 2.0 T4 19~20,test
항균필터 XC90 14~,train
항균필터 XJ 03~,train
항균필터 Z4 3.0 03~16,train
항균필터 디펜더 19~,train
항균필터 랭글러 17~,train
항균필터 레니게이드 2.4 15~17,test
항균필터 모델S 12~16,train
항균필터 모델S 16.04~21.01,train
항균필터 무스탕 05~14,test
항균필터 일반 C CLASS 94~10,test
항균필터 체로키 11~,test
항균필터 체로키 19~,train
항균필터 캐딜락 CTS 05~11,train
항균필터 캐시카이 1.2~2.0 14~,train
항균필터 콰트로 포르테4.7 08~,train
항균필터 프리우스1.8 15~,train
항균필터 활성탄 206 98~X,train
항균필터 활성탄 320i(G20) 18~,train
항균필터 활성탄 320i(G20) 18~X,train
항균필터 활성탄 328i 07~13,train
항균필터 활성탄 3SERIES ~99 X,train
항균필터 활성탄 3SERIES(E90),train
항균필터 활성탄 4007 07~X,test
항균필터 활성탄 407 04~X,train
항균필터 활성탄 407 SW(6E),test
항균필터 활성탄 407 SW(6E)X,train
항균필터 활성탄 528i 12-16,train
항균필터 활성탄 530i(04-07),train
항균필터 활성탄 607(9D/9U),train
항균필터 활성탄 7SERIES(E65),train
항균필터 활성탄 807(02~) X,train
항균필터 활성탄 9-3 1.8~2.8 02,train
항균필터 활성탄 9-3 1.8~2.8 X,test
항균필터 활성탄 9-5(YS3E),test
항균필터 활성탄 911 97~12 X,train
항균필터 활성탄 A CLASS 04~12,train
항균필터 활성탄 A-ClASS(W168),train
항균필터 활성탄 A4 02~08X,train
항균필터 활성탄 A4 2.0TDI 07~,train
항균필터 활성탄 A4(8D)(95~01)X,train
항균필터 활성탄 A8 02~10,train
항균필터 활성탄 ALTIMA(13~)X,train
항균필터 활성탄 AVENSIS II,train
항균필터 활성탄 C CLASS94~10X,test
항균필터 활성탄 C-ClASS,train
항균필터 활성탄 Cruiser01~10X,test
항균필터 활성탄 E CLASS 16~,train
항균필터 활성탄 E CLASS 16~ X,train
항균필터 활성탄 ESCAPE 01~04,test
항균필터 활성탄 ESCAPE(07~12),train
항균필터 활성탄 F-TYPE 12~X,train
항균필터 활성탄 FOCUS 04~X,train
항균필터 활성탄 FUSION 10~12,test
항균필터 활성탄 FUSION 2.0 17~,train
항균필터 활성탄 G35 02~08,train
항균필터 활성탄 G550 09~13,test
항균필터 활성탄 GS300 01~05,train
항균필터 활성탄 INSIGHT 10~X,train
항균필터 활성탄 LIBERTY 08~11,train
항균필터 활성탄 M-CLASS(-05)X,test
항균필터 활성탄 M37/M56(11~),train
항균필터 활성탄 MKS 08~11,train
항균필터 활성탄 MODEL 3 (17~),train
항균필터 활성탄 MODEL S (12~),train
항균필터 활성탄 MODEL S [16~],test
항균필터 활성탄 MONDEO 00~07,train
항균필터 활성탄 MONDEO 07~X,train
항균필터 활성탄 MONDEO2.0 14~,train
항균필터 활성탄 RANGEROVER X,train
항균필터 활성탄 ROGUE(07~11),train
항균필터 활성탄 S-CLASS(W220),train
항균필터 활성탄 S-TYPE(02~)X,train
항균필터 활성탄 S500 00~06X,train
항균필터 활성탄 S550 15~,train
항균필터 활성탄 S60 01~14,train
항균필터 활성탄 SRX 10~16,train
항균필터 활성탄 TAURUS(10~),train
항균필터 활성탄 TAURUS(10~) X,train
항균필터 활성탄 TUAREG 10~,train
항균필터 활성탄 TUAREG 10~ X,train
항균필터 활성탄 V40 2.0D4 14~,train
항균필터 활성탄 X1(F48)18d 15~,train
항균필터 활성탄 X3 12~,train
항균필터 활성탄 X5 00~06,train
항균필터 활성탄 X5(E70),train
항균필터 활성탄 XC90 14~,train
항균필터 활성탄 XJ(03~),test
항균필터 활성탄 XJ(03~) X,train
항균필터 활성탄 Z4 3.0 03~16,train
항균필터 활성탄 랭글러 17~ X,train
항균필터 활성탄 체로키 19~X,train
항균필터 활성탄 캐딜락CTS05~11,train
항균필터 활성탄 프리랜더 98~ X,train
항균필터 활성탄 프리우스1.8 15,train
항균필터 활성탄 프리우스1.8 X,train
항균필터 활성탄COBALT 05~10 X,train
항균필터 활성탄DTS4.6 06~11,test
항균필터 활성탄FORTWO 07~17,train
항균필터 활성탄FORTWO 97~07,train
항균필터 활성탄VOYAGER 01~06X,train
항균필터(활성탄) 3008(06~),train
항균필터(활성탄) A6 2.0 18~,train
항균필터(활성탄) CHEROKEE 14~,train
항균필터(활성탄) F-150 15~,train
항균필터E-CLASS(W211)(05~09),train
항균필터S -CLASS(W140)(91-98)X,test
향균필터,test
향균필터 (활성탄)AMG65 15~,train
향균필터 MUSTANG 15~17,train
향균필터 포터2,train
향균필터 활성탄 S550 15~X,train
향균필터 활성탄 X1 15~,test
허브,test
허브 서브 어셈블리-프론트 우측,train
허브 앗세이 뒤 좌/우,train
허브베아링수리킷,test
허브베어랑,train
허브베어링,train
허브베어링 후 좌/우,train
허브베어링 후 좌우공,test
헤드 램프 컨트롤 우,train
헤드가스켓,test
헤드라이트 드라이버 모듈,test
헤드커버,train
헤드커버 가스켓,train
헤드커버가스켓 ELRING,train
현대 15톤(91A) 전드럼,train
현대 15톤(91A) 후드럼,test
현대 24톤 구형 24pie 전드럼,train
현대 24톤 구형 27pie 전드럼 (10H),train
현대 24톤 구형 후드럼 (10H),train
현대 24톤 신형 전드럼 (H10),train
현대 24톤 신형 후드럼(H10),test
현대 24톤 파워텍 전드럼(H10),train
현대 24톤 파워텍 후드럼(H10),train
현대 3.5톤(마이티3.5)마이티2,train
현대 540 ABS 전드럼,test
현대 540 ABS 후드럼,test
현대 540 전드럼,train
현대 540 최신형 후드럼,train
현대 5톤 225마력 전드럼(H6),train
현대 5톤 전드럼(H6),train
현대 5톤 후드럼(H6),test
현대 EG 전드럼(H10/7D5),train
현대 EG 전드럼(H10/870)-16톤,train
현대 EG 후드럼 27pie( H10),train
현대 EG 후드럼(H10) Hole size 24pie (H10),train
현대 EG 후드럼(H8),train
현대 EG5톤 풀에어 전드럼(H8),train
현대 EG5톤 풀에어 후드럼(H8),train
현대 뉴 슈퍼 에어로시티 전 드럼,test
현대 뉴 슈퍼 에어로시티 후 드럼,train
현대 뉴 엑셀/포니 R/DRUM,train
현대 메가 5톤(YBM2046),train
현대 메가트럭 전드럼(H8),train
현대 메가트럭 후드럼(H8),train
"현대 쏠라티 전,후 센서",train
"현대 아토스, 비스토 R/DRUM",test
현대 에어로타운 전드럼(H6),train
현대 에어로타운 후드럼(H6),train
현대 올뉴마이티 15년식 3.5톤 (H6) 후 드럼,train
현대 이마이티/이에어로시티 전 디스크,train
현대 이마이티/카운티 (H10) 전 디스크,train
현대 이온,train
현대 이카운티 08EM(H6) R/DRUM,train
현대 이카운티 2.5톤 08EM(H6) 후 드럼,train
현대 이카운티(H5) 전 드럼,train
현대 클릭 R/DRUM,train
현대 트라고 후드럼(H10),train
현대 트라고/유니버스 ZF타입 전 디스크,test
현대 트라고/유니버스 전드럼(H10),train
현대 포터2/포터2 특장 (H5) 후 드럼,train
현대(EG)5톤 225마력 KK엔진,train
현대(대형)엑시언트 A/C,train
현대3.5톤/파맥스3.5톤 드럼(전/후),train
"현대4.5,5톤 슈퍼(D6BR)(삼성",test
현대5톤 가스켓,test
현대5톤 구형 SET(쌍),train
현대5톤 최신형 (서브)701/2,train
현대5톤 최신형 서브A/C (만도),train
"현대5톤,라이노 마꾸라조인트",train
현대5톤/에어로타운(82/82 C),train
현대차종써머가스켓트,train
형상 다름 출고금지,train
호스 BBR,train
호스 BBR제품,test
호스 GATES 052591,test
호스 VAICO,train
호스-벤트,train
호스-브리더,train
호스-워터,train
혼다 뒤패드,train
혼다 앞패드,test
혼다 앞패드 CR-V,train
홀가스켓,train
환기라인,train
활대 부싱 앞좌우,train
활대링크,train
활대링크 FR RH LH,train
활대링크 뒤우,train
활대링크 뒤좌,train
활대링크 뒤좌우,test
활대링크 앞 좌우,train
활대링크 앞우,train
활대링크 앞좌,train
활대링크 앞좌우,train
활대부싱 좌,train
활대조립,train
후 도어엑추에이터 RH,test
후 로어암 LH,train
후 로워암 RH,train
후 쇼바 스프링,train
후 쇼바마운트 좌우공용,test
후 쇼버,train
후 스트럿,train
후 스트럿 BENZ,train
후 스프링,train
후 에어스프링,train
후 재제조 캘리퍼,train
후 좌 재제조 캘리,train
후 챔버링크,train
후 캘리퍼 우 재제조,train
후 캘리퍼 좌 재제조,train
후 컨트롤암,test
후 콘트롤암-우,train
후 콘트롤암-좌,test
후 트렉로드,train
후 허브베어링,train
후 활대 고무,train
후 활대고무,train
후드 쇼바,train
후드 쇼바 우,train
후드 쇼바 좌,train
후드쇼바,test
후디스크,train
후방 와이퍼 240mm(H240),test
후방 와이퍼 250mm(A251H),train
후방 와이퍼 270mm(A282H),train
후방 와이퍼 280mm(A280H),train
후방 와이퍼 290mm(H840),train
후방 와이퍼 300mm(H301),train
후방 와이퍼 300mm(H306),train
후방 와이퍼 330mm(A332H),train
후방 와이퍼 330mm(A333H),train
후방 와이퍼 335mm(A330H),train
후방 와이퍼 340mm(H341),train
후방 와이퍼 350mm(H351),test
후방 와이퍼 350mm(H354),train
후방 와이퍼 360mm(A360H),train
후방 와이퍼 380mm(A380H),train
후방 와이퍼 380mm(H383H),test
후방 와이퍼 405mm(H406),train
후방 와이퍼 QM3 13.09.07~,train
후방 와이퍼 쏘렌토R 09~14,test
후방 와이퍼 쏘렌토R H281,test
후방 와이퍼 올뉴투싼(TL)15~,train
후방 와이퍼 코란도C/크루즈5,test
후방 와이퍼 투싼 04~09,train
후방 와이퍼 투싼 ix 09~15,train
후브레이크 호스,train
후쇼바,train
후쇼바 스프링,train
후쇼바 우,train
후쇼바 좌,train
후쇼바 좌우공용,train
후쇼바스프링,train
후우 허브베어링,train
후좌 캘리퍼,train
후캘리퍼 모터포함,train
후캘리퍼(우),train
후캘리퍼(좌),train
후패드,train
"후패드 DM,스팅어,G4스포츠",train
"후패드 EF소나타,XG 하드론 NF15",train
"후패드 EPB뉴K5,LF+R/S홀 하드론",train
"후패드 EPB올뉴투싼,올뉴스포티R",train
후패드 HG 3.0 하드론,train
후패드 QM5 하드론,train
후패드 SM5(신) 하드론(02.07),train
"후패드 SM7,SM5(신) 하드론",train
후패드 뉴 SM3 하드론,test
"후패드 뉴K5,LF+R/S홀 하드론",test
"후패드 뉴SM5,SM7(11년형)하드론",test
후패드 뉴그랜저3.5(신) 하드론,train
후패드 뉴카렌스(06년형)하드론,train
"후패드 라세티,칼로스 하드론",train
후패드 라세티06년형 하드론,train
후패드 라세티프리미어 하드론,test
후패드 마스터(MASTER)18~,test
후패드 매그너스 하드론,test
"후패드 모닝11년,코나 하드론",train
"후패드 무쏘,렉스턴 하드론",test
후패드 벨로스터 N (18.01~),train
후패드 벨로스터 하드론,train
후패드 싼타페 18년(EPB)(TM),train
후패드 싼타페 18년형(TM),train
후패드 쏘나타 N 라인 21~,train
후패드 쏘렌토 하드론,train
"후패드 아반떼 (CN7,MOC)20~",train
"후패드 아반떼AD,스토닉 하드론",test
"후패드 아반테MD,엑센트(11년형)",train
후패드 알페온 하드론,train
후패드 에쿠스3.5 하드론,train
후패드 올뉴 K7(16.03~) 하드론,train
"후패드 올뉴투싼,올뉴스포티지R",train
후패드 윈스톰 하드론,train
후패드 제네시스 쿠페(브렘보),test
"후패드 제네시스,모하비 하드론",train
후패드 콜로라도 21(D2370),test
후패드 크레도스 하드론,train
후패드 테라칸 하드론(생산중단),train
후패드 팰리세이드(LX3),test
후패드 하드론 콜로라도 21,train
후패드그랜드카니발 베라크루즈,train
"후패드스타렉스04년,뉴산타페06",train
후패드오피러스06년형 하드론,train
"후패드프라이드05,YF,i30하드론",train
후허브베어링,train
후활대 링크 우,train
후활대 부싱,train
후활대링크,train
후활대링크 좌,test
후활대부싱,train
휀,train
휀 센서(PWM) 에쿠스 3.3/3.8,test
휀 아이들 FORD,train
휀 텐셔너,train
휀 텐셔너 FORD,train
휀벨트 텐션 크루즈 디젤(12~15),train
휀아이들 BENZ,train
"휀아이들 HD,쏘울(가솔)(DJ-73)",train
휀아이들 제네시스 쿠페 2.0,train
휀아이들(골) HD.쏘울(디젤),test
"휀아이들(민) HD,쏘울(디젤)",train
"휀텐셔너 싼타페,NF,트라제",test
휀텐셔서 크루즈1.6/1.8 가솔린,test
휀텐션,train
"휀텐션 베어링 스파크,젠트라X",train
"휀텐션 쎄라토,쏘울(가솔린)",train
휠 너트,test
휠 베어링 킷트 앞,train
휠 볼트,train
휠 스피드 센서,test
휠 하우스 커버 전/우,train
휠 허브 베어링,train
휠너트,train
휠락세트,train
휠볼트,train
휠볼트 블랙,train
휠스피드센서 앞,train
휠실린더 더넥스트 스파크,train
휠실린더 올뉴마이티 전우 상/하,test
휠실린더 올뉴마이티 전좌 상/하,train
휠실린더 올뉴마이티 후우 상/하,train
휠실린더 올뉴마이티 후좌 상/하,train
휠실린더 전 우 뉴라이노,train
휠실린더 전 우 마이티,train
휠실린더 전 우 마이티2.5톤,train
휠실린더 전 우 마이티3.5톤,test
휠실린더 전 우 세레스(신),train
휠실린더 전 우상 EG5톤,train
휠실린더 전 우상 E마이티3.5톤,train
휠실린더 전 우상 오토,train
휠실린더 전 우상 트레이드,train
휠실린더 전 우상 현대5톤트럭,train
휠실린더 전 우하 EG5톤,train
휠실린더 전 우하 E마이티3.5톤,test
휠실린더 전 우하 오토,train
휠실린더 전 우하 트레이드,test
휠실린더 전 우하 현대5톤트럭,test
휠실린더 전 좌 뉴라이노,test
휠실린더 전 좌 라이노,train
휠실린더 전 좌 마이티,train
휠실린더 전 좌 마이티2.5톤,train
휠실린더 전 좌 마이티3.5톤,test
휠실린더 전 좌 세레스(구),train
휠실린더 전 좌 세레스(신),train
휠실린더 전 좌상 EG5톤,train
휠실린더 전 좌상 E마이티3.5톤,train
휠실린더 전 좌상 오토,train
휠실린더 전 좌상 트레이드,train
휠실린더 전 좌상 현대5톤트럭,train
휠실린더 전 좌하 EG5톤,train
휠실린더 전 좌하 E마이티3.5톤,train
휠실린더 전 좌하 오토,train
휠실린더 전 좌하 트레이드,train
휠실린더 전 좌하 현대5톤트럭,train
"휠실린더 좌 쏘나타II,III,엑셀",train
휠실린더 후 그랜드스타렉스,train
휠실린더 후 뉴엑센트(11년식),train
"휠실린더 후 우 EF,옵티마,XD",train
휠실린더 후 우 그레이스(AL),test
휠실린더 후 우 뉴포터(1.25톤),train
"휠실린더 후 우 다마스,라보",train
휠실린더 후 우 대우버스 레스타,train
휠실린더 후 우 리베로,train
"휠실린더 후 우 마이티 ,카운티",test
휠실린더 후 우 마이티2.5톤,train
"휠실린더 후 우 베르나,아토스",train
"휠실린더 후 우 베스타,토픽",train
휠실린더 후 우 봉고3 1/1.4톤,train
"휠실린더 후 우 스타렉스,갤로퍼",train
"휠실린더 후 우 싼타모,카스타",train
휠실린더 후 우 올뉴모닝(11~15),train
휠실린더 후 우 카니발2(신),train
휠실린더 후 우 타우너,train
휠실린더 후 우 티코,train
"휠실린더 후 우 포터,뉴포터",train
휠실린더 후 우 포터2(고상),train
휠실린더 후 우 포터2(저상),train
휠실린더 후 우 프레지오,train
휠실린더 후 우 프론티어(니뿔),train
휠실린더 후 우상 (오토),train
휠실린더 후 우상 EG5톤,train
휠실린더 후 우상 E마이티3.5톤,train
휠실린더 후 우상 뉴라이노,train
휠실린더 후 우상 라이노,train
휠실린더 후 우상 마이티2.5톤,test
휠실린더 후 우상 마이티3.5톤,train
휠실린더 후 우상 트레이드,test
휠실린더 후 우상 현대5톤트럭,train
휠실린더 후 우하 EG5톤,test
휠실린더 후 우하 E마이티3.5톤,train
휠실린더 후 우하 뉴라이노,train
휠실린더 후 우하 라이노,train
휠실린더 후 우하 마이티2.5톤,train
휠실린더 후 우하 마이티3.5톤,train
휠실린더 후 우하 오토,train
휠실린더 후 우하 트레이드,train
휠실린더 후 우하 현대5톤트럭,train
휠실린더 후 저상 마이티2.5톤,train
"휠실린더 후 좌 EF,옵티마,XD",train
휠실린더 후 좌 그레이스(AL),train
휠실린더 후 좌 그레이스(주철),train
휠실린더 후 좌 뉴포터(1.25톤),test
"휠실린더 후 좌 다마스,라보",train
휠실린더 후 좌 대우버스 레스타,train
휠실린더 후 좌 리베로,train
"휠실린더 후 좌 마이티 ,카운티",test
휠실린더 후 좌 마이티2.5톤,train
"휠실린더 후 좌 베르나,아토스",train
"휠실린더 후 좌 베스타,토픽",train
휠실린더 후 좌 봉고3 1/1.4톤,test
"휠실린더 후 좌 스타렉스,갤로퍼",train
"휠실린더 후 좌 싼타모,카스타",train
휠실린더 후 좌 올뉴모닝(11~15),train
휠실린더 후 좌 카니발2(신),test
휠실린더 후 좌 타우너,train
휠실린더 후 좌 트레이드,train
"휠실린더 후 좌 포터,뉴포터",train
휠실린더 후 좌 포터2(고상),test
휠실린더 후 좌 포터2(저상),test
휠실린더 후 좌 프레지오,train
휠실린더 후 좌 프론티어,train
"휠실린더 후 좌/우 쏘나타,엑셀",test
휠실린더 후 좌상 EG5톤 수동,test
휠실린더 후 좌상 E마이티3.5톤,train
휠실린더 후 좌상 뉴라이노,train
휠실린더 후 좌상 라이노,train
휠실린더 후 좌상 마이티2.5톤,test
휠실린더 후 좌상 마이티3.5톤,train
휠실린더 후 좌상 오토,test
휠실린더 후 좌상 프론티어2.5,train
휠실린더 후 좌상 현대5톤트럭,train
휠실린더 후 좌우 누비라,train
휠실린더 후 좌우 뉴프라이드,train
"휠실린더 후 좌우 라노스,르망",train
휠실린더 후 좌우 리오SF,train
휠실린더 후 좌우 마티즈,test
휠실린더 후 좌우 모닝(04~06),train
휠실린더 후 좌우 복사,train
휠실린더 후 좌우 세레스(구),train
휠실린더 후 좌우 스파크(10-12),train
휠실린더 후 좌우 스포티지(신),train
휠실린더 후 좌우 카니발(구),test
휠실린더 후 좌우 카렌스,train
휠실린더 후 좌우 포르테/쿱,test
휠실린더 후 좌우 프라이드,test
휠실린더 후 좌하 EG5톤 수동,train
휠실린더 후 좌하 E마이티3.5톤,test
휠실린더 후 좌하 뉴라이노,train
휠실린더 후 좌하 라이노,train
휠실린더 후 좌하 마이티2.5톤,train
휠실린더 후 좌하 마이티3.5톤,test
휠실린더 후 좌하 오토,train
휠실린더 후 좌하 현대5톤트럭,train
"휠실린더 후우카니발,싼타페(신)",train
"휠실린더 후좌카니발,싼타페(신)",train
휠하우징 커버,train
흡기 매니폴더 가스켓,train
흡기 매니폴더 가스켓 LH,train
흡기 매니폴더 가스켓 RH,train
흡기 매니폴드,train
흡기 메니폴더 가스켓,train
흡기 메니폴드,train
흡기 호스,train
흡기가스켓,train
흡기매니폴더 가스켓,train
흡기매니폴드 가스켓,train
흡기매니폴드 가스켓셋트,train
흡기메니폴드 가스켓,train
히터밸브,train
히터벨브,train
히터저항,train
히터호스,train
힌지 앞좌,train
